{"search_metadata": {"count": 100, "completed_in": 0.05, "max_id_str": "965008149345267712", "since_id_str": "0", "refresh_url": "?since_id=965008149345267712&q=icecube2", "since_id": 0, "query": "icecube2", "max_id": 965008149345267712}, "statuses": [{"contributors": null, "truncated": true, "text": "@esden I have good news and bad news.  The good news: it works!  The bad news: it doesn't currently work with icest\u2026 https://t.co/uu9lrUUkBV", "is_quote_status": false, "in_reply_to_status_id": 964993014455128064, "id": 965008149345267712, "favorite_count": 4, "retweeted": false, "coordinates": null, "source": "<a href=\"http://twitter.com\" rel=\"nofollow\">Twitter Web Client</a>", "in_reply_to_screen_name": "TinyFPGA", "in_reply_to_user_id": 915976368571027457, "retweet_count": 0, "id_str": "965008149345267712", "favorited": false, "user": {"follow_request_sent": false, "has_extended_profile": true, "profile_use_background_image": true, "default_profile_image": false, "id": 915976368571027457, "profile_background_image_url_https": null, "verified": false, "translator_type": "none", "profile_text_color": "333333", "profile_image_url_https": "https://pbs.twimg.com/profile_images/955217661255823360/UuopzrBw_normal.jpg", "profile_sidebar_fill_color": "DDEEF6", "entities": {"url": {"urls": [{"url": "https://t.co/4HGx6AsrEI", "indices": [0, 23], "expanded_url": "http://tinyfpga.com", "display_url": "tinyfpga.com"}]}, "description": {"urls": []}}, "followers_count": 764, "profile_sidebar_border_color": "C0DEED", "id_str": "915976368571027457", "profile_background_color": "F5F8FA", "listed_count": 11, "is_translation_enabled": false, "utc_offset": null, "statuses_count": 839, "description": "husband, father of two, hardware verification architect, TinyFPGA creator", "friends_count": 215, "location": "Sacramento, CA", "profile_link_color": "1DA1F2", "profile_image_url": "http://pbs.twimg.com/profile_images/955217661255823360/UuopzrBw_normal.jpg", "following": true, "geo_enabled": false, "profile_banner_url": "https://pbs.twimg.com/profile_banners/915976368571027457/1516576613", "profile_background_image_url": null, "screen_name": "TinyFPGA", "lang": "en", "profile_background_tile": false, "favourites_count": 732, "name": "Luke Valenty", "notifications": false, "url": "https://t.co/4HGx6AsrEI", "created_at": "Thu Oct 05 16:25:59 +0000 2017", "contributors_enabled": false, "time_zone": null, "protected": false, "default_profile": true, "is_translator": false}, "geo": null, "in_reply_to_user_id_str": "915976368571027457", "possibly_sensitive": false, "lang": "en", "created_at": "Sat Feb 17 23:40:46 +0000 2018", "in_reply_to_status_id_str": "964993014455128064", "place": null, "metadata": {"iso_language_code": "en", "result_type": "recent"}}, {"contributors": null, "truncated": false, "text": "Already up, still not programmed. Testing with both iCECube2 and Yosys/iceStorm https://t.co/DLGveSfknT", "is_quote_status": false, "in_reply_to_status_id": 961595572158377984, "id": 961596155695173632, "favorite_count": 3, "retweeted": false, "coordinates": null, "source": "<a href=\"http://twitter.com/download/android\" rel=\"nofollow\">Twitter for Android</a>", "in_reply_to_screen_name": "mvigliar", "in_reply_to_user_id": 630024602, "retweet_count": 0, "id_str": "961596155695173632", "favorited": false, "user": {"follow_request_sent": false, "has_extended_profile": false, "profile_use_background_image": true, "default_profile_image": false, "id": 630024602, "profile_background_image_url_https": "https://abs.twimg.com/images/themes/theme1/bg.png", "verified": false, "translator_type": "none", "profile_text_color": "333333", "profile_image_url_https": "https://pbs.twimg.com/profile_images/2378326735/mario_img_normal.jpg", "profile_sidebar_fill_color": "DDEEF6", "entities": {"description": {"urls": []}}, "followers_count": 183, "profile_sidebar_border_color": "C0DEED", "id_str": "630024602", "profile_background_color": "C0DEED", "listed_count": 9, "is_translation_enabled": false, "utc_offset": null, "statuses_count": 633, "description": "Artificial vision addicted, migrating from a SW education to the dark side of HW. Twisted, perverted, crippled (cit.)", "friends_count": 515, "location": "", "profile_link_color": "1DA1F2", "profile_image_url": "http://pbs.twimg.com/profile_images/2378326735/mario_img_normal.jpg", "following": false, "geo_enabled": true, "profile_banner_url": "https://pbs.twimg.com/profile_banners/630024602/1517155143", "profile_background_image_url": "http://abs.twimg.com/images/themes/theme1/bg.png", "screen_name": "mvigliar", "lang": "it", "profile_background_tile": false, "favourites_count": 421, "name": "Mario Vigliar", "notifications": false, "url": null, "created_at": "Sun Jul 08 08:17:41 +0000 2012", "contributors_enabled": false, "time_zone": null, "protected": false, "default_profile": true, "is_translator": false}, "geo": null, "in_reply_to_user_id_str": "630024602", "possibly_sensitive": false, "lang": "en", "created_at": "Thu Feb 08 13:42:43 +0000 2018", "in_reply_to_status_id_str": "961595572158377984", "place": null, "metadata": {"iso_language_code": "en", "result_type": "recent"}}]}