{"search_metadata": {"count": 100, "completed_in": 0.065, "max_id_str": "964828856187277313", "since_id_str": "0", "refresh_url": "?since_id=964828856187277313&q=iceZero", "since_id": 0, "query": "iceZero", "max_id": 964828856187277313}, "statuses": [{"contributors": null, "truncated": true, "text": "@JeffdotLayton awesome! I got a pizero with an icezero fpga, would need this with a bit added space between the boa\u2026 https://t.co/6omKska1r5", "is_quote_status": false, "in_reply_to_status_id": 964607900521033728, "id": 964828856187277313, "favorite_count": 1, "retweeted": false, "coordinates": null, "source": "<a href=\"http://twitter.com/download/iphone\" rel=\"nofollow\">Twitter for iPhone</a>", "in_reply_to_screen_name": "JeffdotLayton", "in_reply_to_user_id": 2910079326, "retweet_count": 0, "id_str": "964828856187277313", "favorited": false, "user": {"follow_request_sent": false, "has_extended_profile": false, "profile_use_background_image": true, "default_profile_image": false, "id": 66642602, "profile_background_image_url_https": "https://pbs.twimg.com/profile_background_images/30153056/rdwrt-banner.png", "verified": false, "translator_type": "none", "profile_text_color": "666666", "profile_image_url_https": "https://pbs.twimg.com/profile_images/368138662/rdwrt-square_normal.png", "profile_sidebar_fill_color": "252429", "entities": {"url": {"urls": [{"url": "https://t.co/NW7PP1k8L8", "indices": [0, 23], "expanded_url": "http://rdwrt.io", "display_url": "rdwrt.io"}]}, "description": {"urls": []}}, "followers_count": 275, "profile_sidebar_border_color": "181A1E", "id_str": "66642602", "profile_background_color": "1A1B1F", "listed_count": 11, "is_translation_enabled": false, "utc_offset": -10800, "statuses_count": 6159, "description": "\ud83c\udf31\ud83d\udd2c\u2795\ud83e\udd13\u2328\ufe0f\ud83d\udda5\ud83d\udd1c\ud83c\udf55\ud83c\udf2e\ud83e\udd59\ud83e\udd57 -- scalable compute workflows 4 life -- opinions are solely my own, and often not even that", "friends_count": 658, "location": "The Netherlands", "profile_link_color": "555555", "profile_image_url": "http://pbs.twimg.com/profile_images/368138662/rdwrt-square_normal.png", "following": false, "geo_enabled": false, "profile_banner_url": "https://pbs.twimg.com/profile_banners/66642602/1516355112", "profile_background_image_url": "http://pbs.twimg.com/profile_background_images/30153056/rdwrt-banner.png", "screen_name": "rdwrt", "lang": "en", "profile_background_tile": false, "favourites_count": 11192, "name": "rdwrtPimSchravendijk", "notifications": false, "url": "https://t.co/NW7PP1k8L8", "created_at": "Tue Aug 18 09:50:44 +0000 2009", "contributors_enabled": false, "time_zone": "Greenland", "protected": false, "default_profile": false, "is_translator": false}, "geo": null, "in_reply_to_user_id_str": "2910079326", "lang": "en", "created_at": "Sat Feb 17 11:48:19 +0000 2018", "in_reply_to_status_id_str": "964607900521033728", "place": null, "metadata": {"iso_language_code": "en", "result_type": "recent"}}, {"contributors": null, "truncated": false, "text": "@icezero_amber \u8179\u3044\u305b\u306b\u72e9\u3089\u308c\u308b\u30ec\u30ae\u30a4", "is_quote_status": false, "in_reply_to_status_id": 964388385061130241, "id": 964400208468590592, "favorite_count": 0, "retweeted": false, "coordinates": null, "source": "<a href=\"http://twitter.com/download/android\" rel=\"nofollow\">Twitter for Android</a>", "in_reply_to_screen_name": "icezero_amber", "in_reply_to_user_id": 319426003, "retweet_count": 0, "id_str": "964400208468590592", "favorited": false, "user": {"follow_request_sent": false, "has_extended_profile": true, "profile_use_background_image": true, "default_profile_image": false, "id": 1434589963, "profile_background_image_url_https": "https://abs.twimg.com/images/themes/theme10/bg.gif", "verified": false, "translator_type": "none", "profile_text_color": "000000", "profile_image_url_https": "https://pbs.twimg.com/profile_images/952839141779107841/YbHEemCC_normal.jpg", "profile_sidebar_fill_color": "000000", "entities": {"url": {"urls": [{"url": "https://t.co/ADYeWOxdUC", "indices": [0, 23], "expanded_url": "http://instagram.com/hamatatsu___12", "display_url": "instagram.com/hamatatsu___12"}]}, "description": {"urls": []}}, "followers_count": 693, "profile_sidebar_border_color": "000000", "id_str": "1434589963", "profile_background_color": "642D8B", "listed_count": 12, "is_translation_enabled": false, "utc_offset": -28800, "statuses_count": 76598, "description": "\u8150\u3063\u3066\u308b\u306e\u5927\u597d\u304d\u306a\u7537\u306e\u5b50\u3060\u3088\u9ed2\u30d0\u30b9\u3068\u304bFree!\u3068\u304b\u30e9\u30d6\u30e9\u30a4\u30d6\uff01\u597d\u304d\u3060\u306d\uff01\uff01\u4f55\u3088\u308a\uff11\u756a\u5927\u597d\u304d\u306a\u306e\u306fMSSP\u306e\u307f\u306a\u3055\u3093\u3067\u3059\uff01\u3042\u3068\uff01\u771f\u59eb\u3061\u3083\u3093\u5927\u597d\u304d\uff01\u6c96\u7e04\u3067\u521d\u5fc3\u8005\u30ec\u30a4\u30e4\u30fc\u3084\u3063\u3066\u307e\u3059\u3001\u4ed5\u4e8b\u3067\u6771\u4eac\u306b\u6765\u3066\u307e\u3059", "friends_count": 881, "location": "\u6c96\u7e04\u2192\u6771\u4eac", "profile_link_color": "642D8B", "profile_image_url": "http://pbs.twimg.com/profile_images/952839141779107841/YbHEemCC_normal.jpg", "following": false, "geo_enabled": true, "profile_banner_url": "https://pbs.twimg.com/profile_banners/1434589963/1491696799", "profile_background_image_url": "http://abs.twimg.com/images/themes/theme10/bg.gif", "screen_name": "rinchan___12", "lang": "ja", "profile_background_tile": true, "favourites_count": 5410, "name": "P\u3010\u30ea\u30f3\u3011@\uff7e\uff6f\uff79\uff9d\uff7e\uff9d\uff7b\uff9e\uff72", "notifications": false, "url": "https://t.co/ADYeWOxdUC", "created_at": "Fri May 17 03:05:16 +0000 2013", "contributors_enabled": false, "time_zone": "Pacific Time (US & Canada)", "protected": false, "default_profile": false, "is_translator": false}, "geo": null, "in_reply_to_user_id_str": "319426003", "lang": "ja", "created_at": "Fri Feb 16 07:25:02 +0000 2018", "in_reply_to_status_id_str": "964388385061130241", "place": null, "metadata": {"iso_language_code": "ja", "result_type": "recent"}}, {"contributors": null, "truncated": false, "text": "@icezero_amber \u30ac\u30ed\u30f3\u65e9\u3044\u3057\u5f37\u3044\u304b\u3089\u306a\u301c\u3001\u7634\u6c17\u306e\u8c37\u306e\u30e2\u30f3\u30b9\u30bf\u30fc\u306b\u3057\u305f\u3084\u3064\u51fa\u3066\u3053\u3044\uff01\u3063\u3066\u611f\u3058\u3067\uff01", "is_quote_status": false, "in_reply_to_status_id": 964378870160900096, "id": 964387295758508032, "favorite_count": 0, "retweeted": false, "coordinates": null, "source": "<a href=\"http://twitter.com/download/android\" rel=\"nofollow\">Twitter for Android</a>", "in_reply_to_screen_name": "icezero_amber", "in_reply_to_user_id": 319426003, "retweet_count": 0, "id_str": "964387295758508032", "favorited": false, "user": {"follow_request_sent": false, "has_extended_profile": true, "profile_use_background_image": true, "default_profile_image": false, "id": 1434589963, "profile_background_image_url_https": "https://abs.twimg.com/images/themes/theme10/bg.gif", "verified": false, "translator_type": "none", "profile_text_color": "000000", "profile_image_url_https": "https://pbs.twimg.com/profile_images/952839141779107841/YbHEemCC_normal.jpg", "profile_sidebar_fill_color": "000000", "entities": {"url": {"urls": [{"url": "https://t.co/ADYeWOxdUC", "indices": [0, 23], "expanded_url": "http://instagram.com/hamatatsu___12", "display_url": "instagram.com/hamatatsu___12"}]}, "description": {"urls": []}}, "followers_count": 693, "profile_sidebar_border_color": "000000", "id_str": "1434589963", "profile_background_color": "642D8B", "listed_count": 12, "is_translation_enabled": false, "utc_offset": -28800, "statuses_count": 76598, "description": "\u8150\u3063\u3066\u308b\u306e\u5927\u597d\u304d\u306a\u7537\u306e\u5b50\u3060\u3088\u9ed2\u30d0\u30b9\u3068\u304bFree!\u3068\u304b\u30e9\u30d6\u30e9\u30a4\u30d6\uff01\u597d\u304d\u3060\u306d\uff01\uff01\u4f55\u3088\u308a\uff11\u756a\u5927\u597d\u304d\u306a\u306e\u306fMSSP\u306e\u307f\u306a\u3055\u3093\u3067\u3059\uff01\u3042\u3068\uff01\u771f\u59eb\u3061\u3083\u3093\u5927\u597d\u304d\uff01\u6c96\u7e04\u3067\u521d\u5fc3\u8005\u30ec\u30a4\u30e4\u30fc\u3084\u3063\u3066\u307e\u3059\u3001\u4ed5\u4e8b\u3067\u6771\u4eac\u306b\u6765\u3066\u307e\u3059", "friends_count": 881, "location": "\u6c96\u7e04\u2192\u6771\u4eac", "profile_link_color": "642D8B", "profile_image_url": "http://pbs.twimg.com/profile_images/952839141779107841/YbHEemCC_normal.jpg", "following": false, "geo_enabled": true, "profile_banner_url": "https://pbs.twimg.com/profile_banners/1434589963/1491696799", "profile_background_image_url": "http://abs.twimg.com/images/themes/theme10/bg.gif", "screen_name": "rinchan___12", "lang": "ja", "profile_background_tile": true, "favourites_count": 5410, "name": "P\u3010\u30ea\u30f3\u3011@\uff7e\uff6f\uff79\uff9d\uff7e\uff9d\uff7b\uff9e\uff72", "notifications": false, "url": "https://t.co/ADYeWOxdUC", "created_at": "Fri May 17 03:05:16 +0000 2013", "contributors_enabled": false, "time_zone": "Pacific Time (US & Canada)", "protected": false, "default_profile": false, "is_translator": false}, "geo": null, "in_reply_to_user_id_str": "319426003", "lang": "ja", "created_at": "Fri Feb 16 06:33:43 +0000 2018", "in_reply_to_status_id_str": "964378870160900096", "place": null, "metadata": {"iso_language_code": "ja", "result_type": "recent"}}, {"contributors": null, "truncated": false, "text": "@icezero_amber \u7634\u6c17\u3046\u3056\u3059\u304e\u308b\u3088\u306a\u30fc\uff01\u6697\u304f\u3066\u30d5\u30a3\u30fc\u30eb\u30c9\u308f\u304b\u308a\u306b\u304f\u3044\u3057", "is_quote_status": false, "in_reply_to_status_id": 964337253894971392, "id": 964371949647421441, "favorite_count": 0, "retweeted": false, "coordinates": null, "source": "<a href=\"http://twitter.com/download/android\" rel=\"nofollow\">Twitter for Android</a>", "in_reply_to_screen_name": "icezero_amber", "in_reply_to_user_id": 319426003, "retweet_count": 0, "id_str": "964371949647421441", "favorited": false, "user": {"follow_request_sent": false, "has_extended_profile": true, "profile_use_background_image": true, "default_profile_image": false, "id": 1434589963, "profile_background_image_url_https": "https://abs.twimg.com/images/themes/theme10/bg.gif", "verified": false, "translator_type": "none", "profile_text_color": "000000", "profile_image_url_https": "https://pbs.twimg.com/profile_images/952839141779107841/YbHEemCC_normal.jpg", "profile_sidebar_fill_color": "000000", "entities": {"url": {"urls": [{"url": "https://t.co/ADYeWOxdUC", "indices": [0, 23], "expanded_url": "http://instagram.com/hamatatsu___12", "display_url": "instagram.com/hamatatsu___12"}]}, "description": {"urls": []}}, "followers_count": 693, "profile_sidebar_border_color": "000000", "id_str": "1434589963", "profile_background_color": "642D8B", "listed_count": 12, "is_translation_enabled": false, "utc_offset": -28800, "statuses_count": 76598, "description": "\u8150\u3063\u3066\u308b\u306e\u5927\u597d\u304d\u306a\u7537\u306e\u5b50\u3060\u3088\u9ed2\u30d0\u30b9\u3068\u304bFree!\u3068\u304b\u30e9\u30d6\u30e9\u30a4\u30d6\uff01\u597d\u304d\u3060\u306d\uff01\uff01\u4f55\u3088\u308a\uff11\u756a\u5927\u597d\u304d\u306a\u306e\u306fMSSP\u306e\u307f\u306a\u3055\u3093\u3067\u3059\uff01\u3042\u3068\uff01\u771f\u59eb\u3061\u3083\u3093\u5927\u597d\u304d\uff01\u6c96\u7e04\u3067\u521d\u5fc3\u8005\u30ec\u30a4\u30e4\u30fc\u3084\u3063\u3066\u307e\u3059\u3001\u4ed5\u4e8b\u3067\u6771\u4eac\u306b\u6765\u3066\u307e\u3059", "friends_count": 881, "location": "\u6c96\u7e04\u2192\u6771\u4eac", "profile_link_color": "642D8B", "profile_image_url": "http://pbs.twimg.com/profile_images/952839141779107841/YbHEemCC_normal.jpg", "following": false, "geo_enabled": true, "profile_banner_url": "https://pbs.twimg.com/profile_banners/1434589963/1491696799", "profile_background_image_url": "http://abs.twimg.com/images/themes/theme10/bg.gif", "screen_name": "rinchan___12", "lang": "ja", "profile_background_tile": true, "favourites_count": 5410, "name": "P\u3010\u30ea\u30f3\u3011@\uff7e\uff6f\uff79\uff9d\uff7e\uff9d\uff7b\uff9e\uff72", "notifications": false, "url": "https://t.co/ADYeWOxdUC", "created_at": "Fri May 17 03:05:16 +0000 2013", "contributors_enabled": false, "time_zone": "Pacific Time (US & Canada)", "protected": false, "default_profile": false, "is_translator": false}, "geo": null, "in_reply_to_user_id_str": "319426003", "lang": "ja", "created_at": "Fri Feb 16 05:32:44 +0000 2018", "in_reply_to_status_id_str": "964337253894971392", "place": null, "metadata": {"iso_language_code": "ja", "result_type": "recent"}}, {"contributors": null, "truncated": false, "text": "@icezero_amber \u30db\u30aa\u30d0\u30eb\u3092\u982c\u5f35\u308bwwwwwwwww", "is_quote_status": false, "in_reply_to_status_id": 961929706198122496, "id": 961936500106522624, "favorite_count": 0, "retweeted": false, "coordinates": null, "source": "<a href=\"http://twitter.com/download/iphone\" rel=\"nofollow\">Twitter for iPhone</a>", "in_reply_to_screen_name": "icezero_amber", "in_reply_to_user_id": 319426003, "retweet_count": 0, "id_str": "961936500106522624", "favorited": false, "user": {"follow_request_sent": false, "has_extended_profile": true, "profile_use_background_image": true, "default_profile_image": false, "id": 2485802180, "profile_background_image_url_https": "https://abs.twimg.com/images/themes/theme9/bg.gif", "verified": false, "translator_type": "none", "profile_text_color": "666666", "profile_image_url_https": "https://pbs.twimg.com/profile_images/962038732298772483/e3cblnTa_normal.jpg", "profile_sidebar_fill_color": "252429", "entities": {"description": {"urls": []}}, "followers_count": 37649, "profile_sidebar_border_color": "181A1E", "id_str": "2485802180", "profile_background_color": "1A1B1F", "listed_count": 155, "is_translation_enabled": false, "utc_offset": 28800, "statuses_count": 36868, "description": "\u50d5\u3060\u3051\u3092\u898b\u3066\u3001\u50d5\u3060\u3051\u3092\u611b\u3057\u3066", "friends_count": 2321, "location": "\u7f8e\u3057\u304d\u6b8b\u9177\u306a\u4e16\u754c", "profile_link_color": "2FC2EF", "profile_image_url": "http://pbs.twimg.com/profile_images/962038732298772483/e3cblnTa_normal.jpg", "following": false, "geo_enabled": false, "profile_banner_url": "https://pbs.twimg.com/profile_banners/2485802180/1497107923", "profile_background_image_url": "http://abs.twimg.com/images/themes/theme9/bg.gif", "screen_name": "z__aq", "lang": "ja", "profile_background_tile": false, "favourites_count": 67494, "name": "\u3056\u3063\u304f", "notifications": false, "url": null, "created_at": "Fri May 09 19:55:38 +0000 2014", "contributors_enabled": false, "time_zone": "Irkutsk", "protected": false, "default_profile": false, "is_translator": false}, "geo": null, "in_reply_to_user_id_str": "319426003", "lang": "ja", "created_at": "Fri Feb 09 12:15:08 +0000 2018", "in_reply_to_status_id_str": "961929706198122496", "place": null, "metadata": {"iso_language_code": "ja", "result_type": "recent"}}, {"contributors": null, "truncated": false, "text": "@icezero_amber \u305d\u3093\u306a\u3042\u3042\u3042\u3042\u3042\u3042\u3042\u3042\u3042\u3042\u2026", "is_quote_status": false, "in_reply_to_status_id": 961648651213795328, "id": 961648879094571008, "favorite_count": 0, "retweeted": false, "coordinates": null, "source": "<a href=\"http://twitter.com/download/iphone\" rel=\"nofollow\">Twitter for iPhone</a>", "in_reply_to_screen_name": "icezero_amber", "in_reply_to_user_id": 319426003, "retweet_count": 0, "id_str": "961648879094571008", "favorited": false, "user": {"follow_request_sent": false, "has_extended_profile": true, "profile_use_background_image": true, "default_profile_image": false, "id": 2485802180, "profile_background_image_url_https": "https://abs.twimg.com/images/themes/theme9/bg.gif", "verified": false, "translator_type": "none", "profile_text_color": "666666", "profile_image_url_https": "https://pbs.twimg.com/profile_images/962038732298772483/e3cblnTa_normal.jpg", "profile_sidebar_fill_color": "252429", "entities": {"description": {"urls": []}}, "followers_count": 37649, "profile_sidebar_border_color": "181A1E", "id_str": "2485802180", "profile_background_color": "1A1B1F", "listed_count": 155, "is_translation_enabled": false, "utc_offset": 28800, "statuses_count": 36868, "description": "\u50d5\u3060\u3051\u3092\u898b\u3066\u3001\u50d5\u3060\u3051\u3092\u611b\u3057\u3066", "friends_count": 2321, "location": "\u7f8e\u3057\u304d\u6b8b\u9177\u306a\u4e16\u754c", "profile_link_color": "2FC2EF", "profile_image_url": "http://pbs.twimg.com/profile_images/962038732298772483/e3cblnTa_normal.jpg", "following": false, "geo_enabled": false, "profile_banner_url": "https://pbs.twimg.com/profile_banners/2485802180/1497107923", "profile_background_image_url": "http://abs.twimg.com/images/themes/theme9/bg.gif", "screen_name": "z__aq", "lang": "ja", "profile_background_tile": false, "favourites_count": 67494, "name": "\u3056\u3063\u304f", "notifications": false, "url": null, "created_at": "Fri May 09 19:55:38 +0000 2014", "contributors_enabled": false, "time_zone": "Irkutsk", "protected": false, "default_profile": false, "is_translator": false}, "geo": null, "in_reply_to_user_id_str": "319426003", "lang": "ja", "created_at": "Thu Feb 08 17:12:14 +0000 2018", "in_reply_to_status_id_str": "961648651213795328", "place": null, "metadata": {"iso_language_code": "ja", "result_type": "recent"}}, {"contributors": null, "truncated": false, "text": "@icezero_amber \u3048\u3047\u2026\n\u9854\u306f\u898b\u305f\u3053\u3068\u306a\u3044\u304b\u3089\u308f\u304b\u3089\u3093\u306a\u2026", "is_quote_status": false, "in_reply_to_status_id": 961647764730884096, "id": 961648242348867584, "favorite_count": 0, "retweeted": false, "coordinates": null, "source": "<a href=\"http://twitter.com/download/iphone\" rel=\"nofollow\">Twitter for iPhone</a>", "in_reply_to_screen_name": "icezero_amber", "in_reply_to_user_id": 319426003, "retweet_count": 0, "id_str": "961648242348867584", "favorited": false, "user": {"follow_request_sent": false, "has_extended_profile": true, "profile_use_background_image": true, "default_profile_image": false, "id": 2485802180, "profile_background_image_url_https": "https://abs.twimg.com/images/themes/theme9/bg.gif", "verified": false, "translator_type": "none", "profile_text_color": "666666", "profile_image_url_https": "https://pbs.twimg.com/profile_images/962038732298772483/e3cblnTa_normal.jpg", "profile_sidebar_fill_color": "252429", "entities": {"description": {"urls": []}}, "followers_count": 37649, "profile_sidebar_border_color": "181A1E", "id_str": "2485802180", "profile_background_color": "1A1B1F", "listed_count": 155, "is_translation_enabled": false, "utc_offset": 28800, "statuses_count": 36868, "description": "\u50d5\u3060\u3051\u3092\u898b\u3066\u3001\u50d5\u3060\u3051\u3092\u611b\u3057\u3066", "friends_count": 2321, "location": "\u7f8e\u3057\u304d\u6b8b\u9177\u306a\u4e16\u754c", "profile_link_color": "2FC2EF", "profile_image_url": "http://pbs.twimg.com/profile_images/962038732298772483/e3cblnTa_normal.jpg", "following": false, "geo_enabled": false, "profile_banner_url": "https://pbs.twimg.com/profile_banners/2485802180/1497107923", "profile_background_image_url": "http://abs.twimg.com/images/themes/theme9/bg.gif", "screen_name": "z__aq", "lang": "ja", "profile_background_tile": false, "favourites_count": 67494, "name": "\u3056\u3063\u304f", "notifications": false, "url": null, "created_at": "Fri May 09 19:55:38 +0000 2014", "contributors_enabled": false, "time_zone": "Irkutsk", "protected": false, "default_profile": false, "is_translator": false}, "geo": null, "in_reply_to_user_id_str": "319426003", "lang": "ja", "created_at": "Thu Feb 08 17:09:42 +0000 2018", "in_reply_to_status_id_str": "961647764730884096", "place": null, "metadata": {"iso_language_code": "ja", "result_type": "recent"}}, {"contributors": null, "truncated": false, "text": "@icezero_amber \u773c\u93e1\u3063\u5a18\u2026", "is_quote_status": false, "in_reply_to_status_id": 961616799073648642, "id": 961647499353075713, "favorite_count": 0, "retweeted": false, "coordinates": null, "source": "<a href=\"http://twitter.com/download/iphone\" rel=\"nofollow\">Twitter for iPhone</a>", "in_reply_to_screen_name": "icezero_amber", "in_reply_to_user_id": 319426003, "retweet_count": 0, "id_str": "961647499353075713", "favorited": false, "user": {"follow_request_sent": false, "has_extended_profile": true, "profile_use_background_image": true, "default_profile_image": false, "id": 2485802180, "profile_background_image_url_https": "https://abs.twimg.com/images/themes/theme9/bg.gif", "verified": false, "translator_type": "none", "profile_text_color": "666666", "profile_image_url_https": "https://pbs.twimg.com/profile_images/962038732298772483/e3cblnTa_normal.jpg", "profile_sidebar_fill_color": "252429", "entities": {"description": {"urls": []}}, "followers_count": 37649, "profile_sidebar_border_color": "181A1E", "id_str": "2485802180", "profile_background_color": "1A1B1F", "listed_count": 155, "is_translation_enabled": false, "utc_offset": 28800, "statuses_count": 36868, "description": "\u50d5\u3060\u3051\u3092\u898b\u3066\u3001\u50d5\u3060\u3051\u3092\u611b\u3057\u3066", "friends_count": 2321, "location": "\u7f8e\u3057\u304d\u6b8b\u9177\u306a\u4e16\u754c", "profile_link_color": "2FC2EF", "profile_image_url": "http://pbs.twimg.com/profile_images/962038732298772483/e3cblnTa_normal.jpg", "following": false, "geo_enabled": false, "profile_banner_url": "https://pbs.twimg.com/profile_banners/2485802180/1497107923", "profile_background_image_url": "http://abs.twimg.com/images/themes/theme9/bg.gif", "screen_name": "z__aq", "lang": "ja", "profile_background_tile": false, "favourites_count": 67494, "name": "\u3056\u3063\u304f", "notifications": false, "url": null, "created_at": "Fri May 09 19:55:38 +0000 2014", "contributors_enabled": false, "time_zone": "Irkutsk", "protected": false, "default_profile": false, "is_translator": false}, "geo": null, "in_reply_to_user_id_str": "319426003", "lang": "ja", "created_at": "Thu Feb 08 17:06:45 +0000 2018", "in_reply_to_status_id_str": "961616799073648642", "place": null, "metadata": {"iso_language_code": "ja", "result_type": "recent"}}, {"contributors": null, "truncated": false, "text": "@icezero_amber \u305d\u3046\u304b\u306a\u30fc\uff1f\u5e83\u3081\u3064\u3082\u308a\u3060\u304b\u3089\u3001\u307b\u304b\u306e\u4eba\u304b\u3089\u3057\u305f\u3089\u666e\u901a\u3050\u3089\u3044\u304b\u3082\u3088\u30fc\uff1f", "is_quote_status": false, "in_reply_to_status_id": 961624252871974912, "id": 961627731636056064, "favorite_count": 0, "retweeted": false, "coordinates": null, "source": "<a href=\"http://twitter.com/download/android\" rel=\"nofollow\">Twitter for Android</a>", "in_reply_to_screen_name": "icezero_amber", "in_reply_to_user_id": 319426003, "retweet_count": 0, "id_str": "961627731636056064", "favorited": false, "user": {"follow_request_sent": false, "has_extended_profile": true, "profile_use_background_image": true, "default_profile_image": false, "id": 1434589963, "profile_background_image_url_https": "https://abs.twimg.com/images/themes/theme10/bg.gif", "verified": false, "translator_type": "none", "profile_text_color": "000000", "profile_image_url_https": "https://pbs.twimg.com/profile_images/952839141779107841/YbHEemCC_normal.jpg", "profile_sidebar_fill_color": "000000", "entities": {"url": {"urls": [{"url": "https://t.co/ADYeWOxdUC", "indices": [0, 23], "expanded_url": "http://instagram.com/hamatatsu___12", "display_url": "instagram.com/hamatatsu___12"}]}, "description": {"urls": []}}, "followers_count": 693, "profile_sidebar_border_color": "000000", "id_str": "1434589963", "profile_background_color": "642D8B", "listed_count": 12, "is_translation_enabled": false, "utc_offset": -28800, "statuses_count": 76598, "description": "\u8150\u3063\u3066\u308b\u306e\u5927\u597d\u304d\u306a\u7537\u306e\u5b50\u3060\u3088\u9ed2\u30d0\u30b9\u3068\u304bFree!\u3068\u304b\u30e9\u30d6\u30e9\u30a4\u30d6\uff01\u597d\u304d\u3060\u306d\uff01\uff01\u4f55\u3088\u308a\uff11\u756a\u5927\u597d\u304d\u306a\u306e\u306fMSSP\u306e\u307f\u306a\u3055\u3093\u3067\u3059\uff01\u3042\u3068\uff01\u771f\u59eb\u3061\u3083\u3093\u5927\u597d\u304d\uff01\u6c96\u7e04\u3067\u521d\u5fc3\u8005\u30ec\u30a4\u30e4\u30fc\u3084\u3063\u3066\u307e\u3059\u3001\u4ed5\u4e8b\u3067\u6771\u4eac\u306b\u6765\u3066\u307e\u3059", "friends_count": 881, "location": "\u6c96\u7e04\u2192\u6771\u4eac", "profile_link_color": "642D8B", "profile_image_url": "http://pbs.twimg.com/profile_images/952839141779107841/YbHEemCC_normal.jpg", "following": false, "geo_enabled": true, "profile_banner_url": "https://pbs.twimg.com/profile_banners/1434589963/1491696799", "profile_background_image_url": "http://abs.twimg.com/images/themes/theme10/bg.gif", "screen_name": "rinchan___12", "lang": "ja", "profile_background_tile": true, "favourites_count": 5410, "name": "P\u3010\u30ea\u30f3\u3011@\uff7e\uff6f\uff79\uff9d\uff7e\uff9d\uff7b\uff9e\uff72", "notifications": false, "url": "https://t.co/ADYeWOxdUC", "created_at": "Fri May 17 03:05:16 +0000 2013", "contributors_enabled": false, "time_zone": "Pacific Time (US & Canada)", "protected": false, "default_profile": false, "is_translator": false}, "geo": null, "in_reply_to_user_id_str": "319426003", "lang": "ja", "created_at": "Thu Feb 08 15:48:12 +0000 2018", "in_reply_to_status_id_str": "961624252871974912", "place": null, "metadata": {"iso_language_code": "ja", "result_type": "recent"}}, {"contributors": null, "truncated": false, "text": "@icezero_amber \u3069\u3046\u3057\u3066\u3059\u3054\u3044\u306b\u306a\u3063\u305f", "is_quote_status": false, "in_reply_to_status_id": 961623771651059712, "id": 961623955495727104, "favorite_count": 0, "retweeted": false, "coordinates": null, "source": "<a href=\"http://twitter.com/download/android\" rel=\"nofollow\">Twitter for Android</a>", "in_reply_to_screen_name": "icezero_amber", "in_reply_to_user_id": 319426003, "retweet_count": 0, "id_str": "961623955495727104", "favorited": false, "user": {"follow_request_sent": false, "has_extended_profile": true, "profile_use_background_image": true, "default_profile_image": false, "id": 1434589963, "profile_background_image_url_https": "https://abs.twimg.com/images/themes/theme10/bg.gif", "verified": false, "translator_type": "none", "profile_text_color": "000000", "profile_image_url_https": "https://pbs.twimg.com/profile_images/952839141779107841/YbHEemCC_normal.jpg", "profile_sidebar_fill_color": "000000", "entities": {"url": {"urls": [{"url": "https://t.co/ADYeWOxdUC", "indices": [0, 23], "expanded_url": "http://instagram.com/hamatatsu___12", "display_url": "instagram.com/hamatatsu___12"}]}, "description": {"urls": []}}, "followers_count": 693, "profile_sidebar_border_color": "000000", "id_str": "1434589963", "profile_background_color": "642D8B", "listed_count": 12, "is_translation_enabled": false, "utc_offset": -28800, "statuses_count": 76598, "description": "\u8150\u3063\u3066\u308b\u306e\u5927\u597d\u304d\u306a\u7537\u306e\u5b50\u3060\u3088\u9ed2\u30d0\u30b9\u3068\u304bFree!\u3068\u304b\u30e9\u30d6\u30e9\u30a4\u30d6\uff01\u597d\u304d\u3060\u306d\uff01\uff01\u4f55\u3088\u308a\uff11\u756a\u5927\u597d\u304d\u306a\u306e\u306fMSSP\u306e\u307f\u306a\u3055\u3093\u3067\u3059\uff01\u3042\u3068\uff01\u771f\u59eb\u3061\u3083\u3093\u5927\u597d\u304d\uff01\u6c96\u7e04\u3067\u521d\u5fc3\u8005\u30ec\u30a4\u30e4\u30fc\u3084\u3063\u3066\u307e\u3059\u3001\u4ed5\u4e8b\u3067\u6771\u4eac\u306b\u6765\u3066\u307e\u3059", "friends_count": 881, "location": "\u6c96\u7e04\u2192\u6771\u4eac", "profile_link_color": "642D8B", "profile_image_url": "http://pbs.twimg.com/profile_images/952839141779107841/YbHEemCC_normal.jpg", "following": false, "geo_enabled": true, "profile_banner_url": "https://pbs.twimg.com/profile_banners/1434589963/1491696799", "profile_background_image_url": "http://abs.twimg.com/images/themes/theme10/bg.gif", "screen_name": "rinchan___12", "lang": "ja", "profile_background_tile": true, "favourites_count": 5410, "name": "P\u3010\u30ea\u30f3\u3011@\uff7e\uff6f\uff79\uff9d\uff7e\uff9d\uff7b\uff9e\uff72", "notifications": false, "url": "https://t.co/ADYeWOxdUC", "created_at": "Fri May 17 03:05:16 +0000 2013", "contributors_enabled": false, "time_zone": "Pacific Time (US & Canada)", "protected": false, "default_profile": false, "is_translator": false}, "geo": null, "in_reply_to_user_id_str": "319426003", "lang": "ja", "created_at": "Thu Feb 08 15:33:11 +0000 2018", "in_reply_to_status_id_str": "961623771651059712", "place": null, "metadata": {"iso_language_code": "ja", "result_type": "recent"}}, {"contributors": null, "truncated": false, "text": "@icezero_amber \u30cf\u30fc\u30c9\u30eb\u4e0a\u3052\u305f\u3064\u3082\u308a\u306f\u7121\u304b\u3063\u305f\ud83d\ude47\n\u7d50\u69cb\u5e83\u3081\u306e\u3064\u3082\u308a\u3067\u3044\u308b\u3001\u3042\u304f\u307e\u3067\u3064\u3082\u308a", "is_quote_status": false, "in_reply_to_status_id": 961622153534652416, "id": 961622758894354432, "favorite_count": 0, "retweeted": false, "coordinates": null, "source": "<a href=\"http://twitter.com/download/android\" rel=\"nofollow\">Twitter for Android</a>", "in_reply_to_screen_name": "icezero_amber", "in_reply_to_user_id": 319426003, "retweet_count": 0, "id_str": "961622758894354432", "favorited": false, "user": {"follow_request_sent": false, "has_extended_profile": true, "profile_use_background_image": true, "default_profile_image": false, "id": 1434589963, "profile_background_image_url_https": "https://abs.twimg.com/images/themes/theme10/bg.gif", "verified": false, "translator_type": "none", "profile_text_color": "000000", "profile_image_url_https": "https://pbs.twimg.com/profile_images/952839141779107841/YbHEemCC_normal.jpg", "profile_sidebar_fill_color": "000000", "entities": {"url": {"urls": [{"url": "https://t.co/ADYeWOxdUC", "indices": [0, 23], "expanded_url": "http://instagram.com/hamatatsu___12", "display_url": "instagram.com/hamatatsu___12"}]}, "description": {"urls": []}}, "followers_count": 693, "profile_sidebar_border_color": "000000", "id_str": "1434589963", "profile_background_color": "642D8B", "listed_count": 12, "is_translation_enabled": false, "utc_offset": -28800, "statuses_count": 76598, "description": "\u8150\u3063\u3066\u308b\u306e\u5927\u597d\u304d\u306a\u7537\u306e\u5b50\u3060\u3088\u9ed2\u30d0\u30b9\u3068\u304bFree!\u3068\u304b\u30e9\u30d6\u30e9\u30a4\u30d6\uff01\u597d\u304d\u3060\u306d\uff01\uff01\u4f55\u3088\u308a\uff11\u756a\u5927\u597d\u304d\u306a\u306e\u306fMSSP\u306e\u307f\u306a\u3055\u3093\u3067\u3059\uff01\u3042\u3068\uff01\u771f\u59eb\u3061\u3083\u3093\u5927\u597d\u304d\uff01\u6c96\u7e04\u3067\u521d\u5fc3\u8005\u30ec\u30a4\u30e4\u30fc\u3084\u3063\u3066\u307e\u3059\u3001\u4ed5\u4e8b\u3067\u6771\u4eac\u306b\u6765\u3066\u307e\u3059", "friends_count": 881, "location": "\u6c96\u7e04\u2192\u6771\u4eac", "profile_link_color": "642D8B", "profile_image_url": "http://pbs.twimg.com/profile_images/952839141779107841/YbHEemCC_normal.jpg", "following": false, "geo_enabled": true, "profile_banner_url": "https://pbs.twimg.com/profile_banners/1434589963/1491696799", "profile_background_image_url": "http://abs.twimg.com/images/themes/theme10/bg.gif", "screen_name": "rinchan___12", "lang": "ja", "profile_background_tile": true, "favourites_count": 5410, "name": "P\u3010\u30ea\u30f3\u3011@\uff7e\uff6f\uff79\uff9d\uff7e\uff9d\uff7b\uff9e\uff72", "notifications": false, "url": "https://t.co/ADYeWOxdUC", "created_at": "Fri May 17 03:05:16 +0000 2013", "contributors_enabled": false, "time_zone": "Pacific Time (US & Canada)", "protected": false, "default_profile": false, "is_translator": false}, "geo": null, "in_reply_to_user_id_str": "319426003", "lang": "ja", "created_at": "Thu Feb 08 15:28:26 +0000 2018", "in_reply_to_status_id_str": "961622153534652416", "place": null, "metadata": {"iso_language_code": "ja", "result_type": "recent"}}, {"contributors": null, "truncated": false, "text": "@icezero_amber \u3088\u304f\u898b\u3066\u3082\u53ef\u611b\u3044\u3063\u3066\n\u30e1\u30ac\u30cd\u3057\u3066\u308b\u65b9\u306f\u597d\u307f\u3067\u3059\u306e\u3067\u5e7b\u60f3\u3067\u306f\u306a\u3044\u306e\u3067\u3059", "is_quote_status": false, "in_reply_to_status_id": 961621189297778688, "id": 961621918804684800, "favorite_count": 0, "retweeted": false, "coordinates": null, "source": "<a href=\"http://twitter.com/download/android\" rel=\"nofollow\">Twitter for Android</a>", "in_reply_to_screen_name": "icezero_amber", "in_reply_to_user_id": 319426003, "retweet_count": 0, "id_str": "961621918804684800", "favorited": false, "user": {"follow_request_sent": false, "has_extended_profile": true, "profile_use_background_image": true, "default_profile_image": false, "id": 1434589963, "profile_background_image_url_https": "https://abs.twimg.com/images/themes/theme10/bg.gif", "verified": false, "translator_type": "none", "profile_text_color": "000000", "profile_image_url_https": "https://pbs.twimg.com/profile_images/952839141779107841/YbHEemCC_normal.jpg", "profile_sidebar_fill_color": "000000", "entities": {"url": {"urls": [{"url": "https://t.co/ADYeWOxdUC", "indices": [0, 23], "expanded_url": "http://instagram.com/hamatatsu___12", "display_url": "instagram.com/hamatatsu___12"}]}, "description": {"urls": []}}, "followers_count": 693, "profile_sidebar_border_color": "000000", "id_str": "1434589963", "profile_background_color": "642D8B", "listed_count": 12, "is_translation_enabled": false, "utc_offset": -28800, "statuses_count": 76598, "description": "\u8150\u3063\u3066\u308b\u306e\u5927\u597d\u304d\u306a\u7537\u306e\u5b50\u3060\u3088\u9ed2\u30d0\u30b9\u3068\u304bFree!\u3068\u304b\u30e9\u30d6\u30e9\u30a4\u30d6\uff01\u597d\u304d\u3060\u306d\uff01\uff01\u4f55\u3088\u308a\uff11\u756a\u5927\u597d\u304d\u306a\u306e\u306fMSSP\u306e\u307f\u306a\u3055\u3093\u3067\u3059\uff01\u3042\u3068\uff01\u771f\u59eb\u3061\u3083\u3093\u5927\u597d\u304d\uff01\u6c96\u7e04\u3067\u521d\u5fc3\u8005\u30ec\u30a4\u30e4\u30fc\u3084\u3063\u3066\u307e\u3059\u3001\u4ed5\u4e8b\u3067\u6771\u4eac\u306b\u6765\u3066\u307e\u3059", "friends_count": 881, "location": "\u6c96\u7e04\u2192\u6771\u4eac", "profile_link_color": "642D8B", "profile_image_url": "http://pbs.twimg.com/profile_images/952839141779107841/YbHEemCC_normal.jpg", "following": false, "geo_enabled": true, "profile_banner_url": "https://pbs.twimg.com/profile_banners/1434589963/1491696799", "profile_background_image_url": "http://abs.twimg.com/images/themes/theme10/bg.gif", "screen_name": "rinchan___12", "lang": "ja", "profile_background_tile": true, "favourites_count": 5410, "name": "P\u3010\u30ea\u30f3\u3011@\uff7e\uff6f\uff79\uff9d\uff7e\uff9d\uff7b\uff9e\uff72", "notifications": false, "url": "https://t.co/ADYeWOxdUC", "created_at": "Fri May 17 03:05:16 +0000 2013", "contributors_enabled": false, "time_zone": "Pacific Time (US & Canada)", "protected": false, "default_profile": false, "is_translator": false}, "geo": null, "in_reply_to_user_id_str": "319426003", "lang": "ja", "created_at": "Thu Feb 08 15:25:06 +0000 2018", "in_reply_to_status_id_str": "961621189297778688", "place": null, "metadata": {"iso_language_code": "ja", "result_type": "recent"}}, {"contributors": null, "truncated": false, "text": "@icezero_amber \u306a\u3093\u3060\u305d\u306e\u64ec\u4f3c\u7f8e\u4eba\u306fw\n\u30e1\u30ac\u30cd\u3057\u3066\u308b\u4eba\u306fgood\u3060\u3088\uff01", "is_quote_status": false, "in_reply_to_status_id": 961619589439238144, "id": 961620664250613760, "favorite_count": 0, "retweeted": false, "coordinates": null, "source": "<a href=\"http://twitter.com/download/android\" rel=\"nofollow\">Twitter for Android</a>", "in_reply_to_screen_name": "icezero_amber", "in_reply_to_user_id": 319426003, "retweet_count": 0, "id_str": "961620664250613760", "favorited": false, "user": {"follow_request_sent": false, "has_extended_profile": true, "profile_use_background_image": true, "default_profile_image": false, "id": 1434589963, "profile_background_image_url_https": "https://abs.twimg.com/images/themes/theme10/bg.gif", "verified": false, "translator_type": "none", "profile_text_color": "000000", "profile_image_url_https": "https://pbs.twimg.com/profile_images/952839141779107841/YbHEemCC_normal.jpg", "profile_sidebar_fill_color": "000000", "entities": {"url": {"urls": [{"url": "https://t.co/ADYeWOxdUC", "indices": [0, 23], "expanded_url": "http://instagram.com/hamatatsu___12", "display_url": "instagram.com/hamatatsu___12"}]}, "description": {"urls": []}}, "followers_count": 693, "profile_sidebar_border_color": "000000", "id_str": "1434589963", "profile_background_color": "642D8B", "listed_count": 12, "is_translation_enabled": false, "utc_offset": -28800, "statuses_count": 76598, "description": "\u8150\u3063\u3066\u308b\u306e\u5927\u597d\u304d\u306a\u7537\u306e\u5b50\u3060\u3088\u9ed2\u30d0\u30b9\u3068\u304bFree!\u3068\u304b\u30e9\u30d6\u30e9\u30a4\u30d6\uff01\u597d\u304d\u3060\u306d\uff01\uff01\u4f55\u3088\u308a\uff11\u756a\u5927\u597d\u304d\u306a\u306e\u306fMSSP\u306e\u307f\u306a\u3055\u3093\u3067\u3059\uff01\u3042\u3068\uff01\u771f\u59eb\u3061\u3083\u3093\u5927\u597d\u304d\uff01\u6c96\u7e04\u3067\u521d\u5fc3\u8005\u30ec\u30a4\u30e4\u30fc\u3084\u3063\u3066\u307e\u3059\u3001\u4ed5\u4e8b\u3067\u6771\u4eac\u306b\u6765\u3066\u307e\u3059", "friends_count": 881, "location": "\u6c96\u7e04\u2192\u6771\u4eac", "profile_link_color": "642D8B", "profile_image_url": "http://pbs.twimg.com/profile_images/952839141779107841/YbHEemCC_normal.jpg", "following": false, "geo_enabled": true, "profile_banner_url": "https://pbs.twimg.com/profile_banners/1434589963/1491696799", "profile_background_image_url": "http://abs.twimg.com/images/themes/theme10/bg.gif", "screen_name": "rinchan___12", "lang": "ja", "profile_background_tile": true, "favourites_count": 5410, "name": "P\u3010\u30ea\u30f3\u3011@\uff7e\uff6f\uff79\uff9d\uff7e\uff9d\uff7b\uff9e\uff72", "notifications": false, "url": "https://t.co/ADYeWOxdUC", "created_at": "Fri May 17 03:05:16 +0000 2013", "contributors_enabled": false, "time_zone": "Pacific Time (US & Canada)", "protected": false, "default_profile": false, "is_translator": false}, "geo": null, "in_reply_to_user_id_str": "319426003", "lang": "ja", "created_at": "Thu Feb 08 15:20:07 +0000 2018", "in_reply_to_status_id_str": "961619589439238144", "place": null, "metadata": {"iso_language_code": "ja", "result_type": "recent"}}, {"contributors": null, "truncated": false, "text": "@icezero_amber \u30e1\u30ac\u30cd\u3057\u3066\u305f\u3089\u30e1\u30ac\u30cd\u7f8e\u4eba\u3060", "is_quote_status": false, "in_reply_to_status_id": 961616799073648642, "id": 961618536052371456, "favorite_count": 0, "retweeted": false, "coordinates": null, "source": "<a href=\"http://twitter.com/download/android\" rel=\"nofollow\">Twitter for Android</a>", "in_reply_to_screen_name": "icezero_amber", "in_reply_to_user_id": 319426003, "retweet_count": 0, "id_str": "961618536052371456", "favorited": false, "user": {"follow_request_sent": false, "has_extended_profile": true, "profile_use_background_image": true, "default_profile_image": false, "id": 1434589963, "profile_background_image_url_https": "https://abs.twimg.com/images/themes/theme10/bg.gif", "verified": false, "translator_type": "none", "profile_text_color": "000000", "profile_image_url_https": "https://pbs.twimg.com/profile_images/952839141779107841/YbHEemCC_normal.jpg", "profile_sidebar_fill_color": "000000", "entities": {"url": {"urls": [{"url": "https://t.co/ADYeWOxdUC", "indices": [0, 23], "expanded_url": "http://instagram.com/hamatatsu___12", "display_url": "instagram.com/hamatatsu___12"}]}, "description": {"urls": []}}, "followers_count": 693, "profile_sidebar_border_color": "000000", "id_str": "1434589963", "profile_background_color": "642D8B", "listed_count": 12, "is_translation_enabled": false, "utc_offset": -28800, "statuses_count": 76598, "description": "\u8150\u3063\u3066\u308b\u306e\u5927\u597d\u304d\u306a\u7537\u306e\u5b50\u3060\u3088\u9ed2\u30d0\u30b9\u3068\u304bFree!\u3068\u304b\u30e9\u30d6\u30e9\u30a4\u30d6\uff01\u597d\u304d\u3060\u306d\uff01\uff01\u4f55\u3088\u308a\uff11\u756a\u5927\u597d\u304d\u306a\u306e\u306fMSSP\u306e\u307f\u306a\u3055\u3093\u3067\u3059\uff01\u3042\u3068\uff01\u771f\u59eb\u3061\u3083\u3093\u5927\u597d\u304d\uff01\u6c96\u7e04\u3067\u521d\u5fc3\u8005\u30ec\u30a4\u30e4\u30fc\u3084\u3063\u3066\u307e\u3059\u3001\u4ed5\u4e8b\u3067\u6771\u4eac\u306b\u6765\u3066\u307e\u3059", "friends_count": 881, "location": "\u6c96\u7e04\u2192\u6771\u4eac", "profile_link_color": "642D8B", "profile_image_url": "http://pbs.twimg.com/profile_images/952839141779107841/YbHEemCC_normal.jpg", "following": false, "geo_enabled": true, "profile_banner_url": "https://pbs.twimg.com/profile_banners/1434589963/1491696799", "profile_background_image_url": "http://abs.twimg.com/images/themes/theme10/bg.gif", "screen_name": "rinchan___12", "lang": "ja", "profile_background_tile": true, "favourites_count": 5410, "name": "P\u3010\u30ea\u30f3\u3011@\uff7e\uff6f\uff79\uff9d\uff7e\uff9d\uff7b\uff9e\uff72", "notifications": false, "url": "https://t.co/ADYeWOxdUC", "created_at": "Fri May 17 03:05:16 +0000 2013", "contributors_enabled": false, "time_zone": "Pacific Time (US & Canada)", "protected": false, "default_profile": false, "is_translator": false}, "geo": null, "in_reply_to_user_id_str": "319426003", "lang": "ja", "created_at": "Thu Feb 08 15:11:39 +0000 2018", "in_reply_to_status_id_str": "961616799073648642", "place": null, "metadata": {"iso_language_code": "ja", "result_type": "recent"}}]}