{"search_metadata": {"count": 100, "completed_in": 0.09, "max_id_str": "959703399322259457", "since_id_str": "0", "refresh_url": "?since_id=959703399322259457&q=1Bitsy", "since_id": 0, "query": "1Bitsy", "max_id": 959703399322259457}, "statuses": [{"contributors": null, "truncated": false, "text": "RT @esden: Based on the iCEBreaker I present to you the iCEBreaker-bitsy: A tiny breadboard friendly version using the same iCE40UltraPlus5\u2026", "is_quote_status": false, "in_reply_to_status_id": null, "id": 959703399322259457, "favorite_count": 0, "retweeted": false, "coordinates": null, "source": "<a href=\"http://twitter.com/download/android\" rel=\"nofollow\">Twitter for Android</a>", "in_reply_to_screen_name": null, "in_reply_to_user_id": null, "retweet_count": 29, "id_str": "959703399322259457", "favorited": false, "retweeted_status": {"contributors": null, "truncated": true, "text": "Based on the iCEBreaker I present to you the iCEBreaker-bitsy: A tiny breadboard friendly version using the same iC\u2026 https://t.co/nkxsaUZDW6", "is_quote_status": false, "in_reply_to_status_id": null, "id": 957710694287261696, "favorite_count": 94, "retweeted": false, "coordinates": null, "source": "<a href=\"http://twitter.com\" rel=\"nofollow\">Twitter Web Client</a>", "in_reply_to_screen_name": null, "in_reply_to_user_id": null, "retweet_count": 29, "id_str": "957710694287261696", "favorited": false, "user": {"follow_request_sent": false, "has_extended_profile": false, "profile_use_background_image": false, "default_profile_image": false, "id": 14159640, "profile_background_image_url_https": "https://abs.twimg.com/images/themes/theme1/bg.png", "verified": false, "translator_type": "none", "profile_text_color": "000000", "profile_image_url_https": "https://pbs.twimg.com/profile_images/875591045077114880/uaReijkQ_normal.jpg", "profile_sidebar_fill_color": "000000", "entities": {"url": {"urls": [{"url": "https://t.co/b6l6V7QMkv", "indices": [0, 23], "expanded_url": "http://1bitsquared.com", "display_url": "1bitsquared.com"}]}, "description": {"urls": [{"url": "https://t.co/slOfKQQY6T", "indices": [24, 47], "expanded_url": "http://1bit2.com", "display_url": "1bit2.com"}, {"url": "https://t.co/2K5qN5Sri0", "indices": [70, 93], "expanded_url": "http://black-magic.org", "display_url": "black-magic.org"}, {"url": "https://t.co/L3OIVmx8mN", "indices": [94, 117], "expanded_url": "http://1bitsy.org", "display_url": "1bitsy.org"}, {"url": "https://t.co/tClWvATImR", "indices": [136, 159], "expanded_url": "http://youtube.com/user/esdentem", "display_url": "youtube.com/user/esdentem"}]}}, "followers_count": 1996, "profile_sidebar_border_color": "000000", "id_str": "14159640", "profile_background_color": "000000", "listed_count": 86, "is_translation_enabled": false, "utc_offset": -28800, "statuses_count": 7622, "description": "Founder of @1BitSquared https://t.co/slOfKQQY6T Embedded Systems Eng. https://t.co/2K5qN5Sri0 https://t.co/L3OIVmx8mN @paparazziuav YT: https://t.co/tClWvATImR", "friends_count": 1165, "location": "Eugene, OR; Ingolstadt, DE; Warszawa, PL", "profile_link_color": "262B2F", "profile_image_url": "http://pbs.twimg.com/profile_images/875591045077114880/uaReijkQ_normal.jpg", "following": false, "geo_enabled": false, "profile_background_image_url": "http://abs.twimg.com/images/themes/theme1/bg.png", "screen_name": "esden", "lang": "en", "profile_background_tile": false, "favourites_count": 13021, "name": "Piotr Esden-Tempski", "notifications": false, "url": "https://t.co/b6l6V7QMkv", "created_at": "Sun Mar 16 21:55:24 +0000 2008", "contributors_enabled": false, "time_zone": "Pacific Time (US & Canada)", "protected": false, "default_profile": false, "is_translator": false}, "geo": null, "in_reply_to_user_id_str": null, "possibly_sensitive": false, "lang": "en", "created_at": "Sun Jan 28 20:23:17 +0000 2018", "in_reply_to_status_id_str": null, "place": null, "metadata": {"iso_language_code": "en", "result_type": "recent"}}, "user": {"follow_request_sent": false, "has_extended_profile": false, "profile_use_background_image": true, "default_profile_image": false, "id": 48395238, "profile_background_image_url_https": "https://abs.twimg.com/images/themes/theme1/bg.png", "verified": false, "translator_type": "none", "profile_text_color": "333333", "profile_image_url_https": "https://pbs.twimg.com/profile_images/1038530972/jacekplacek_normal.PNG", "profile_sidebar_fill_color": "DDEEF6", "entities": {"description": {"urls": []}}, "followers_count": 2323, "profile_sidebar_border_color": "C0DEED", "id_str": "48395238", "profile_background_color": "C0DEED", "listed_count": 196, "is_translation_enabled": false, "utc_offset": 3600, "statuses_count": 142834, "description": "\u015acis\u0142owiec z zadatkami na humanist\u0119. Nauka wszystkiego ci nie powie, ale z pewno\u015bci\u0105 do wszystkiego si\u0119 wpieprzy.", "friends_count": 5000, "location": "", "profile_link_color": "1DA1F2", "profile_image_url": "http://pbs.twimg.com/profile_images/1038530972/jacekplacek_normal.PNG", "following": false, "geo_enabled": false, "profile_background_image_url": "http://abs.twimg.com/images/themes/theme1/bg.png", "screen_name": "WojciechM", "lang": "pl", "profile_background_tile": false, "favourites_count": 72358, "name": "Wojtek M.", "notifications": false, "url": null, "created_at": "Thu Jun 18 16:05:26 +0000 2009", "contributors_enabled": false, "time_zone": "Warsaw", "protected": false, "default_profile": true, "is_translator": false}, "geo": null, "in_reply_to_user_id_str": null, "lang": "en", "created_at": "Sat Feb 03 08:21:35 +0000 2018", "in_reply_to_status_id_str": null, "place": null, "metadata": {"iso_language_code": "en", "result_type": "recent"}}, {"contributors": null, "truncated": false, "text": "So used to be the 1,300th pirate on for 1Bitsy &amp; Black Magic Probe - ... | Thx !", "is_quote_status": false, "in_reply_to_status_id": null, "id": 959667779535192064, "favorite_count": 0, "retweeted": false, "coordinates": null, "source": "<a href=\"https://gareth.codes\" rel=\"nofollow\">gareth_ebooks</a>", "in_reply_to_screen_name": null, "in_reply_to_user_id": null, "retweet_count": 0, "id_str": "959667779535192064", "favorited": false, "user": {"follow_request_sent": false, "has_extended_profile": false, "profile_use_background_image": false, "default_profile_image": false, "id": 945419727798648833, "profile_background_image_url_https": "https://abs.twimg.com/images/themes/theme1/bg.png", "verified": false, "translator_type": "none", "profile_text_color": "000000", "profile_image_url_https": "https://pbs.twimg.com/profile_images/947326820659052544/A60_adr0_normal.jpg", "profile_sidebar_fill_color": "000000", "entities": {"url": {"urls": [{"url": "https://t.co/jzi1a9oDN1", "indices": [0, 23], "expanded_url": "https://gareth.codes", "display_url": "gareth.codes"}]}, "description": {"urls": []}}, "followers_count": 5, "profile_sidebar_border_color": "000000", "id_str": "945419727798648833", "profile_background_color": "000000", "listed_count": 0, "is_translation_enabled": false, "utc_offset": null, "statuses_count": 1269, "description": "I'm a markov chain bot feeding from my host @gareth__", "friends_count": 1, "location": "cyberspace", "profile_link_color": "000000", "profile_image_url": "http://pbs.twimg.com/profile_images/947326820659052544/A60_adr0_normal.jpg", "following": false, "geo_enabled": false, "profile_background_image_url": "http://abs.twimg.com/images/themes/theme1/bg.png", "screen_name": "gareth_ebooks", "lang": "en", "profile_background_tile": false, "favourites_count": 0, "name": "gareth_ebooks", "notifications": false, "url": "https://t.co/jzi1a9oDN1", "created_at": "Mon Dec 25 22:23:22 +0000 2017", "contributors_enabled": false, "time_zone": null, "protected": false, "default_profile": false, "is_translator": false}, "geo": null, "in_reply_to_user_id_str": null, "lang": "en", "created_at": "Sat Feb 03 06:00:03 +0000 2018", "in_reply_to_status_id_str": null, "place": null, "metadata": {"iso_language_code": "en", "result_type": "recent"}}, {"contributors": null, "truncated": true, "text": "@jamisnemo @OSHStencils @digikey @oshpark @TinyFPGA Heh, I totally get that. I hope you have fun with the 1Bitsy! F\u2026 https://t.co/ubLwgxZ5Ff", "is_quote_status": false, "in_reply_to_status_id": 959219154761932800, "id": 959220817195249664, "favorite_count": 3, "retweeted": false, "coordinates": null, "source": "<a href=\"http://tapbots.com/software/tweetbot/mac\" rel=\"nofollow\">Tweetbot for Mac</a>", "in_reply_to_screen_name": "jamisnemo", "in_reply_to_user_id": 26063826, "retweet_count": 0, "id_str": "959220817195249664", "favorited": false, "user": {"follow_request_sent": false, "has_extended_profile": false, "profile_use_background_image": false, "default_profile_image": false, "id": 14159640, "profile_background_image_url_https": "https://abs.twimg.com/images/themes/theme1/bg.png", "verified": false, "translator_type": "none", "profile_text_color": "000000", "profile_image_url_https": "https://pbs.twimg.com/profile_images/875591045077114880/uaReijkQ_normal.jpg", "profile_sidebar_fill_color": "000000", "entities": {"url": {"urls": [{"url": "https://t.co/b6l6V7QMkv", "indices": [0, 23], "expanded_url": "http://1bitsquared.com", "display_url": "1bitsquared.com"}]}, "description": {"urls": [{"url": "https://t.co/slOfKQQY6T", "indices": [24, 47], "expanded_url": "http://1bit2.com", "display_url": "1bit2.com"}, {"url": "https://t.co/2K5qN5Sri0", "indices": [70, 93], "expanded_url": "http://black-magic.org", "display_url": "black-magic.org"}, {"url": "https://t.co/L3OIVmx8mN", "indices": [94, 117], "expanded_url": "http://1bitsy.org", "display_url": "1bitsy.org"}, {"url": "https://t.co/tClWvATImR", "indices": [136, 159], "expanded_url": "http://youtube.com/user/esdentem", "display_url": "youtube.com/user/esdentem"}]}}, "followers_count": 1996, "profile_sidebar_border_color": "000000", "id_str": "14159640", "profile_background_color": "000000", "listed_count": 86, "is_translation_enabled": false, "utc_offset": -28800, "statuses_count": 7622, "description": "Founder of @1BitSquared https://t.co/slOfKQQY6T Embedded Systems Eng. https://t.co/2K5qN5Sri0 https://t.co/L3OIVmx8mN @paparazziuav YT: https://t.co/tClWvATImR", "friends_count": 1165, "location": "Eugene, OR; Ingolstadt, DE; Warszawa, PL", "profile_link_color": "262B2F", "profile_image_url": "http://pbs.twimg.com/profile_images/875591045077114880/uaReijkQ_normal.jpg", "following": false, "geo_enabled": false, "profile_background_image_url": "http://abs.twimg.com/images/themes/theme1/bg.png", "screen_name": "esden", "lang": "en", "profile_background_tile": false, "favourites_count": 13021, "name": "Piotr Esden-Tempski", "notifications": false, "url": "https://t.co/b6l6V7QMkv", "created_at": "Sun Mar 16 21:55:24 +0000 2008", "contributors_enabled": false, "time_zone": "Pacific Time (US & Canada)", "protected": false, "default_profile": false, "is_translator": false}, "geo": null, "in_reply_to_user_id_str": "26063826", "lang": "en", "created_at": "Fri Feb 02 00:23:58 +0000 2018", "in_reply_to_status_id_str": "959219154761932800", "place": null, "metadata": {"iso_language_code": "en", "result_type": "recent"}}, {"contributors": null, "truncated": true, "text": "@esden @OSHStencils @digikey @oshpark @TinyFPGA Ahhh! Okay! Well, cool!!! I have a couple of FPGA boards but the to\u2026 https://t.co/5Y1wkst9GJ", "is_quote_status": false, "in_reply_to_status_id": 959216070635614208, "id": 959219154761932800, "favorite_count": 1, "retweeted": false, "coordinates": null, "source": "<a href=\"http://twitter.com/download/android\" rel=\"nofollow\">Twitter for Android</a>", "in_reply_to_screen_name": "esden", "in_reply_to_user_id": 14159640, "retweet_count": 0, "id_str": "959219154761932800", "favorited": false, "user": {"follow_request_sent": false, "has_extended_profile": false, "profile_use_background_image": false, "default_profile_image": false, "id": 26063826, "profile_background_image_url_https": "https://abs.twimg.com/images/themes/theme9/bg.gif", "verified": false, "translator_type": "none", "profile_text_color": "000000", "profile_image_url_https": "https://pbs.twimg.com/profile_images/729101396658651136/qZQM5wA1_normal.jpg", "profile_sidebar_fill_color": "000000", "entities": {"url": {"urls": [{"url": "https://t.co/56cMrF15sI", "indices": [0, 23], "expanded_url": "https://zenpirate.com", "display_url": "zenpirate.com"}]}, "description": {"urls": []}}, "followers_count": 709, "profile_sidebar_border_color": "000000", "id_str": "26063826", "profile_background_color": "000000", "listed_count": 65, "is_translation_enabled": false, "utc_offset": -28800, "statuses_count": 6518, "description": "Creative Engineer | Dev+Ops+Sec | Polymath | Hacker | Grew up on Gibson | Ignores VR snake oil | Explorer of Waves", "friends_count": 2020, "location": "Belmont, CA", "profile_link_color": "000000", "profile_image_url": "http://pbs.twimg.com/profile_images/729101396658651136/qZQM5wA1_normal.jpg", "following": false, "geo_enabled": true, "profile_banner_url": "https://pbs.twimg.com/profile_banners/26063826/1435367402", "profile_background_image_url": "http://abs.twimg.com/images/themes/theme9/bg.gif", "screen_name": "jamisnemo", "lang": "en", "profile_background_tile": false, "favourites_count": 6522, "name": "James\u2620\u232c\u23da\u23e6", "notifications": false, "url": "https://t.co/56cMrF15sI", "created_at": "Mon Mar 23 18:56:15 +0000 2009", "contributors_enabled": false, "time_zone": "America/Los_Angeles", "protected": false, "default_profile": false, "is_translator": false}, "geo": null, "in_reply_to_user_id_str": "14159640", "lang": "en", "created_at": "Fri Feb 02 00:17:22 +0000 2018", "in_reply_to_status_id_str": "959216070635614208", "place": null, "metadata": {"iso_language_code": "en", "result_type": "recent"}}, {"contributors": null, "truncated": false, "text": "RT @esden: Based on the iCEBreaker I present to you the iCEBreaker-bitsy: A tiny breadboard friendly version using the same iCE40UltraPlus5\u2026", "is_quote_status": false, "in_reply_to_status_id": null, "id": 959195111488974849, "favorite_count": 0, "retweeted": false, "coordinates": null, "source": "<a href=\"http://twitter.com\" rel=\"nofollow\">Twitter Web Client</a>", "in_reply_to_screen_name": null, "in_reply_to_user_id": null, "retweet_count": 29, "id_str": "959195111488974849", "favorited": false, "retweeted_status": {"contributors": null, "truncated": true, "text": "Based on the iCEBreaker I present to you the iCEBreaker-bitsy: A tiny breadboard friendly version using the same iC\u2026 https://t.co/nkxsaUZDW6", "is_quote_status": false, "in_reply_to_status_id": null, "id": 957710694287261696, "favorite_count": 94, "retweeted": false, "coordinates": null, "source": "<a href=\"http://twitter.com\" rel=\"nofollow\">Twitter Web Client</a>", "in_reply_to_screen_name": null, "in_reply_to_user_id": null, "retweet_count": 29, "id_str": "957710694287261696", "favorited": false, "user": {"follow_request_sent": false, "has_extended_profile": false, "profile_use_background_image": false, "default_profile_image": false, "id": 14159640, "profile_background_image_url_https": "https://abs.twimg.com/images/themes/theme1/bg.png", "verified": false, "translator_type": "none", "profile_text_color": "000000", "profile_image_url_https": "https://pbs.twimg.com/profile_images/875591045077114880/uaReijkQ_normal.jpg", "profile_sidebar_fill_color": "000000", "entities": {"url": {"urls": [{"url": "https://t.co/b6l6V7QMkv", "indices": [0, 23], "expanded_url": "http://1bitsquared.com", "display_url": "1bitsquared.com"}]}, "description": {"urls": [{"url": "https://t.co/slOfKQQY6T", "indices": [24, 47], "expanded_url": "http://1bit2.com", "display_url": "1bit2.com"}, {"url": "https://t.co/2K5qN5Sri0", "indices": [70, 93], "expanded_url": "http://black-magic.org", "display_url": "black-magic.org"}, {"url": "https://t.co/L3OIVmx8mN", "indices": [94, 117], "expanded_url": "http://1bitsy.org", "display_url": "1bitsy.org"}, {"url": "https://t.co/tClWvATImR", "indices": [136, 159], "expanded_url": "http://youtube.com/user/esdentem", "display_url": "youtube.com/user/esdentem"}]}}, "followers_count": 1996, "profile_sidebar_border_color": "000000", "id_str": "14159640", "profile_background_color": "000000", "listed_count": 86, "is_translation_enabled": false, "utc_offset": -28800, "statuses_count": 7622, "description": "Founder of @1BitSquared https://t.co/slOfKQQY6T Embedded Systems Eng. https://t.co/2K5qN5Sri0 https://t.co/L3OIVmx8mN @paparazziuav YT: https://t.co/tClWvATImR", "friends_count": 1165, "location": "Eugene, OR; Ingolstadt, DE; Warszawa, PL", "profile_link_color": "262B2F", "profile_image_url": "http://pbs.twimg.com/profile_images/875591045077114880/uaReijkQ_normal.jpg", "following": false, "geo_enabled": false, "profile_background_image_url": "http://abs.twimg.com/images/themes/theme1/bg.png", "screen_name": "esden", "lang": "en", "profile_background_tile": false, "favourites_count": 13021, "name": "Piotr Esden-Tempski", "notifications": false, "url": "https://t.co/b6l6V7QMkv", "created_at": "Sun Mar 16 21:55:24 +0000 2008", "contributors_enabled": false, "time_zone": "Pacific Time (US & Canada)", "protected": false, "default_profile": false, "is_translator": false}, "geo": null, "in_reply_to_user_id_str": null, "possibly_sensitive": false, "lang": "en", "created_at": "Sun Jan 28 20:23:17 +0000 2018", "in_reply_to_status_id_str": null, "place": null, "metadata": {"iso_language_code": "en", "result_type": "recent"}}, "user": {"follow_request_sent": false, "has_extended_profile": false, "profile_use_background_image": false, "default_profile_image": false, "id": 63479931, "profile_background_image_url_https": "https://abs.twimg.com/images/themes/theme1/bg.png", "verified": false, "translator_type": "none", "profile_text_color": "000000", "profile_image_url_https": "https://pbs.twimg.com/profile_images/499697180941099008/NoudSVCk_normal.jpeg", "profile_sidebar_fill_color": "000000", "entities": {"url": {"urls": [{"url": "https://t.co/JgHdQenufB", "indices": [0, 23], "expanded_url": "http://syler.co/about", "display_url": "syler.co/about"}]}, "description": {"urls": []}}, "followers_count": 691, "profile_sidebar_border_color": "000000", "id_str": "63479931", "profile_background_color": "000000", "listed_count": 55, "is_translation_enabled": false, "utc_offset": -36000, "statuses_count": 5453, "description": "^(Software | Hardware) (Exploit)? Development.$ / Reverse Engineer / Math Nerd / Console Hacker / Drone Pilot / E-Boarder / INTP / Chaotic Good / @ccdcredteam", "friends_count": 3092, "location": "Portland, OR", "profile_link_color": "91D2FA", "profile_image_url": "http://pbs.twimg.com/profile_images/499697180941099008/NoudSVCk_normal.jpeg", "following": false, "geo_enabled": false, "profile_banner_url": "https://pbs.twimg.com/profile_banners/63479931/1506236062", "profile_background_image_url": "http://abs.twimg.com/images/themes/theme1/bg.png", "screen_name": "SylerClayton", "lang": "en", "profile_background_tile": false, "favourites_count": 10050, "name": "Syler", "notifications": false, "url": "https://t.co/JgHdQenufB", "created_at": "Thu Aug 06 16:23:08 +0000 2009", "contributors_enabled": false, "time_zone": "Hawaii", "protected": false, "default_profile": false, "is_translator": false}, "geo": null, "in_reply_to_user_id_str": null, "lang": "en", "created_at": "Thu Feb 01 22:41:50 +0000 2018", "in_reply_to_status_id_str": null, "place": null, "metadata": {"iso_language_code": "en", "result_type": "recent"}}, {"contributors": null, "truncated": false, "text": "Finally grabbing libopencm3 and the @1bitsquared 1bitsy and figuring out a simple project.", "is_quote_status": false, "in_reply_to_status_id": null, "id": 958885562148044803, "favorite_count": 2, "retweeted": false, "coordinates": null, "source": "<a href=\"http://twitter.com\" rel=\"nofollow\">Twitter Web Client</a>", "in_reply_to_screen_name": null, "in_reply_to_user_id": null, "retweet_count": 0, "id_str": "958885562148044803", "favorited": false, "user": {"follow_request_sent": false, "has_extended_profile": false, "profile_use_background_image": false, "default_profile_image": false, "id": 26063826, "profile_background_image_url_https": "https://abs.twimg.com/images/themes/theme9/bg.gif", "verified": false, "translator_type": "none", "profile_text_color": "000000", "profile_image_url_https": "https://pbs.twimg.com/profile_images/729101396658651136/qZQM5wA1_normal.jpg", "profile_sidebar_fill_color": "000000", "entities": {"url": {"urls": [{"url": "https://t.co/56cMrF15sI", "indices": [0, 23], "expanded_url": "https://zenpirate.com", "display_url": "zenpirate.com"}]}, "description": {"urls": []}}, "followers_count": 709, "profile_sidebar_border_color": "000000", "id_str": "26063826", "profile_background_color": "000000", "listed_count": 65, "is_translation_enabled": false, "utc_offset": -28800, "statuses_count": 6518, "description": "Creative Engineer | Dev+Ops+Sec | Polymath | Hacker | Grew up on Gibson | Ignores VR snake oil | Explorer of Waves", "friends_count": 2020, "location": "Belmont, CA", "profile_link_color": "000000", "profile_image_url": "http://pbs.twimg.com/profile_images/729101396658651136/qZQM5wA1_normal.jpg", "following": false, "geo_enabled": true, "profile_banner_url": "https://pbs.twimg.com/profile_banners/26063826/1435367402", "profile_background_image_url": "http://abs.twimg.com/images/themes/theme9/bg.gif", "screen_name": "jamisnemo", "lang": "en", "profile_background_tile": false, "favourites_count": 6522, "name": "James\u2620\u232c\u23da\u23e6", "notifications": false, "url": "https://t.co/56cMrF15sI", "created_at": "Mon Mar 23 18:56:15 +0000 2009", "contributors_enabled": false, "time_zone": "America/Los_Angeles", "protected": false, "default_profile": false, "is_translator": false}, "geo": null, "in_reply_to_user_id_str": null, "lang": "en", "created_at": "Thu Feb 01 02:11:47 +0000 2018", "in_reply_to_status_id_str": null, "place": null, "metadata": {"iso_language_code": "en", "result_type": "recent"}}, {"contributors": null, "truncated": false, "text": "I just backed 1Bitsy &amp; Black Magic Probe - I'm looking forward to being back in YVR for these magical days", "is_quote_status": false, "in_reply_to_status_id": null, "id": 958867502511013888, "favorite_count": 0, "retweeted": false, "coordinates": null, "source": "<a href=\"https://gareth.codes\" rel=\"nofollow\">gareth_ebooks</a>", "in_reply_to_screen_name": null, "in_reply_to_user_id": null, "retweet_count": 0, "id_str": "958867502511013888", "favorited": false, "user": {"follow_request_sent": false, "has_extended_profile": false, "profile_use_background_image": false, "default_profile_image": false, "id": 945419727798648833, "profile_background_image_url_https": "https://abs.twimg.com/images/themes/theme1/bg.png", "verified": false, "translator_type": "none", "profile_text_color": "000000", "profile_image_url_https": "https://pbs.twimg.com/profile_images/947326820659052544/A60_adr0_normal.jpg", "profile_sidebar_fill_color": "000000", "entities": {"url": {"urls": [{"url": "https://t.co/jzi1a9oDN1", "indices": [0, 23], "expanded_url": "https://gareth.codes", "display_url": "gareth.codes"}]}, "description": {"urls": []}}, "followers_count": 5, "profile_sidebar_border_color": "000000", "id_str": "945419727798648833", "profile_background_color": "000000", "listed_count": 0, "is_translation_enabled": false, "utc_offset": null, "statuses_count": 1269, "description": "I'm a markov chain bot feeding from my host @gareth__", "friends_count": 1, "location": "cyberspace", "profile_link_color": "000000", "profile_image_url": "http://pbs.twimg.com/profile_images/947326820659052544/A60_adr0_normal.jpg", "following": false, "geo_enabled": false, "profile_background_image_url": "http://abs.twimg.com/images/themes/theme1/bg.png", "screen_name": "gareth_ebooks", "lang": "en", "profile_background_tile": false, "favourites_count": 0, "name": "gareth_ebooks", "notifications": false, "url": "https://t.co/jzi1a9oDN1", "created_at": "Mon Dec 25 22:23:22 +0000 2017", "contributors_enabled": false, "time_zone": null, "protected": false, "default_profile": false, "is_translator": false}, "geo": null, "in_reply_to_user_id_str": null, "lang": "en", "created_at": "Thu Feb 01 01:00:02 +0000 2018", "in_reply_to_status_id_str": null, "place": null, "metadata": {"iso_language_code": "en", "result_type": "recent"}}, {"contributors": null, "truncated": false, "text": "RT @esden: Based on the iCEBreaker I present to you the iCEBreaker-bitsy: A tiny breadboard friendly version using the same iCE40UltraPlus5\u2026", "is_quote_status": false, "in_reply_to_status_id": null, "id": 958399215138459649, "favorite_count": 0, "retweeted": false, "coordinates": null, "source": "<a href=\"http://twitter.com\" rel=\"nofollow\">Twitter Web Client</a>", "in_reply_to_screen_name": null, "in_reply_to_user_id": null, "retweet_count": 29, "id_str": "958399215138459649", "favorited": false, "retweeted_status": {"contributors": null, "truncated": true, "text": "Based on the iCEBreaker I present to you the iCEBreaker-bitsy: A tiny breadboard friendly version using the same iC\u2026 https://t.co/nkxsaUZDW6", "is_quote_status": false, "in_reply_to_status_id": null, "id": 957710694287261696, "favorite_count": 94, "retweeted": false, "coordinates": null, "source": "<a href=\"http://twitter.com\" rel=\"nofollow\">Twitter Web Client</a>", "in_reply_to_screen_name": null, "in_reply_to_user_id": null, "retweet_count": 29, "id_str": "957710694287261696", "favorited": false, "user": {"follow_request_sent": false, "has_extended_profile": false, "profile_use_background_image": false, "default_profile_image": false, "id": 14159640, "profile_background_image_url_https": "https://abs.twimg.com/images/themes/theme1/bg.png", "verified": false, "translator_type": "none", "profile_text_color": "000000", "profile_image_url_https": "https://pbs.twimg.com/profile_images/875591045077114880/uaReijkQ_normal.jpg", "profile_sidebar_fill_color": "000000", "entities": {"url": {"urls": [{"url": "https://t.co/b6l6V7QMkv", "indices": [0, 23], "expanded_url": "http://1bitsquared.com", "display_url": "1bitsquared.com"}]}, "description": {"urls": [{"url": "https://t.co/slOfKQQY6T", "indices": [24, 47], "expanded_url": "http://1bit2.com", "display_url": "1bit2.com"}, {"url": "https://t.co/2K5qN5Sri0", "indices": [70, 93], "expanded_url": "http://black-magic.org", "display_url": "black-magic.org"}, {"url": "https://t.co/L3OIVmx8mN", "indices": [94, 117], "expanded_url": "http://1bitsy.org", "display_url": "1bitsy.org"}, {"url": "https://t.co/tClWvATImR", "indices": [136, 159], "expanded_url": "http://youtube.com/user/esdentem", "display_url": "youtube.com/user/esdentem"}]}}, "followers_count": 1996, "profile_sidebar_border_color": "000000", "id_str": "14159640", "profile_background_color": "000000", "listed_count": 86, "is_translation_enabled": false, "utc_offset": -28800, "statuses_count": 7622, "description": "Founder of @1BitSquared https://t.co/slOfKQQY6T Embedded Systems Eng. https://t.co/2K5qN5Sri0 https://t.co/L3OIVmx8mN @paparazziuav YT: https://t.co/tClWvATImR", "friends_count": 1165, "location": "Eugene, OR; Ingolstadt, DE; Warszawa, PL", "profile_link_color": "262B2F", "profile_image_url": "http://pbs.twimg.com/profile_images/875591045077114880/uaReijkQ_normal.jpg", "following": false, "geo_enabled": false, "profile_background_image_url": "http://abs.twimg.com/images/themes/theme1/bg.png", "screen_name": "esden", "lang": "en", "profile_background_tile": false, "favourites_count": 13021, "name": "Piotr Esden-Tempski", "notifications": false, "url": "https://t.co/b6l6V7QMkv", "created_at": "Sun Mar 16 21:55:24 +0000 2008", "contributors_enabled": false, "time_zone": "Pacific Time (US & Canada)", "protected": false, "default_profile": false, "is_translator": false}, "geo": null, "in_reply_to_user_id_str": null, "possibly_sensitive": false, "lang": "en", "created_at": "Sun Jan 28 20:23:17 +0000 2018", "in_reply_to_status_id_str": null, "place": null, "metadata": {"iso_language_code": "en", "result_type": "recent"}}, "user": {"follow_request_sent": false, "has_extended_profile": false, "profile_use_background_image": true, "default_profile_image": false, "id": 77976599, "profile_background_image_url_https": "https://pbs.twimg.com/profile_background_images/71167142/oszi.jpg", "verified": false, "translator_type": "none", "profile_text_color": "0C3E53", "profile_image_url_https": "https://pbs.twimg.com/profile_images/1834327456/thomask77_normal.jpg", "profile_sidebar_fill_color": "FFF7CC", "entities": {"description": {"urls": []}}, "followers_count": 137, "profile_sidebar_border_color": "F2E195", "id_str": "77976599", "profile_background_color": "174233", "listed_count": 11, "is_translation_enabled": false, "utc_offset": 3600, "statuses_count": 3433, "description": "Profi-Alternativ-Anwender seit 1977 ;)", "friends_count": 494, "location": "Bochum", "profile_link_color": "FF0000", "profile_image_url": "http://pbs.twimg.com/profile_images/1834327456/thomask77_normal.jpg", "following": false, "geo_enabled": true, "profile_background_image_url": "http://pbs.twimg.com/profile_background_images/71167142/oszi.jpg", "screen_name": "thomask77", "lang": "en", "profile_background_tile": false, "favourites_count": 10178, "name": "Thomas Kindler", "notifications": false, "url": null, "created_at": "Mon Sep 28 10:06:55 +0000 2009", "contributors_enabled": false, "time_zone": "Berlin", "protected": false, "default_profile": false, "is_translator": false}, "geo": null, "in_reply_to_user_id_str": null, "lang": "en", "created_at": "Tue Jan 30 17:59:13 +0000 2018", "in_reply_to_status_id_str": null, "place": null, "metadata": {"iso_language_code": "en", "result_type": "recent"}}, {"contributors": null, "truncated": false, "text": "RT @esden: Based on the iCEBreaker I present to you the iCEBreaker-bitsy: A tiny breadboard friendly version using the same iCE40UltraPlus5\u2026", "is_quote_status": false, "in_reply_to_status_id": null, "id": 958287305533542401, "favorite_count": 0, "retweeted": false, "coordinates": null, "source": "<a href=\"http://twitter.com\" rel=\"nofollow\">Twitter Web Client</a>", "in_reply_to_screen_name": null, "in_reply_to_user_id": null, "retweet_count": 29, "id_str": "958287305533542401", "favorited": false, "retweeted_status": {"contributors": null, "truncated": true, "text": "Based on the iCEBreaker I present to you the iCEBreaker-bitsy: A tiny breadboard friendly version using the same iC\u2026 https://t.co/nkxsaUZDW6", "is_quote_status": false, "in_reply_to_status_id": null, "id": 957710694287261696, "favorite_count": 94, "retweeted": false, "coordinates": null, "source": "<a href=\"http://twitter.com\" rel=\"nofollow\">Twitter Web Client</a>", "in_reply_to_screen_name": null, "in_reply_to_user_id": null, "retweet_count": 29, "id_str": "957710694287261696", "favorited": false, "user": {"follow_request_sent": false, "has_extended_profile": false, "profile_use_background_image": false, "default_profile_image": false, "id": 14159640, "profile_background_image_url_https": "https://abs.twimg.com/images/themes/theme1/bg.png", "verified": false, "translator_type": "none", "profile_text_color": "000000", "profile_image_url_https": "https://pbs.twimg.com/profile_images/875591045077114880/uaReijkQ_normal.jpg", "profile_sidebar_fill_color": "000000", "entities": {"url": {"urls": [{"url": "https://t.co/b6l6V7QMkv", "indices": [0, 23], "expanded_url": "http://1bitsquared.com", "display_url": "1bitsquared.com"}]}, "description": {"urls": [{"url": "https://t.co/slOfKQQY6T", "indices": [24, 47], "expanded_url": "http://1bit2.com", "display_url": "1bit2.com"}, {"url": "https://t.co/2K5qN5Sri0", "indices": [70, 93], "expanded_url": "http://black-magic.org", "display_url": "black-magic.org"}, {"url": "https://t.co/L3OIVmx8mN", "indices": [94, 117], "expanded_url": "http://1bitsy.org", "display_url": "1bitsy.org"}, {"url": "https://t.co/tClWvATImR", "indices": [136, 159], "expanded_url": "http://youtube.com/user/esdentem", "display_url": "youtube.com/user/esdentem"}]}}, "followers_count": 1996, "profile_sidebar_border_color": "000000", "id_str": "14159640", "profile_background_color": "000000", "listed_count": 86, "is_translation_enabled": false, "utc_offset": -28800, "statuses_count": 7622, "description": "Founder of @1BitSquared https://t.co/slOfKQQY6T Embedded Systems Eng. https://t.co/2K5qN5Sri0 https://t.co/L3OIVmx8mN @paparazziuav YT: https://t.co/tClWvATImR", "friends_count": 1165, "location": "Eugene, OR; Ingolstadt, DE; Warszawa, PL", "profile_link_color": "262B2F", "profile_image_url": "http://pbs.twimg.com/profile_images/875591045077114880/uaReijkQ_normal.jpg", "following": false, "geo_enabled": false, "profile_background_image_url": "http://abs.twimg.com/images/themes/theme1/bg.png", "screen_name": "esden", "lang": "en", "profile_background_tile": false, "favourites_count": 13021, "name": "Piotr Esden-Tempski", "notifications": false, "url": "https://t.co/b6l6V7QMkv", "created_at": "Sun Mar 16 21:55:24 +0000 2008", "contributors_enabled": false, "time_zone": "Pacific Time (US & Canada)", "protected": false, "default_profile": false, "is_translator": false}, "geo": null, "in_reply_to_user_id_str": null, "possibly_sensitive": false, "lang": "en", "created_at": "Sun Jan 28 20:23:17 +0000 2018", "in_reply_to_status_id_str": null, "place": null, "metadata": {"iso_language_code": "en", "result_type": "recent"}}, "user": {"follow_request_sent": false, "has_extended_profile": false, "profile_use_background_image": true, "default_profile_image": false, "id": 14542783, "profile_background_image_url_https": "https://pbs.twimg.com/profile_background_images/582434131/b702gfj051dlluv0kdqg.jpeg", "verified": false, "translator_type": "none", "profile_text_color": "333333", "profile_image_url_https": "https://pbs.twimg.com/profile_images/719641081105678336/NA32bJkT_normal.jpg", "profile_sidebar_fill_color": "EADEAA", "entities": {"url": {"urls": [{"url": "http://t.co/ygbV0YooLU", "indices": [0, 22], "expanded_url": "http://www.mauriziogalluzzo.it", "display_url": "mauriziogalluzzo.it"}]}, "description": {"urls": []}}, "followers_count": 1231, "profile_sidebar_border_color": "D9B17E", "id_str": "14542783", "profile_background_color": "C2C2C2", "listed_count": 101, "is_translation_enabled": false, "utc_offset": 3600, "statuses_count": 10196, "description": "Naturalista e opistografo.   \nCoordinatore regionale #PAsocial.\nRT does not necessarily mean endorsement.", "friends_count": 3073, "location": "Milano", "profile_link_color": "9D582E", "profile_image_url": "http://pbs.twimg.com/profile_images/719641081105678336/NA32bJkT_normal.jpg", "following": false, "geo_enabled": false, "profile_banner_url": "https://pbs.twimg.com/profile_banners/14542783/1455034936", "profile_background_image_url": "http://pbs.twimg.com/profile_background_images/582434131/b702gfj051dlluv0kdqg.jpeg", "screen_name": "mauriziog", "lang": "it", "profile_background_tile": false, "favourites_count": 3997, "name": "Maurizio", "notifications": false, "url": "http://t.co/ygbV0YooLU", "created_at": "Sat Apr 26 11:51:45 +0000 2008", "contributors_enabled": false, "time_zone": "Rome", "protected": false, "default_profile": false, "is_translator": false}, "geo": null, "in_reply_to_user_id_str": null, "lang": "en", "created_at": "Tue Jan 30 10:34:32 +0000 2018", "in_reply_to_status_id_str": null, "place": null, "metadata": {"iso_language_code": "en", "result_type": "recent"}}, {"contributors": null, "truncated": false, "text": "RT @esden: Based on the iCEBreaker I present to you the iCEBreaker-bitsy: A tiny breadboard friendly version using the same iCE40UltraPlus5\u2026", "is_quote_status": false, "in_reply_to_status_id": null, "id": 958274651003613185, "favorite_count": 0, "retweeted": false, "coordinates": null, "source": "<a href=\"http://twitter.com/download/iphone\" rel=\"nofollow\">Twitter for iPhone</a>", "in_reply_to_screen_name": null, "in_reply_to_user_id": null, "retweet_count": 29, "id_str": "958274651003613185", "favorited": false, "retweeted_status": {"contributors": null, "truncated": true, "text": "Based on the iCEBreaker I present to you the iCEBreaker-bitsy: A tiny breadboard friendly version using the same iC\u2026 https://t.co/nkxsaUZDW6", "is_quote_status": false, "in_reply_to_status_id": null, "id": 957710694287261696, "favorite_count": 94, "retweeted": false, "coordinates": null, "source": "<a href=\"http://twitter.com\" rel=\"nofollow\">Twitter Web Client</a>", "in_reply_to_screen_name": null, "in_reply_to_user_id": null, "retweet_count": 29, "id_str": "957710694287261696", "favorited": false, "user": {"follow_request_sent": false, "has_extended_profile": false, "profile_use_background_image": false, "default_profile_image": false, "id": 14159640, "profile_background_image_url_https": "https://abs.twimg.com/images/themes/theme1/bg.png", "verified": false, "translator_type": "none", "profile_text_color": "000000", "profile_image_url_https": "https://pbs.twimg.com/profile_images/875591045077114880/uaReijkQ_normal.jpg", "profile_sidebar_fill_color": "000000", "entities": {"url": {"urls": [{"url": "https://t.co/b6l6V7QMkv", "indices": [0, 23], "expanded_url": "http://1bitsquared.com", "display_url": "1bitsquared.com"}]}, "description": {"urls": [{"url": "https://t.co/slOfKQQY6T", "indices": [24, 47], "expanded_url": "http://1bit2.com", "display_url": "1bit2.com"}, {"url": "https://t.co/2K5qN5Sri0", "indices": [70, 93], "expanded_url": "http://black-magic.org", "display_url": "black-magic.org"}, {"url": "https://t.co/L3OIVmx8mN", "indices": [94, 117], "expanded_url": "http://1bitsy.org", "display_url": "1bitsy.org"}, {"url": "https://t.co/tClWvATImR", "indices": [136, 159], "expanded_url": "http://youtube.com/user/esdentem", "display_url": "youtube.com/user/esdentem"}]}}, "followers_count": 1996, "profile_sidebar_border_color": "000000", "id_str": "14159640", "profile_background_color": "000000", "listed_count": 86, "is_translation_enabled": false, "utc_offset": -28800, "statuses_count": 7622, "description": "Founder of @1BitSquared https://t.co/slOfKQQY6T Embedded Systems Eng. https://t.co/2K5qN5Sri0 https://t.co/L3OIVmx8mN @paparazziuav YT: https://t.co/tClWvATImR", "friends_count": 1165, "location": "Eugene, OR; Ingolstadt, DE; Warszawa, PL", "profile_link_color": "262B2F", "profile_image_url": "http://pbs.twimg.com/profile_images/875591045077114880/uaReijkQ_normal.jpg", "following": false, "geo_enabled": false, "profile_background_image_url": "http://abs.twimg.com/images/themes/theme1/bg.png", "screen_name": "esden", "lang": "en", "profile_background_tile": false, "favourites_count": 13021, "name": "Piotr Esden-Tempski", "notifications": false, "url": "https://t.co/b6l6V7QMkv", "created_at": "Sun Mar 16 21:55:24 +0000 2008", "contributors_enabled": false, "time_zone": "Pacific Time (US & Canada)", "protected": false, "default_profile": false, "is_translator": false}, "geo": null, "in_reply_to_user_id_str": null, "possibly_sensitive": false, "lang": "en", "created_at": "Sun Jan 28 20:23:17 +0000 2018", "in_reply_to_status_id_str": null, "place": null, "metadata": {"iso_language_code": "en", "result_type": "recent"}}, "user": {"follow_request_sent": false, "has_extended_profile": false, "profile_use_background_image": false, "default_profile_image": false, "id": 2367142969, "profile_background_image_url_https": "https://abs.twimg.com/images/themes/theme1/bg.png", "verified": false, "translator_type": "none", "profile_text_color": "000000", "profile_image_url_https": "https://pbs.twimg.com/profile_images/805014180659085312/1vnlnDE1_normal.jpg", "profile_sidebar_fill_color": "000000", "entities": {"description": {"urls": []}}, "followers_count": 570, "profile_sidebar_border_color": "000000", "id_str": "2367142969", "profile_background_color": "000000", "listed_count": 49, "is_translation_enabled": false, "utc_offset": 19800, "statuses_count": 1132, "description": "Hardware, IOT and ICS security researcher", "friends_count": 609, "location": "", "profile_link_color": "4A913C", "profile_image_url": "http://pbs.twimg.com/profile_images/805014180659085312/1vnlnDE1_normal.jpg", "following": false, "geo_enabled": false, "profile_background_image_url": "http://abs.twimg.com/images/themes/theme1/bg.png", "screen_name": "rootkill3r", "lang": "en", "profile_background_tile": false, "favourites_count": 1074, "name": "Arun Mane", "notifications": false, "url": null, "created_at": "Sat Mar 01 14:18:17 +0000 2014", "contributors_enabled": false, "time_zone": "Chennai", "protected": false, "default_profile": false, "is_translator": false}, "geo": null, "in_reply_to_user_id_str": null, "lang": "en", "created_at": "Tue Jan 30 09:44:15 +0000 2018", "in_reply_to_status_id_str": null, "place": null, "metadata": {"iso_language_code": "en", "result_type": "recent"}}, {"contributors": null, "truncated": false, "text": "RT @esden: Based on the iCEBreaker I present to you the iCEBreaker-bitsy: A tiny breadboard friendly version using the same iCE40UltraPlus5\u2026", "is_quote_status": false, "in_reply_to_status_id": null, "id": 958237921475219456, "favorite_count": 0, "retweeted": false, "coordinates": null, "source": "<a href=\"http://twitter.com/download/iphone\" rel=\"nofollow\">Twitter for iPhone</a>", "in_reply_to_screen_name": null, "in_reply_to_user_id": null, "retweet_count": 29, "id_str": "958237921475219456", "favorited": false, "retweeted_status": {"contributors": null, "truncated": true, "text": "Based on the iCEBreaker I present to you the iCEBreaker-bitsy: A tiny breadboard friendly version using the same iC\u2026 https://t.co/nkxsaUZDW6", "is_quote_status": false, "in_reply_to_status_id": null, "id": 957710694287261696, "favorite_count": 94, "retweeted": false, "coordinates": null, "source": "<a href=\"http://twitter.com\" rel=\"nofollow\">Twitter Web Client</a>", "in_reply_to_screen_name": null, "in_reply_to_user_id": null, "retweet_count": 29, "id_str": "957710694287261696", "favorited": false, "user": {"follow_request_sent": false, "has_extended_profile": false, "profile_use_background_image": false, "default_profile_image": false, "id": 14159640, "profile_background_image_url_https": "https://abs.twimg.com/images/themes/theme1/bg.png", "verified": false, "translator_type": "none", "profile_text_color": "000000", "profile_image_url_https": "https://pbs.twimg.com/profile_images/875591045077114880/uaReijkQ_normal.jpg", "profile_sidebar_fill_color": "000000", "entities": {"url": {"urls": [{"url": "https://t.co/b6l6V7QMkv", "indices": [0, 23], "expanded_url": "http://1bitsquared.com", "display_url": "1bitsquared.com"}]}, "description": {"urls": [{"url": "https://t.co/slOfKQQY6T", "indices": [24, 47], "expanded_url": "http://1bit2.com", "display_url": "1bit2.com"}, {"url": "https://t.co/2K5qN5Sri0", "indices": [70, 93], "expanded_url": "http://black-magic.org", "display_url": "black-magic.org"}, {"url": "https://t.co/L3OIVmx8mN", "indices": [94, 117], "expanded_url": "http://1bitsy.org", "display_url": "1bitsy.org"}, {"url": "https://t.co/tClWvATImR", "indices": [136, 159], "expanded_url": "http://youtube.com/user/esdentem", "display_url": "youtube.com/user/esdentem"}]}}, "followers_count": 1996, "profile_sidebar_border_color": "000000", "id_str": "14159640", "profile_background_color": "000000", "listed_count": 86, "is_translation_enabled": false, "utc_offset": -28800, "statuses_count": 7622, "description": "Founder of @1BitSquared https://t.co/slOfKQQY6T Embedded Systems Eng. https://t.co/2K5qN5Sri0 https://t.co/L3OIVmx8mN @paparazziuav YT: https://t.co/tClWvATImR", "friends_count": 1165, "location": "Eugene, OR; Ingolstadt, DE; Warszawa, PL", "profile_link_color": "262B2F", "profile_image_url": "http://pbs.twimg.com/profile_images/875591045077114880/uaReijkQ_normal.jpg", "following": false, "geo_enabled": false, "profile_background_image_url": "http://abs.twimg.com/images/themes/theme1/bg.png", "screen_name": "esden", "lang": "en", "profile_background_tile": false, "favourites_count": 13021, "name": "Piotr Esden-Tempski", "notifications": false, "url": "https://t.co/b6l6V7QMkv", "created_at": "Sun Mar 16 21:55:24 +0000 2008", "contributors_enabled": false, "time_zone": "Pacific Time (US & Canada)", "protected": false, "default_profile": false, "is_translator": false}, "geo": null, "in_reply_to_user_id_str": null, "possibly_sensitive": false, "lang": "en", "created_at": "Sun Jan 28 20:23:17 +0000 2018", "in_reply_to_status_id_str": null, "place": null, "metadata": {"iso_language_code": "en", "result_type": "recent"}}, "user": {"follow_request_sent": false, "has_extended_profile": false, "profile_use_background_image": true, "default_profile_image": false, "id": 252827867, "profile_background_image_url_https": "https://pbs.twimg.com/profile_background_images/679140242/94ec826acdbcb8da205d58010d524a13.jpeg", "verified": false, "translator_type": "none", "profile_text_color": "666666", "profile_image_url_https": "https://pbs.twimg.com/profile_images/1683627393/infiltrado_normal.jpg", "profile_sidebar_fill_color": "252429", "entities": {"description": {"urls": []}}, "followers_count": 1808, "profile_sidebar_border_color": "000000", "id_str": "252827867", "profile_background_color": "1A1B1F", "listed_count": 136, "is_translation_enabled": false, "utc_offset": 3600, "statuses_count": 10920, "description": "Pentester Descubriendo lo que se puede hacer. Conquense de nacimiento,Valenciano de adopcion, Madrile\u00f1o por trabajo, ciudadano del mundo. OSCP\u2820\u2835", "friends_count": 2909, "location": "Espa\u00f1a", "profile_link_color": "000000", "profile_image_url": "http://pbs.twimg.com/profile_images/1683627393/infiltrado_normal.jpg", "following": false, "geo_enabled": true, "profile_banner_url": "https://pbs.twimg.com/profile_banners/252827867/1349643313", "profile_background_image_url": "http://pbs.twimg.com/profile_background_images/679140242/94ec826acdbcb8da205d58010d524a13.jpeg", "screen_name": "infiltrandome", "lang": "es", "profile_background_tile": false, "favourites_count": 5780, "name": "Cirin", "notifications": false, "url": null, "created_at": "Wed Feb 16 00:30:25 +0000 2011", "contributors_enabled": false, "time_zone": "Madrid", "protected": false, "default_profile": false, "is_translator": false}, "geo": null, "in_reply_to_user_id_str": null, "lang": "en", "created_at": "Tue Jan 30 07:18:18 +0000 2018", "in_reply_to_status_id_str": null, "place": null, "metadata": {"iso_language_code": "en", "result_type": "recent"}}, {"contributors": null, "truncated": false, "text": "RT @esden: Based on the iCEBreaker I present to you the iCEBreaker-bitsy: A tiny breadboard friendly version using the same iCE40UltraPlus5\u2026", "is_quote_status": false, "in_reply_to_status_id": null, "id": 958127387266420742, "favorite_count": 0, "retweeted": false, "coordinates": null, "source": "<a href=\"http://twitter.com/download/android\" rel=\"nofollow\">Twitter for Android</a>", "in_reply_to_screen_name": null, "in_reply_to_user_id": null, "retweet_count": 29, "id_str": "958127387266420742", "favorited": false, "retweeted_status": {"contributors": null, "truncated": true, "text": "Based on the iCEBreaker I present to you the iCEBreaker-bitsy: A tiny breadboard friendly version using the same iC\u2026 https://t.co/nkxsaUZDW6", "is_quote_status": false, "in_reply_to_status_id": null, "id": 957710694287261696, "favorite_count": 94, "retweeted": false, "coordinates": null, "source": "<a href=\"http://twitter.com\" rel=\"nofollow\">Twitter Web Client</a>", "in_reply_to_screen_name": null, "in_reply_to_user_id": null, "retweet_count": 29, "id_str": "957710694287261696", "favorited": false, "user": {"follow_request_sent": false, "has_extended_profile": false, "profile_use_background_image": false, "default_profile_image": false, "id": 14159640, "profile_background_image_url_https": "https://abs.twimg.com/images/themes/theme1/bg.png", "verified": false, "translator_type": "none", "profile_text_color": "000000", "profile_image_url_https": "https://pbs.twimg.com/profile_images/875591045077114880/uaReijkQ_normal.jpg", "profile_sidebar_fill_color": "000000", "entities": {"url": {"urls": [{"url": "https://t.co/b6l6V7QMkv", "indices": [0, 23], "expanded_url": "http://1bitsquared.com", "display_url": "1bitsquared.com"}]}, "description": {"urls": [{"url": "https://t.co/slOfKQQY6T", "indices": [24, 47], "expanded_url": "http://1bit2.com", "display_url": "1bit2.com"}, {"url": "https://t.co/2K5qN5Sri0", "indices": [70, 93], "expanded_url": "http://black-magic.org", "display_url": "black-magic.org"}, {"url": "https://t.co/L3OIVmx8mN", "indices": [94, 117], "expanded_url": "http://1bitsy.org", "display_url": "1bitsy.org"}, {"url": "https://t.co/tClWvATImR", "indices": [136, 159], "expanded_url": "http://youtube.com/user/esdentem", "display_url": "youtube.com/user/esdentem"}]}}, "followers_count": 1996, "profile_sidebar_border_color": "000000", "id_str": "14159640", "profile_background_color": "000000", "listed_count": 86, "is_translation_enabled": false, "utc_offset": -28800, "statuses_count": 7622, "description": "Founder of @1BitSquared https://t.co/slOfKQQY6T Embedded Systems Eng. https://t.co/2K5qN5Sri0 https://t.co/L3OIVmx8mN @paparazziuav YT: https://t.co/tClWvATImR", "friends_count": 1165, "location": "Eugene, OR; Ingolstadt, DE; Warszawa, PL", "profile_link_color": "262B2F", "profile_image_url": "http://pbs.twimg.com/profile_images/875591045077114880/uaReijkQ_normal.jpg", "following": false, "geo_enabled": false, "profile_background_image_url": "http://abs.twimg.com/images/themes/theme1/bg.png", "screen_name": "esden", "lang": "en", "profile_background_tile": false, "favourites_count": 13021, "name": "Piotr Esden-Tempski", "notifications": false, "url": "https://t.co/b6l6V7QMkv", "created_at": "Sun Mar 16 21:55:24 +0000 2008", "contributors_enabled": false, "time_zone": "Pacific Time (US & Canada)", "protected": false, "default_profile": false, "is_translator": false}, "geo": null, "in_reply_to_user_id_str": null, "possibly_sensitive": false, "lang": "en", "created_at": "Sun Jan 28 20:23:17 +0000 2018", "in_reply_to_status_id_str": null, "place": null, "metadata": {"iso_language_code": "en", "result_type": "recent"}}, "user": {"follow_request_sent": false, "has_extended_profile": false, "profile_use_background_image": true, "default_profile_image": false, "id": 16616583, "profile_background_image_url_https": "https://pbs.twimg.com/profile_background_images/243118113/TwitterBackground.jpg", "verified": false, "translator_type": "none", "profile_text_color": "333333", "profile_image_url_https": "https://pbs.twimg.com/profile_images/896482144725475330/ZqWng1wG_normal.jpg", "profile_sidebar_fill_color": "DDFFCC", "entities": {"url": {"urls": [{"url": "https://t.co/m6jYn0RMTo", "indices": [0, 23], "expanded_url": "http://www.brianmoreau.com", "display_url": "brianmoreau.com"}]}, "description": {"urls": []}}, "followers_count": 615, "profile_sidebar_border_color": "BDDCAD", "id_str": "16616583", "profile_background_color": "9AE4E8", "listed_count": 161, "is_translation_enabled": false, "utc_offset": 0, "statuses_count": 16142, "description": "STEMM Educator Inventor & maker of 'Things' #IoT #smarttech #arduino #wearable #electronics #technology #art #thefuture", "friends_count": 994, "location": "London", "profile_link_color": "0084B4", "profile_image_url": "http://pbs.twimg.com/profile_images/896482144725475330/ZqWng1wG_normal.jpg", "following": false, "geo_enabled": true, "profile_banner_url": "https://pbs.twimg.com/profile_banners/16616583/1472501524", "profile_background_image_url": "http://pbs.twimg.com/profile_background_images/243118113/TwitterBackground.jpg", "screen_name": "brianmoreau", "lang": "en", "profile_background_tile": true, "favourites_count": 35, "name": "Brian Moreau", "notifications": false, "url": "https://t.co/m6jYn0RMTo", "created_at": "Mon Oct 06 17:29:44 +0000 2008", "contributors_enabled": false, "time_zone": "London", "protected": false, "default_profile": false, "is_translator": false}, "geo": null, "in_reply_to_user_id_str": null, "lang": "en", "created_at": "Mon Jan 29 23:59:04 +0000 2018", "in_reply_to_status_id_str": null, "place": null, "metadata": {"iso_language_code": "en", "result_type": "recent"}}]}