{"search_metadata": {"count": 100, "completed_in": 0.04, "max_id_str": "962494293452754945", "since_id_str": "0", "refresh_url": "?since_id=962494293452754945&q=upduino", "since_id": 0, "query": "upduino", "max_id": 962494293452754945}, "statuses": [{"contributors": null, "truncated": false, "text": "RT @ico_TC: UPduino  2.0 Lattice ice40UP with USB programmer for 16 USD including shipping https://t.co/pjyezxZPaX", "is_quote_status": false, "in_reply_to_status_id": null, "id": 962494293452754945, "favorite_count": 0, "retweeted": false, "coordinates": null, "source": "<a href=\"http://twitter.com/download/android\" rel=\"nofollow\">Twitter for Android</a>", "in_reply_to_screen_name": null, "in_reply_to_user_id": null, "retweet_count": 5, "id_str": "962494293452754945", "favorited": false, "retweeted_status": {"contributors": null, "truncated": false, "text": "UPduino  2.0 Lattice ice40UP with USB programmer for 16 USD including shipping https://t.co/pjyezxZPaX", "is_quote_status": false, "in_reply_to_status_id": null, "id": 959073591596756995, "favorite_count": 10, "retweeted": false, "coordinates": null, "source": "<a href=\"http://twitter.com\" rel=\"nofollow\">Twitter Web Client</a>", "in_reply_to_screen_name": null, "in_reply_to_user_id": null, "retweet_count": 5, "id_str": "959073591596756995", "favorited": false, "user": {"follow_request_sent": false, "has_extended_profile": false, "profile_use_background_image": true, "default_profile_image": false, "id": 4784087996, "profile_background_image_url_https": "https://pbs.twimg.com/profile_background_images/689465172780408834/Uc1lwU-E.png", "verified": false, "translator_type": "none", "profile_text_color": "000000", "profile_image_url_https": "https://pbs.twimg.com/profile_images/689460000461221892/2qwdiB1o_normal.png", "profile_sidebar_fill_color": "000000", "entities": {"url": {"urls": [{"url": "https://t.co/maMK0lZDrN", "indices": [0, 23], "expanded_url": "http://www.icoboard.org", "display_url": "icoboard.org"}]}, "description": {"urls": []}}, "followers_count": 1451, "profile_sidebar_border_color": "000000", "id_str": "4784087996", "profile_background_color": "000000", "listed_count": 59, "is_translation_enabled": false, "utc_offset": 3600, "statuses_count": 5712, "description": "News about Yosys, ArachnePnR, icetools, SymbiFlow, SymbiYosys. Open Source FPGA tools for Lattice-ice40 and Xilinx-Series7 FPGAs  and boards.", "friends_count": 385, "location": "", "profile_link_color": "DD2E44", "profile_image_url": "http://pbs.twimg.com/profile_images/689460000461221892/2qwdiB1o_normal.png", "following": true, "geo_enabled": false, "profile_banner_url": "https://pbs.twimg.com/profile_banners/4784087996/1453216123", "profile_background_image_url": "http://pbs.twimg.com/profile_background_images/689465172780408834/Uc1lwU-E.png", "screen_name": "ico_TC", "lang": "de", "profile_background_tile": true, "favourites_count": 405, "name": "icoTC OSS for FPGAs", "notifications": false, "url": "https://t.co/maMK0lZDrN", "created_at": "Tue Jan 19 14:42:43 +0000 2016", "contributors_enabled": false, "time_zone": "Vienna", "protected": false, "default_profile": false, "is_translator": false}, "geo": null, "in_reply_to_user_id_str": null, "possibly_sensitive": false, "lang": "en", "created_at": "Thu Feb 01 14:38:57 +0000 2018", "in_reply_to_status_id_str": null, "place": null, "metadata": {"iso_language_code": "en", "result_type": "recent"}}, "user": {"follow_request_sent": false, "has_extended_profile": false, "profile_use_background_image": false, "default_profile_image": false, "id": 128597261, "profile_background_image_url_https": "https://abs.twimg.com/images/themes/theme1/bg.png", "verified": false, "translator_type": "none", "profile_text_color": "000000", "profile_image_url_https": "https://pbs.twimg.com/profile_images/634908784758910976/eLm2n7we_normal.jpg", "profile_sidebar_fill_color": "000000", "entities": {"description": {"urls": []}}, "followers_count": 191, "profile_sidebar_border_color": "000000", "id_str": "128597261", "profile_background_color": "000000", "listed_count": 16, "is_translation_enabled": false, "utc_offset": 7200, "statuses_count": 1375, "description": "Engineer with a passion for technology on a mission to innovate 4 development.", "friends_count": 384, "location": "United States", "profile_link_color": "3B94D9", "profile_image_url": "http://pbs.twimg.com/profile_images/634908784758910976/eLm2n7we_normal.jpg", "following": false, "geo_enabled": false, "profile_banner_url": "https://pbs.twimg.com/profile_banners/128597261/1419609446", "profile_background_image_url": "http://abs.twimg.com/images/themes/theme1/bg.png", "screen_name": "AL4Dev", "lang": "en", "profile_background_tile": false, "favourites_count": 1575, "name": "Al4dev", "notifications": false, "url": null, "created_at": "Thu Apr 01 16:06:12 +0000 2010", "contributors_enabled": false, "time_zone": "Athens", "protected": false, "default_profile": false, "is_translator": false}, "geo": null, "in_reply_to_user_id_str": null, "possibly_sensitive": false, "lang": "en", "created_at": "Sun Feb 11 01:11:36 +0000 2018", "in_reply_to_status_id_str": null, "place": null, "metadata": {"iso_language_code": "en", "result_type": "recent"}}, {"contributors": null, "truncated": true, "text": "@micko_mame @esden It could be doable with an external clock and the decoupling capacitor mod I mentioned.  Besides\u2026 https://t.co/k2hsTORvM2", "is_quote_status": false, "in_reply_to_status_id": 959841047399620610, "id": 959841803275976704, "favorite_count": 2, "retweeted": false, "coordinates": null, "source": "<a href=\"http://twitter.com/download/iphone\" rel=\"nofollow\">Twitter for iPhone</a>", "in_reply_to_screen_name": "micko_mame", "in_reply_to_user_id": 2321177005, "retweet_count": 0, "id_str": "959841803275976704", "favorited": false, "user": {"follow_request_sent": false, "has_extended_profile": true, "profile_use_background_image": true, "default_profile_image": false, "id": 915976368571027457, "profile_background_image_url_https": null, "verified": false, "translator_type": "none", "profile_text_color": "333333", "profile_image_url_https": "https://pbs.twimg.com/profile_images/955217661255823360/UuopzrBw_normal.jpg", "profile_sidebar_fill_color": "DDEEF6", "entities": {"url": {"urls": [{"url": "https://t.co/4HGx6AsrEI", "indices": [0, 23], "expanded_url": "http://tinyfpga.com", "display_url": "tinyfpga.com"}]}, "description": {"urls": []}}, "followers_count": 720, "profile_sidebar_border_color": "C0DEED", "id_str": "915976368571027457", "profile_background_color": "F5F8FA", "listed_count": 11, "is_translation_enabled": false, "utc_offset": null, "statuses_count": 779, "description": "husband, father of two, hardware verification architect, TinyFPGA creator", "friends_count": 212, "location": "Sacramento, CA", "profile_link_color": "1DA1F2", "profile_image_url": "http://pbs.twimg.com/profile_images/955217661255823360/UuopzrBw_normal.jpg", "following": true, "geo_enabled": false, "profile_banner_url": "https://pbs.twimg.com/profile_banners/915976368571027457/1516576613", "profile_background_image_url": null, "screen_name": "TinyFPGA", "lang": "en", "profile_background_tile": false, "favourites_count": 694, "name": "Luke Valenty", "notifications": false, "url": "https://t.co/4HGx6AsrEI", "created_at": "Thu Oct 05 16:25:59 +0000 2017", "contributors_enabled": false, "time_zone": null, "protected": false, "default_profile": true, "is_translator": false}, "geo": null, "in_reply_to_user_id_str": "2321177005", "lang": "en", "created_at": "Sat Feb 03 17:31:33 +0000 2018", "in_reply_to_status_id_str": "959841047399620610", "place": null, "metadata": {"iso_language_code": "en", "result_type": "recent"}}, {"contributors": null, "truncated": true, "text": "@micko_mame @esden The upduino board also has PLL stability issues.  There are some extra decoupling capacitors tha\u2026 https://t.co/XfjzrjK2D3", "is_quote_status": false, "in_reply_to_status_id": 959840320828555265, "id": 959840976591208448, "favorite_count": 2, "retweeted": false, "coordinates": null, "source": "<a href=\"http://twitter.com/download/iphone\" rel=\"nofollow\">Twitter for iPhone</a>", "in_reply_to_screen_name": "TinyFPGA", "in_reply_to_user_id": 915976368571027457, "retweet_count": 0, "id_str": "959840976591208448", "favorited": false, "user": {"follow_request_sent": false, "has_extended_profile": true, "profile_use_background_image": true, "default_profile_image": false, "id": 915976368571027457, "profile_background_image_url_https": null, "verified": false, "translator_type": "none", "profile_text_color": "333333", "profile_image_url_https": "https://pbs.twimg.com/profile_images/955217661255823360/UuopzrBw_normal.jpg", "profile_sidebar_fill_color": "DDEEF6", "entities": {"url": {"urls": [{"url": "https://t.co/4HGx6AsrEI", "indices": [0, 23], "expanded_url": "http://tinyfpga.com", "display_url": "tinyfpga.com"}]}, "description": {"urls": []}}, "followers_count": 720, "profile_sidebar_border_color": "C0DEED", "id_str": "915976368571027457", "profile_background_color": "F5F8FA", "listed_count": 11, "is_translation_enabled": false, "utc_offset": null, "statuses_count": 779, "description": "husband, father of two, hardware verification architect, TinyFPGA creator", "friends_count": 212, "location": "Sacramento, CA", "profile_link_color": "1DA1F2", "profile_image_url": "http://pbs.twimg.com/profile_images/955217661255823360/UuopzrBw_normal.jpg", "following": true, "geo_enabled": false, "profile_banner_url": "https://pbs.twimg.com/profile_banners/915976368571027457/1516576613", "profile_background_image_url": null, "screen_name": "TinyFPGA", "lang": "en", "profile_background_tile": false, "favourites_count": 694, "name": "Luke Valenty", "notifications": false, "url": "https://t.co/4HGx6AsrEI", "created_at": "Thu Oct 05 16:25:59 +0000 2017", "contributors_enabled": false, "time_zone": null, "protected": false, "default_profile": true, "is_translator": false}, "geo": null, "in_reply_to_user_id_str": "915976368571027457", "possibly_sensitive": false, "lang": "en", "created_at": "Sat Feb 03 17:28:16 +0000 2018", "in_reply_to_status_id_str": "959840320828555265", "place": null, "metadata": {"iso_language_code": "en", "result_type": "recent"}}, {"contributors": null, "truncated": false, "text": "@TinyFPGA @esden Still does not work, but working on it ;) it's upduino board able only to do direct spi programming https://t.co/28AKxbJtUo", "is_quote_status": false, "in_reply_to_status_id": 959832367618666496, "id": 959839689401303040, "favorite_count": 1, "retweeted": false, "coordinates": null, "source": "<a href=\"http://www.twitter.com\" rel=\"nofollow\">Twitter for Windows</a>", "in_reply_to_screen_name": "TinyFPGA", "in_reply_to_user_id": 915976368571027457, "retweet_count": 0, "id_str": "959839689401303040", "favorited": false, "user": {"follow_request_sent": false, "has_extended_profile": true, "profile_use_background_image": false, "default_profile_image": false, "id": 2321177005, "profile_background_image_url_https": "https://abs.twimg.com/images/themes/theme1/bg.png", "verified": false, "translator_type": "none", "profile_text_color": "000000", "profile_image_url_https": "https://pbs.twimg.com/profile_images/802054622089199616/oO3P7kq6_normal.jpg", "profile_sidebar_fill_color": "000000", "entities": {"url": {"urls": [{"url": "http://t.co/z3nzOswY75", "indices": [0, 22], "expanded_url": "http://www.mamedev.org/", "display_url": "mamedev.org"}]}, "description": {"urls": []}}, "followers_count": 475, "profile_sidebar_border_color": "000000", "id_str": "2321177005", "profile_background_color": "000000", "listed_count": 14, "is_translation_enabled": false, "utc_offset": 3600, "statuses_count": 864, "description": "Software developer,MAME project developer and emulation enthusiast", "friends_count": 338, "location": "Novi Sad , Serbia", "profile_link_color": "3B94D9", "profile_image_url": "http://pbs.twimg.com/profile_images/802054622089199616/oO3P7kq6_normal.jpg", "following": false, "geo_enabled": false, "profile_banner_url": "https://pbs.twimg.com/profile_banners/2321177005/1421306770", "profile_background_image_url": "http://abs.twimg.com/images/themes/theme1/bg.png", "screen_name": "micko_mame", "lang": "en", "profile_background_tile": false, "favourites_count": 1393, "name": "Miodrag Milanovic", "notifications": false, "url": "http://t.co/z3nzOswY75", "created_at": "Fri Jan 31 18:07:27 +0000 2014", "contributors_enabled": false, "time_zone": "Belgrade", "protected": false, "default_profile": false, "is_translator": false}, "geo": null, "in_reply_to_user_id_str": "915976368571027457", "possibly_sensitive": false, "lang": "en", "created_at": "Sat Feb 03 17:23:09 +0000 2018", "in_reply_to_status_id_str": "959832367618666496", "place": null, "metadata": {"iso_language_code": "en", "result_type": "recent"}}, {"contributors": null, "truncated": false, "text": "RT @ico_TC: UPduino  2.0 Lattice ice40UP with USB programmer for 16 USD including shipping https://t.co/pjyezxZPaX", "is_quote_status": false, "in_reply_to_status_id": null, "id": 959416707117998080, "favorite_count": 0, "retweeted": false, "coordinates": null, "source": "<a href=\"http://twitter.com/download/android\" rel=\"nofollow\">Twitter for Android</a>", "in_reply_to_screen_name": null, "in_reply_to_user_id": null, "retweet_count": 5, "id_str": "959416707117998080", "favorited": false, "retweeted_status": {"contributors": null, "truncated": false, "text": "UPduino  2.0 Lattice ice40UP with USB programmer for 16 USD including shipping https://t.co/pjyezxZPaX", "is_quote_status": false, "in_reply_to_status_id": null, "id": 959073591596756995, "favorite_count": 10, "retweeted": false, "coordinates": null, "source": "<a href=\"http://twitter.com\" rel=\"nofollow\">Twitter Web Client</a>", "in_reply_to_screen_name": null, "in_reply_to_user_id": null, "retweet_count": 5, "id_str": "959073591596756995", "favorited": false, "user": {"follow_request_sent": false, "has_extended_profile": false, "profile_use_background_image": true, "default_profile_image": false, "id": 4784087996, "profile_background_image_url_https": "https://pbs.twimg.com/profile_background_images/689465172780408834/Uc1lwU-E.png", "verified": false, "translator_type": "none", "profile_text_color": "000000", "profile_image_url_https": "https://pbs.twimg.com/profile_images/689460000461221892/2qwdiB1o_normal.png", "profile_sidebar_fill_color": "000000", "entities": {"url": {"urls": [{"url": "https://t.co/maMK0lZDrN", "indices": [0, 23], "expanded_url": "http://www.icoboard.org", "display_url": "icoboard.org"}]}, "description": {"urls": []}}, "followers_count": 1451, "profile_sidebar_border_color": "000000", "id_str": "4784087996", "profile_background_color": "000000", "listed_count": 59, "is_translation_enabled": false, "utc_offset": 3600, "statuses_count": 5712, "description": "News about Yosys, ArachnePnR, icetools, SymbiFlow, SymbiYosys. Open Source FPGA tools for Lattice-ice40 and Xilinx-Series7 FPGAs  and boards.", "friends_count": 385, "location": "", "profile_link_color": "DD2E44", "profile_image_url": "http://pbs.twimg.com/profile_images/689460000461221892/2qwdiB1o_normal.png", "following": true, "geo_enabled": false, "profile_banner_url": "https://pbs.twimg.com/profile_banners/4784087996/1453216123", "profile_background_image_url": "http://pbs.twimg.com/profile_background_images/689465172780408834/Uc1lwU-E.png", "screen_name": "ico_TC", "lang": "de", "profile_background_tile": true, "favourites_count": 405, "name": "icoTC OSS for FPGAs", "notifications": false, "url": "https://t.co/maMK0lZDrN", "created_at": "Tue Jan 19 14:42:43 +0000 2016", "contributors_enabled": false, "time_zone": "Vienna", "protected": false, "default_profile": false, "is_translator": false}, "geo": null, "in_reply_to_user_id_str": null, "possibly_sensitive": false, "lang": "en", "created_at": "Thu Feb 01 14:38:57 +0000 2018", "in_reply_to_status_id_str": null, "place": null, "metadata": {"iso_language_code": "en", "result_type": "recent"}}, "user": {"follow_request_sent": false, "has_extended_profile": false, "profile_use_background_image": true, "default_profile_image": false, "id": 3205593623, "profile_background_image_url_https": "https://abs.twimg.com/images/themes/theme1/bg.png", "verified": false, "translator_type": "none", "profile_text_color": "333333", "profile_image_url_https": "https://pbs.twimg.com/profile_images/631810028585025536/5wfC4Jw-_normal.jpg", "profile_sidebar_fill_color": "DDEEF6", "entities": {"url": {"urls": [{"url": "http://t.co/beF3dzUEVk", "indices": [0, 22], "expanded_url": "http://www.lexicadb.com", "display_url": "lexicadb.com"}]}, "description": {"urls": []}}, "followers_count": 169, "profile_sidebar_border_color": "C0DEED", "id_str": "3205593623", "profile_background_color": "C0DEED", "listed_count": 19, "is_translation_enabled": false, "utc_offset": -18000, "statuses_count": 229, "description": "Expertise in #compilers, #FPGA, #IoT, #machinelearning, #NLP", "friends_count": 77, "location": "Vermont, USA", "profile_link_color": "1DA1F2", "profile_image_url": "http://pbs.twimg.com/profile_images/631810028585025536/5wfC4Jw-_normal.jpg", "following": false, "geo_enabled": false, "profile_background_image_url": "http://abs.twimg.com/images/themes/theme1/bg.png", "screen_name": "GreenMtnComp", "lang": "en", "profile_background_tile": false, "favourites_count": 93, "name": "Scott Thibault", "notifications": false, "url": "http://t.co/beF3dzUEVk", "created_at": "Sat Apr 25 12:21:43 +0000 2015", "contributors_enabled": false, "time_zone": "Eastern Time (US & Canada)", "protected": false, "default_profile": true, "is_translator": false}, "geo": null, "in_reply_to_user_id_str": null, "possibly_sensitive": false, "lang": "en", "created_at": "Fri Feb 02 13:22:22 +0000 2018", "in_reply_to_status_id_str": null, "place": null, "metadata": {"iso_language_code": "en", "result_type": "recent"}}, {"contributors": null, "truncated": true, "text": "@esden @jamisnemo @OSHStencils @digikey @oshpark BTW the Jumper swapping is not needed, if you can keep HiZ one of\u2026 https://t.co/Y69shNsn6m", "is_quote_status": false, "in_reply_to_status_id": 959209937174806528, "id": 959319077746454530, "favorite_count": 2, "retweeted": false, "coordinates": null, "source": "<a href=\"http://twitter.com\" rel=\"nofollow\">Twitter Web Client</a>", "in_reply_to_screen_name": "esden", "in_reply_to_user_id": 14159640, "retweet_count": 0, "id_str": "959319077746454530", "favorited": false, "user": {"follow_request_sent": false, "has_extended_profile": false, "profile_use_background_image": true, "default_profile_image": false, "id": 4820664123, "profile_background_image_url_https": null, "verified": false, "translator_type": "none", "profile_text_color": "333333", "profile_image_url_https": "https://pbs.twimg.com/profile_images/689054604135301120/97W-wpbK_normal.jpg", "profile_sidebar_fill_color": "DDEEF6", "entities": {"description": {"urls": []}}, "followers_count": 3, "profile_sidebar_border_color": "C0DEED", "id_str": "4820664123", "profile_background_color": "F5F8FA", "listed_count": 0, "is_translation_enabled": false, "utc_offset": null, "statuses_count": 8, "description": "", "friends_count": 36, "location": "", "profile_link_color": "1DA1F2", "profile_image_url": "http://pbs.twimg.com/profile_images/689054604135301120/97W-wpbK_normal.jpg", "following": false, "geo_enabled": false, "profile_background_image_url": null, "screen_name": "be17068", "lang": "it", "profile_background_tile": false, "favourites_count": 5, "name": "andrea", "notifications": false, "url": null, "created_at": "Sun Jan 17 10:40:59 +0000 2016", "contributors_enabled": false, "time_zone": null, "protected": false, "default_profile": true, "is_translator": false}, "geo": null, "in_reply_to_user_id_str": "14159640", "lang": "en", "created_at": "Fri Feb 02 06:54:26 +0000 2018", "in_reply_to_status_id_str": "959209937174806528", "place": null, "metadata": {"iso_language_code": "en", "result_type": "recent"}}, {"contributors": null, "truncated": false, "text": "RT @ico_TC: UPduino  2.0 Lattice ice40UP with USB programmer for 16 USD including shipping https://t.co/pjyezxZPaX", "is_quote_status": false, "in_reply_to_status_id": null, "id": 959163596344365057, "favorite_count": 0, "retweeted": false, "coordinates": null, "source": "<a href=\"http://twitter.com/download/android\" rel=\"nofollow\">Twitter for Android</a>", "in_reply_to_screen_name": null, "in_reply_to_user_id": null, "retweet_count": 5, "id_str": "959163596344365057", "favorited": false, "retweeted_status": {"contributors": null, "truncated": false, "text": "UPduino  2.0 Lattice ice40UP with USB programmer for 16 USD including shipping https://t.co/pjyezxZPaX", "is_quote_status": false, "in_reply_to_status_id": null, "id": 959073591596756995, "favorite_count": 10, "retweeted": false, "coordinates": null, "source": "<a href=\"http://twitter.com\" rel=\"nofollow\">Twitter Web Client</a>", "in_reply_to_screen_name": null, "in_reply_to_user_id": null, "retweet_count": 5, "id_str": "959073591596756995", "favorited": false, "user": {"follow_request_sent": false, "has_extended_profile": false, "profile_use_background_image": true, "default_profile_image": false, "id": 4784087996, "profile_background_image_url_https": "https://pbs.twimg.com/profile_background_images/689465172780408834/Uc1lwU-E.png", "verified": false, "translator_type": "none", "profile_text_color": "000000", "profile_image_url_https": "https://pbs.twimg.com/profile_images/689460000461221892/2qwdiB1o_normal.png", "profile_sidebar_fill_color": "000000", "entities": {"url": {"urls": [{"url": "https://t.co/maMK0lZDrN", "indices": [0, 23], "expanded_url": "http://www.icoboard.org", "display_url": "icoboard.org"}]}, "description": {"urls": []}}, "followers_count": 1451, "profile_sidebar_border_color": "000000", "id_str": "4784087996", "profile_background_color": "000000", "listed_count": 59, "is_translation_enabled": false, "utc_offset": 3600, "statuses_count": 5712, "description": "News about Yosys, ArachnePnR, icetools, SymbiFlow, SymbiYosys. Open Source FPGA tools for Lattice-ice40 and Xilinx-Series7 FPGAs  and boards.", "friends_count": 385, "location": "", "profile_link_color": "DD2E44", "profile_image_url": "http://pbs.twimg.com/profile_images/689460000461221892/2qwdiB1o_normal.png", "following": true, "geo_enabled": false, "profile_banner_url": "https://pbs.twimg.com/profile_banners/4784087996/1453216123", "profile_background_image_url": "http://pbs.twimg.com/profile_background_images/689465172780408834/Uc1lwU-E.png", "screen_name": "ico_TC", "lang": "de", "profile_background_tile": true, "favourites_count": 405, "name": "icoTC OSS for FPGAs", "notifications": false, "url": "https://t.co/maMK0lZDrN", "created_at": "Tue Jan 19 14:42:43 +0000 2016", "contributors_enabled": false, "time_zone": "Vienna", "protected": false, "default_profile": false, "is_translator": false}, "geo": null, "in_reply_to_user_id_str": null, "possibly_sensitive": false, "lang": "en", "created_at": "Thu Feb 01 14:38:57 +0000 2018", "in_reply_to_status_id_str": null, "place": null, "metadata": {"iso_language_code": "en", "result_type": "recent"}}, "user": {"follow_request_sent": false, "has_extended_profile": true, "profile_use_background_image": true, "default_profile_image": false, "id": 66116319, "profile_background_image_url_https": "https://abs.twimg.com/images/themes/theme1/bg.png", "verified": false, "translator_type": "none", "profile_text_color": "333333", "profile_image_url_https": "https://pbs.twimg.com/profile_images/730476123499462658/AqWMJF1b_normal.jpg", "profile_sidebar_fill_color": "DDEEF6", "entities": {"url": {"urls": [{"url": "http://t.co/OD4Q0qTc95", "indices": [0, 22], "expanded_url": "http://www.iearobotics.com", "display_url": "iearobotics.com"}]}, "description": {"urls": []}}, "followers_count": 6687, "profile_sidebar_border_color": "C0DEED", "id_str": "66116319", "profile_background_color": "C0DEED", "listed_count": 545, "is_translation_enabled": false, "utc_offset": 3600, "statuses_count": 30145, "description": "Hola! Soy Obijuan!\nI'm a researcher on robotics, but I define myself as a hacker. I really believe on the opensource spirit of sharing information", "friends_count": 389, "location": "Alcobendas (Madrid, Spain)", "profile_link_color": "1DA1F2", "profile_image_url": "http://pbs.twimg.com/profile_images/730476123499462658/AqWMJF1b_normal.jpg", "following": false, "geo_enabled": true, "profile_banner_url": "https://pbs.twimg.com/profile_banners/66116319/1443086795", "profile_background_image_url": "http://abs.twimg.com/images/themes/theme1/bg.png", "screen_name": "Obijuan_cube", "lang": "es", "profile_background_tile": false, "favourites_count": 19140, "name": "Juan Gonzalez", "notifications": false, "url": "http://t.co/OD4Q0qTc95", "created_at": "Sun Aug 16 13:40:46 +0000 2009", "contributors_enabled": false, "time_zone": "Amsterdam", "protected": false, "default_profile": true, "is_translator": false}, "geo": null, "in_reply_to_user_id_str": null, "possibly_sensitive": false, "lang": "en", "created_at": "Thu Feb 01 20:36:36 +0000 2018", "in_reply_to_status_id_str": null, "place": null, "metadata": {"iso_language_code": "en", "result_type": "recent"}}]}