{"search_metadata": {"count": 100, "completed_in": 0.024, "max_id_str": "962363264184152065", "since_id_str": "0", "refresh_url": "?since_id=962363264184152065&q=1Bitsy", "since_id": 0, "query": "1Bitsy", "max_id": 962363264184152065}, "statuses": [{"contributors": null, "truncated": false, "text": "RT @esden: Based on the iCEBreaker I present to you the iCEBreaker-bitsy: A tiny breadboard friendly version using the same iCE40UltraPlus5\u2026", "is_quote_status": false, "in_reply_to_status_id": null, "id": 962363264184152065, "favorite_count": 0, "retweeted": false, "coordinates": null, "source": "<a href=\"http://twitter.com/download/android\" rel=\"nofollow\">Twitter for Android</a>", "in_reply_to_screen_name": null, "in_reply_to_user_id": null, "retweet_count": 31, "id_str": "962363264184152065", "favorited": false, "retweeted_status": {"contributors": null, "truncated": true, "text": "Based on the iCEBreaker I present to you the iCEBreaker-bitsy: A tiny breadboard friendly version using the same iC\u2026 https://t.co/nkxsaUZDW6", "is_quote_status": false, "in_reply_to_status_id": null, "id": 957710694287261696, "favorite_count": 109, "retweeted": false, "coordinates": null, "source": "<a href=\"http://twitter.com\" rel=\"nofollow\">Twitter Web Client</a>", "in_reply_to_screen_name": null, "in_reply_to_user_id": null, "retweet_count": 31, "id_str": "957710694287261696", "favorited": false, "user": {"follow_request_sent": false, "has_extended_profile": false, "profile_use_background_image": false, "default_profile_image": false, "id": 14159640, "profile_background_image_url_https": "https://abs.twimg.com/images/themes/theme1/bg.png", "verified": false, "translator_type": "none", "profile_text_color": "000000", "profile_image_url_https": "https://pbs.twimg.com/profile_images/875591045077114880/uaReijkQ_normal.jpg", "profile_sidebar_fill_color": "000000", "entities": {"url": {"urls": [{"url": "https://t.co/b6l6V7QMkv", "indices": [0, 23], "expanded_url": "http://1bitsquared.com", "display_url": "1bitsquared.com"}]}, "description": {"urls": [{"url": "https://t.co/slOfKQQY6T", "indices": [24, 47], "expanded_url": "http://1bit2.com", "display_url": "1bit2.com"}, {"url": "https://t.co/2K5qN5Sri0", "indices": [70, 93], "expanded_url": "http://black-magic.org", "display_url": "black-magic.org"}, {"url": "https://t.co/L3OIVmx8mN", "indices": [94, 117], "expanded_url": "http://1bitsy.org", "display_url": "1bitsy.org"}, {"url": "https://t.co/tClWvATImR", "indices": [136, 159], "expanded_url": "http://youtube.com/user/esdentem", "display_url": "youtube.com/user/esdentem"}]}}, "followers_count": 2013, "profile_sidebar_border_color": "000000", "id_str": "14159640", "profile_background_color": "000000", "listed_count": 94, "is_translation_enabled": false, "utc_offset": -28800, "statuses_count": 7652, "description": "Founder of @1BitSquared https://t.co/slOfKQQY6T Embedded Systems Eng. https://t.co/2K5qN5Sri0 https://t.co/L3OIVmx8mN @paparazziuav YT: https://t.co/tClWvATImR", "friends_count": 1167, "location": "Eugene, OR; Ingolstadt, DE; Warszawa, PL", "profile_link_color": "262B2F", "profile_image_url": "http://pbs.twimg.com/profile_images/875591045077114880/uaReijkQ_normal.jpg", "following": false, "geo_enabled": false, "profile_background_image_url": "http://abs.twimg.com/images/themes/theme1/bg.png", "screen_name": "esden", "lang": "en", "profile_background_tile": false, "favourites_count": 13079, "name": "Piotr Esden-Tempski", "notifications": false, "url": "https://t.co/b6l6V7QMkv", "created_at": "Sun Mar 16 21:55:24 +0000 2008", "contributors_enabled": false, "time_zone": "Pacific Time (US & Canada)", "protected": false, "default_profile": false, "is_translator": false}, "geo": null, "in_reply_to_user_id_str": null, "possibly_sensitive": false, "lang": "en", "created_at": "Sun Jan 28 20:23:17 +0000 2018", "in_reply_to_status_id_str": null, "place": null, "metadata": {"iso_language_code": "en", "result_type": "recent"}}, "user": {"follow_request_sent": false, "has_extended_profile": false, "profile_use_background_image": false, "default_profile_image": false, "id": 104045471, "profile_background_image_url_https": "https://abs.twimg.com/images/themes/theme9/bg.gif", "verified": false, "translator_type": "regular", "profile_text_color": "000000", "profile_image_url_https": "https://pbs.twimg.com/profile_images/1449312942/qwe_normal.png", "profile_sidebar_fill_color": "000000", "entities": {"url": {"urls": [{"url": "https://t.co/jhhUPW5ZIR", "indices": [0, 23], "expanded_url": "http://rada.re", "display_url": "rada.re"}]}, "description": {"urls": []}}, "followers_count": 977, "profile_sidebar_border_color": "000000", "id_str": "104045471", "profile_background_color": "000000", "listed_count": 65, "is_translation_enabled": false, "utc_offset": 10800, "statuses_count": 5898, "description": "Reverse engineer. Firmware dissector. Radare2 evangelist. Foreign languages fanatic.", "friends_count": 251, "location": "Shanghai", "profile_link_color": "3B94D9", "profile_image_url": "http://pbs.twimg.com/profile_images/1449312942/qwe_normal.png", "following": false, "geo_enabled": true, "profile_banner_url": "https://pbs.twimg.com/profile_banners/104045471/1407366432", "profile_background_image_url": "http://abs.twimg.com/images/themes/theme9/bg.gif", "screen_name": "akochkov", "lang": "en", "profile_background_tile": false, "favourites_count": 5293, "name": "Anton Kochkov", "notifications": false, "url": "https://t.co/jhhUPW5ZIR", "created_at": "Tue Jan 12 02:41:05 +0000 2010", "contributors_enabled": false, "time_zone": "Moscow", "protected": false, "default_profile": false, "is_translator": false}, "geo": null, "in_reply_to_user_id_str": null, "lang": "en", "created_at": "Sat Feb 10 16:30:56 +0000 2018", "in_reply_to_status_id_str": null, "place": null, "metadata": {"iso_language_code": "en", "result_type": "recent"}}, {"contributors": null, "truncated": false, "text": "RT @esden: Based on the iCEBreaker I present to you the iCEBreaker-bitsy: A tiny breadboard friendly version using the same iCE40UltraPlus5\u2026", "is_quote_status": false, "in_reply_to_status_id": null, "id": 961934141360046080, "favorite_count": 0, "retweeted": false, "coordinates": null, "source": "<a href=\"http://twitter.com\" rel=\"nofollow\">Twitter Web Client</a>", "in_reply_to_screen_name": null, "in_reply_to_user_id": null, "retweet_count": 31, "id_str": "961934141360046080", "favorited": false, "retweeted_status": {"contributors": null, "truncated": true, "text": "Based on the iCEBreaker I present to you the iCEBreaker-bitsy: A tiny breadboard friendly version using the same iC\u2026 https://t.co/nkxsaUZDW6", "is_quote_status": false, "in_reply_to_status_id": null, "id": 957710694287261696, "favorite_count": 109, "retweeted": false, "coordinates": null, "source": "<a href=\"http://twitter.com\" rel=\"nofollow\">Twitter Web Client</a>", "in_reply_to_screen_name": null, "in_reply_to_user_id": null, "retweet_count": 31, "id_str": "957710694287261696", "favorited": false, "user": {"follow_request_sent": false, "has_extended_profile": false, "profile_use_background_image": false, "default_profile_image": false, "id": 14159640, "profile_background_image_url_https": "https://abs.twimg.com/images/themes/theme1/bg.png", "verified": false, "translator_type": "none", "profile_text_color": "000000", "profile_image_url_https": "https://pbs.twimg.com/profile_images/875591045077114880/uaReijkQ_normal.jpg", "profile_sidebar_fill_color": "000000", "entities": {"url": {"urls": [{"url": "https://t.co/b6l6V7QMkv", "indices": [0, 23], "expanded_url": "http://1bitsquared.com", "display_url": "1bitsquared.com"}]}, "description": {"urls": [{"url": "https://t.co/slOfKQQY6T", "indices": [24, 47], "expanded_url": "http://1bit2.com", "display_url": "1bit2.com"}, {"url": "https://t.co/2K5qN5Sri0", "indices": [70, 93], "expanded_url": "http://black-magic.org", "display_url": "black-magic.org"}, {"url": "https://t.co/L3OIVmx8mN", "indices": [94, 117], "expanded_url": "http://1bitsy.org", "display_url": "1bitsy.org"}, {"url": "https://t.co/tClWvATImR", "indices": [136, 159], "expanded_url": "http://youtube.com/user/esdentem", "display_url": "youtube.com/user/esdentem"}]}}, "followers_count": 2013, "profile_sidebar_border_color": "000000", "id_str": "14159640", "profile_background_color": "000000", "listed_count": 94, "is_translation_enabled": false, "utc_offset": -28800, "statuses_count": 7652, "description": "Founder of @1BitSquared https://t.co/slOfKQQY6T Embedded Systems Eng. https://t.co/2K5qN5Sri0 https://t.co/L3OIVmx8mN @paparazziuav YT: https://t.co/tClWvATImR", "friends_count": 1167, "location": "Eugene, OR; Ingolstadt, DE; Warszawa, PL", "profile_link_color": "262B2F", "profile_image_url": "http://pbs.twimg.com/profile_images/875591045077114880/uaReijkQ_normal.jpg", "following": false, "geo_enabled": false, "profile_background_image_url": "http://abs.twimg.com/images/themes/theme1/bg.png", "screen_name": "esden", "lang": "en", "profile_background_tile": false, "favourites_count": 13079, "name": "Piotr Esden-Tempski", "notifications": false, "url": "https://t.co/b6l6V7QMkv", "created_at": "Sun Mar 16 21:55:24 +0000 2008", "contributors_enabled": false, "time_zone": "Pacific Time (US & Canada)", "protected": false, "default_profile": false, "is_translator": false}, "geo": null, "in_reply_to_user_id_str": null, "possibly_sensitive": false, "lang": "en", "created_at": "Sun Jan 28 20:23:17 +0000 2018", "in_reply_to_status_id_str": null, "place": null, "metadata": {"iso_language_code": "en", "result_type": "recent"}}, "user": {"follow_request_sent": false, "has_extended_profile": false, "profile_use_background_image": true, "default_profile_image": false, "id": 805758, "profile_background_image_url_https": "https://abs.twimg.com/images/themes/theme14/bg.gif", "verified": false, "translator_type": "none", "profile_text_color": "333333", "profile_image_url_https": "https://pbs.twimg.com/profile_images/718343925/me-17-4-09_normal.jpg", "profile_sidebar_fill_color": "EFEFEF", "entities": {"url": {"urls": [{"url": "http://t.co/gLJFyuxXL4", "indices": [0, 22], "expanded_url": "http://folknologylabs.wordpress.com/", "display_url": "folknologylabs.wordpress.com"}]}, "description": {"urls": []}}, "followers_count": 1361, "profile_sidebar_border_color": "EEEEEE", "id_str": "805758", "profile_background_color": "131516", "listed_count": 79, "is_translation_enabled": false, "utc_offset": 0, "statuses_count": 9237, "description": "Engineer of opensource hardware & software, practitioner of robotics, ML & embedded electronics, speaker of technologies & bit wrangler XC,C,Verilog, Python...", "friends_count": 935, "location": "UK", "profile_link_color": "009999", "profile_image_url": "http://pbs.twimg.com/profile_images/718343925/me-17-4-09_normal.jpg", "following": false, "geo_enabled": true, "profile_banner_url": "https://pbs.twimg.com/profile_banners/805758/1399036064", "profile_background_image_url": "http://abs.twimg.com/images/themes/theme14/bg.gif", "screen_name": "folknology", "lang": "en-gb", "profile_background_tile": true, "favourites_count": 631, "name": "Al", "notifications": false, "url": "http://t.co/gLJFyuxXL4", "created_at": "Fri Mar 02 09:11:32 +0000 2007", "contributors_enabled": false, "time_zone": "London", "protected": false, "default_profile": false, "is_translator": false}, "geo": null, "in_reply_to_user_id_str": null, "lang": "en", "created_at": "Fri Feb 09 12:05:45 +0000 2018", "in_reply_to_status_id_str": null, "place": null, "metadata": {"iso_language_code": "en", "result_type": "recent"}}, {"contributors": null, "truncated": false, "text": "RT @esden: Based on the iCEBreaker I present to you the iCEBreaker-bitsy: A tiny breadboard friendly version using the same iCE40UltraPlus5\u2026", "is_quote_status": false, "in_reply_to_status_id": null, "id": 959703399322259457, "favorite_count": 0, "retweeted": false, "coordinates": null, "source": "<a href=\"http://twitter.com/download/android\" rel=\"nofollow\">Twitter for Android</a>", "in_reply_to_screen_name": null, "in_reply_to_user_id": null, "retweet_count": 31, "id_str": "959703399322259457", "favorited": false, "retweeted_status": {"contributors": null, "truncated": true, "text": "Based on the iCEBreaker I present to you the iCEBreaker-bitsy: A tiny breadboard friendly version using the same iC\u2026 https://t.co/nkxsaUZDW6", "is_quote_status": false, "in_reply_to_status_id": null, "id": 957710694287261696, "favorite_count": 109, "retweeted": false, "coordinates": null, "source": "<a href=\"http://twitter.com\" rel=\"nofollow\">Twitter Web Client</a>", "in_reply_to_screen_name": null, "in_reply_to_user_id": null, "retweet_count": 31, "id_str": "957710694287261696", "favorited": false, "user": {"follow_request_sent": false, "has_extended_profile": false, "profile_use_background_image": false, "default_profile_image": false, "id": 14159640, "profile_background_image_url_https": "https://abs.twimg.com/images/themes/theme1/bg.png", "verified": false, "translator_type": "none", "profile_text_color": "000000", "profile_image_url_https": "https://pbs.twimg.com/profile_images/875591045077114880/uaReijkQ_normal.jpg", "profile_sidebar_fill_color": "000000", "entities": {"url": {"urls": [{"url": "https://t.co/b6l6V7QMkv", "indices": [0, 23], "expanded_url": "http://1bitsquared.com", "display_url": "1bitsquared.com"}]}, "description": {"urls": [{"url": "https://t.co/slOfKQQY6T", "indices": [24, 47], "expanded_url": "http://1bit2.com", "display_url": "1bit2.com"}, {"url": "https://t.co/2K5qN5Sri0", "indices": [70, 93], "expanded_url": "http://black-magic.org", "display_url": "black-magic.org"}, {"url": "https://t.co/L3OIVmx8mN", "indices": [94, 117], "expanded_url": "http://1bitsy.org", "display_url": "1bitsy.org"}, {"url": "https://t.co/tClWvATImR", "indices": [136, 159], "expanded_url": "http://youtube.com/user/esdentem", "display_url": "youtube.com/user/esdentem"}]}}, "followers_count": 2013, "profile_sidebar_border_color": "000000", "id_str": "14159640", "profile_background_color": "000000", "listed_count": 94, "is_translation_enabled": false, "utc_offset": -28800, "statuses_count": 7652, "description": "Founder of @1BitSquared https://t.co/slOfKQQY6T Embedded Systems Eng. https://t.co/2K5qN5Sri0 https://t.co/L3OIVmx8mN @paparazziuav YT: https://t.co/tClWvATImR", "friends_count": 1167, "location": "Eugene, OR; Ingolstadt, DE; Warszawa, PL", "profile_link_color": "262B2F", "profile_image_url": "http://pbs.twimg.com/profile_images/875591045077114880/uaReijkQ_normal.jpg", "following": false, "geo_enabled": false, "profile_background_image_url": "http://abs.twimg.com/images/themes/theme1/bg.png", "screen_name": "esden", "lang": "en", "profile_background_tile": false, "favourites_count": 13079, "name": "Piotr Esden-Tempski", "notifications": false, "url": "https://t.co/b6l6V7QMkv", "created_at": "Sun Mar 16 21:55:24 +0000 2008", "contributors_enabled": false, "time_zone": "Pacific Time (US & Canada)", "protected": false, "default_profile": false, "is_translator": false}, "geo": null, "in_reply_to_user_id_str": null, "possibly_sensitive": false, "lang": "en", "created_at": "Sun Jan 28 20:23:17 +0000 2018", "in_reply_to_status_id_str": null, "place": null, "metadata": {"iso_language_code": "en", "result_type": "recent"}}, "user": {"follow_request_sent": false, "has_extended_profile": false, "profile_use_background_image": true, "default_profile_image": false, "id": 48395238, "profile_background_image_url_https": "https://abs.twimg.com/images/themes/theme1/bg.png", "verified": false, "translator_type": "none", "profile_text_color": "333333", "profile_image_url_https": "https://pbs.twimg.com/profile_images/1038530972/jacekplacek_normal.PNG", "profile_sidebar_fill_color": "DDEEF6", "entities": {"description": {"urls": []}}, "followers_count": 2323, "profile_sidebar_border_color": "C0DEED", "id_str": "48395238", "profile_background_color": "C0DEED", "listed_count": 196, "is_translation_enabled": false, "utc_offset": 3600, "statuses_count": 143009, "description": "\u015acis\u0142owiec z zadatkami na humanist\u0119. Nauka wszystkiego ci nie powie, ale z pewno\u015bci\u0105 do wszystkiego si\u0119 wpieprzy.", "friends_count": 4999, "location": "", "profile_link_color": "1DA1F2", "profile_image_url": "http://pbs.twimg.com/profile_images/1038530972/jacekplacek_normal.PNG", "following": false, "geo_enabled": false, "profile_background_image_url": "http://abs.twimg.com/images/themes/theme1/bg.png", "screen_name": "WojciechM", "lang": "pl", "profile_background_tile": false, "favourites_count": 72562, "name": "Wojtek M.", "notifications": false, "url": null, "created_at": "Thu Jun 18 16:05:26 +0000 2009", "contributors_enabled": false, "time_zone": "Warsaw", "protected": false, "default_profile": true, "is_translator": false}, "geo": null, "in_reply_to_user_id_str": null, "lang": "en", "created_at": "Sat Feb 03 08:21:35 +0000 2018", "in_reply_to_status_id_str": null, "place": null, "metadata": {"iso_language_code": "en", "result_type": "recent"}}, {"contributors": null, "truncated": false, "text": "So used to be the 1,300th pirate on for 1Bitsy &amp; Black Magic Probe - ... | Thx !", "is_quote_status": false, "in_reply_to_status_id": null, "id": 959667779535192064, "favorite_count": 0, "retweeted": false, "coordinates": null, "source": "<a href=\"https://gareth.codes\" rel=\"nofollow\">gareth_ebooks</a>", "in_reply_to_screen_name": null, "in_reply_to_user_id": null, "retweet_count": 0, "id_str": "959667779535192064", "favorited": false, "user": {"follow_request_sent": false, "has_extended_profile": false, "profile_use_background_image": false, "default_profile_image": false, "id": 945419727798648833, "profile_background_image_url_https": "https://abs.twimg.com/images/themes/theme1/bg.png", "verified": false, "translator_type": "none", "profile_text_color": "000000", "profile_image_url_https": "https://pbs.twimg.com/profile_images/947326820659052544/A60_adr0_normal.jpg", "profile_sidebar_fill_color": "000000", "entities": {"url": {"urls": [{"url": "https://t.co/jzi1a9oDN1", "indices": [0, 23], "expanded_url": "https://gareth.codes", "display_url": "gareth.codes"}]}, "description": {"urls": []}}, "followers_count": 5, "profile_sidebar_border_color": "000000", "id_str": "945419727798648833", "profile_background_color": "000000", "listed_count": 0, "is_translation_enabled": false, "utc_offset": null, "statuses_count": 1336, "description": "I'm a markov chain bot feeding from my host @gareth__", "friends_count": 1, "location": "cyberspace", "profile_link_color": "000000", "profile_image_url": "http://pbs.twimg.com/profile_images/947326820659052544/A60_adr0_normal.jpg", "following": false, "geo_enabled": false, "profile_background_image_url": "http://abs.twimg.com/images/themes/theme1/bg.png", "screen_name": "gareth_ebooks", "lang": "en", "profile_background_tile": false, "favourites_count": 0, "name": "gareth_ebooks", "notifications": false, "url": "https://t.co/jzi1a9oDN1", "created_at": "Mon Dec 25 22:23:22 +0000 2017", "contributors_enabled": false, "time_zone": null, "protected": false, "default_profile": false, "is_translator": false}, "geo": null, "in_reply_to_user_id_str": null, "lang": "en", "created_at": "Sat Feb 03 06:00:03 +0000 2018", "in_reply_to_status_id_str": null, "place": null, "metadata": {"iso_language_code": "en", "result_type": "recent"}}, {"contributors": null, "truncated": true, "text": "@jamisnemo @OSHStencils @digikey @oshpark @TinyFPGA Heh, I totally get that. I hope you have fun with the 1Bitsy! F\u2026 https://t.co/ubLwgxZ5Ff", "is_quote_status": false, "in_reply_to_status_id": 959219154761932800, "id": 959220817195249664, "favorite_count": 3, "retweeted": false, "coordinates": null, "source": "<a href=\"http://tapbots.com/software/tweetbot/mac\" rel=\"nofollow\">Tweetbot for Mac</a>", "in_reply_to_screen_name": "jamisnemo", "in_reply_to_user_id": 26063826, "retweet_count": 0, "id_str": "959220817195249664", "favorited": false, "user": {"follow_request_sent": false, "has_extended_profile": false, "profile_use_background_image": false, "default_profile_image": false, "id": 14159640, "profile_background_image_url_https": "https://abs.twimg.com/images/themes/theme1/bg.png", "verified": false, "translator_type": "none", "profile_text_color": "000000", "profile_image_url_https": "https://pbs.twimg.com/profile_images/875591045077114880/uaReijkQ_normal.jpg", "profile_sidebar_fill_color": "000000", "entities": {"url": {"urls": [{"url": "https://t.co/b6l6V7QMkv", "indices": [0, 23], "expanded_url": "http://1bitsquared.com", "display_url": "1bitsquared.com"}]}, "description": {"urls": [{"url": "https://t.co/slOfKQQY6T", "indices": [24, 47], "expanded_url": "http://1bit2.com", "display_url": "1bit2.com"}, {"url": "https://t.co/2K5qN5Sri0", "indices": [70, 93], "expanded_url": "http://black-magic.org", "display_url": "black-magic.org"}, {"url": "https://t.co/L3OIVmx8mN", "indices": [94, 117], "expanded_url": "http://1bitsy.org", "display_url": "1bitsy.org"}, {"url": "https://t.co/tClWvATImR", "indices": [136, 159], "expanded_url": "http://youtube.com/user/esdentem", "display_url": "youtube.com/user/esdentem"}]}}, "followers_count": 2013, "profile_sidebar_border_color": "000000", "id_str": "14159640", "profile_background_color": "000000", "listed_count": 94, "is_translation_enabled": false, "utc_offset": -28800, "statuses_count": 7652, "description": "Founder of @1BitSquared https://t.co/slOfKQQY6T Embedded Systems Eng. https://t.co/2K5qN5Sri0 https://t.co/L3OIVmx8mN @paparazziuav YT: https://t.co/tClWvATImR", "friends_count": 1167, "location": "Eugene, OR; Ingolstadt, DE; Warszawa, PL", "profile_link_color": "262B2F", "profile_image_url": "http://pbs.twimg.com/profile_images/875591045077114880/uaReijkQ_normal.jpg", "following": false, "geo_enabled": false, "profile_background_image_url": "http://abs.twimg.com/images/themes/theme1/bg.png", "screen_name": "esden", "lang": "en", "profile_background_tile": false, "favourites_count": 13079, "name": "Piotr Esden-Tempski", "notifications": false, "url": "https://t.co/b6l6V7QMkv", "created_at": "Sun Mar 16 21:55:24 +0000 2008", "contributors_enabled": false, "time_zone": "Pacific Time (US & Canada)", "protected": false, "default_profile": false, "is_translator": false}, "geo": null, "in_reply_to_user_id_str": "26063826", "lang": "en", "created_at": "Fri Feb 02 00:23:58 +0000 2018", "in_reply_to_status_id_str": "959219154761932800", "place": null, "metadata": {"iso_language_code": "en", "result_type": "recent"}}, {"contributors": null, "truncated": true, "text": "@esden @OSHStencils @digikey @oshpark @TinyFPGA Ahhh! Okay! Well, cool!!! I have a couple of FPGA boards but the to\u2026 https://t.co/5Y1wkst9GJ", "is_quote_status": false, "in_reply_to_status_id": 959216070635614208, "id": 959219154761932800, "favorite_count": 1, "retweeted": false, "coordinates": null, "source": "<a href=\"http://twitter.com/download/android\" rel=\"nofollow\">Twitter for Android</a>", "in_reply_to_screen_name": "esden", "in_reply_to_user_id": 14159640, "retweet_count": 0, "id_str": "959219154761932800", "favorited": false, "user": {"follow_request_sent": false, "has_extended_profile": false, "profile_use_background_image": false, "default_profile_image": false, "id": 26063826, "profile_background_image_url_https": "https://abs.twimg.com/images/themes/theme9/bg.gif", "verified": false, "translator_type": "none", "profile_text_color": "000000", "profile_image_url_https": "https://pbs.twimg.com/profile_images/729101396658651136/qZQM5wA1_normal.jpg", "profile_sidebar_fill_color": "000000", "entities": {"url": {"urls": [{"url": "https://t.co/56cMrF15sI", "indices": [0, 23], "expanded_url": "https://zenpirate.com", "display_url": "zenpirate.com"}]}, "description": {"urls": []}}, "followers_count": 707, "profile_sidebar_border_color": "000000", "id_str": "26063826", "profile_background_color": "000000", "listed_count": 65, "is_translation_enabled": false, "utc_offset": -28800, "statuses_count": 6528, "description": "Creative Engineer | Dev+Ops+Sec | Polymath | Hacker | Grew up on Gibson | Ignores VR snake oil | Explorer of Waves", "friends_count": 2021, "location": "Belmont, CA", "profile_link_color": "000000", "profile_image_url": "http://pbs.twimg.com/profile_images/729101396658651136/qZQM5wA1_normal.jpg", "following": false, "geo_enabled": true, "profile_banner_url": "https://pbs.twimg.com/profile_banners/26063826/1435367402", "profile_background_image_url": "http://abs.twimg.com/images/themes/theme9/bg.gif", "screen_name": "jamisnemo", "lang": "en", "profile_background_tile": false, "favourites_count": 6540, "name": "James\u2620\u232c\u23da\u23e6", "notifications": false, "url": "https://t.co/56cMrF15sI", "created_at": "Mon Mar 23 18:56:15 +0000 2009", "contributors_enabled": false, "time_zone": "America/Los_Angeles", "protected": false, "default_profile": false, "is_translator": false}, "geo": null, "in_reply_to_user_id_str": "14159640", "lang": "en", "created_at": "Fri Feb 02 00:17:22 +0000 2018", "in_reply_to_status_id_str": "959216070635614208", "place": null, "metadata": {"iso_language_code": "en", "result_type": "recent"}}, {"contributors": null, "truncated": false, "text": "RT @esden: Based on the iCEBreaker I present to you the iCEBreaker-bitsy: A tiny breadboard friendly version using the same iCE40UltraPlus5\u2026", "is_quote_status": false, "in_reply_to_status_id": null, "id": 959195111488974849, "favorite_count": 0, "retweeted": false, "coordinates": null, "source": "<a href=\"http://twitter.com\" rel=\"nofollow\">Twitter Web Client</a>", "in_reply_to_screen_name": null, "in_reply_to_user_id": null, "retweet_count": 31, "id_str": "959195111488974849", "favorited": false, "retweeted_status": {"contributors": null, "truncated": true, "text": "Based on the iCEBreaker I present to you the iCEBreaker-bitsy: A tiny breadboard friendly version using the same iC\u2026 https://t.co/nkxsaUZDW6", "is_quote_status": false, "in_reply_to_status_id": null, "id": 957710694287261696, "favorite_count": 109, "retweeted": false, "coordinates": null, "source": "<a href=\"http://twitter.com\" rel=\"nofollow\">Twitter Web Client</a>", "in_reply_to_screen_name": null, "in_reply_to_user_id": null, "retweet_count": 31, "id_str": "957710694287261696", "favorited": false, "user": {"follow_request_sent": false, "has_extended_profile": false, "profile_use_background_image": false, "default_profile_image": false, "id": 14159640, "profile_background_image_url_https": "https://abs.twimg.com/images/themes/theme1/bg.png", "verified": false, "translator_type": "none", "profile_text_color": "000000", "profile_image_url_https": "https://pbs.twimg.com/profile_images/875591045077114880/uaReijkQ_normal.jpg", "profile_sidebar_fill_color": "000000", "entities": {"url": {"urls": [{"url": "https://t.co/b6l6V7QMkv", "indices": [0, 23], "expanded_url": "http://1bitsquared.com", "display_url": "1bitsquared.com"}]}, "description": {"urls": [{"url": "https://t.co/slOfKQQY6T", "indices": [24, 47], "expanded_url": "http://1bit2.com", "display_url": "1bit2.com"}, {"url": "https://t.co/2K5qN5Sri0", "indices": [70, 93], "expanded_url": "http://black-magic.org", "display_url": "black-magic.org"}, {"url": "https://t.co/L3OIVmx8mN", "indices": [94, 117], "expanded_url": "http://1bitsy.org", "display_url": "1bitsy.org"}, {"url": "https://t.co/tClWvATImR", "indices": [136, 159], "expanded_url": "http://youtube.com/user/esdentem", "display_url": "youtube.com/user/esdentem"}]}}, "followers_count": 2013, "profile_sidebar_border_color": "000000", "id_str": "14159640", "profile_background_color": "000000", "listed_count": 94, "is_translation_enabled": false, "utc_offset": -28800, "statuses_count": 7652, "description": "Founder of @1BitSquared https://t.co/slOfKQQY6T Embedded Systems Eng. https://t.co/2K5qN5Sri0 https://t.co/L3OIVmx8mN @paparazziuav YT: https://t.co/tClWvATImR", "friends_count": 1167, "location": "Eugene, OR; Ingolstadt, DE; Warszawa, PL", "profile_link_color": "262B2F", "profile_image_url": "http://pbs.twimg.com/profile_images/875591045077114880/uaReijkQ_normal.jpg", "following": false, "geo_enabled": false, "profile_background_image_url": "http://abs.twimg.com/images/themes/theme1/bg.png", "screen_name": "esden", "lang": "en", "profile_background_tile": false, "favourites_count": 13079, "name": "Piotr Esden-Tempski", "notifications": false, "url": "https://t.co/b6l6V7QMkv", "created_at": "Sun Mar 16 21:55:24 +0000 2008", "contributors_enabled": false, "time_zone": "Pacific Time (US & Canada)", "protected": false, "default_profile": false, "is_translator": false}, "geo": null, "in_reply_to_user_id_str": null, "possibly_sensitive": false, "lang": "en", "created_at": "Sun Jan 28 20:23:17 +0000 2018", "in_reply_to_status_id_str": null, "place": null, "metadata": {"iso_language_code": "en", "result_type": "recent"}}, "user": {"follow_request_sent": false, "has_extended_profile": false, "profile_use_background_image": false, "default_profile_image": false, "id": 63479931, "profile_background_image_url_https": "https://abs.twimg.com/images/themes/theme1/bg.png", "verified": false, "translator_type": "none", "profile_text_color": "000000", "profile_image_url_https": "https://pbs.twimg.com/profile_images/499697180941099008/NoudSVCk_normal.jpeg", "profile_sidebar_fill_color": "000000", "entities": {"url": {"urls": [{"url": "https://t.co/JgHdQenufB", "indices": [0, 23], "expanded_url": "http://syler.co/about", "display_url": "syler.co/about"}]}, "description": {"urls": []}}, "followers_count": 703, "profile_sidebar_border_color": "000000", "id_str": "63479931", "profile_background_color": "000000", "listed_count": 55, "is_translation_enabled": false, "utc_offset": -36000, "statuses_count": 5480, "description": "^(Software | Hardware) (Exploit)? Development.$ / Reverse Engineer / Math Nerd / Console Hacker / Drone Pilot / E-Boarder / INTP / Chaotic Good / @ccdcredteam", "friends_count": 3131, "location": "Portland, OR", "profile_link_color": "91D2FA", "profile_image_url": "http://pbs.twimg.com/profile_images/499697180941099008/NoudSVCk_normal.jpeg", "following": false, "geo_enabled": false, "profile_banner_url": "https://pbs.twimg.com/profile_banners/63479931/1506236062", "profile_background_image_url": "http://abs.twimg.com/images/themes/theme1/bg.png", "screen_name": "SylerClayton", "lang": "en", "profile_background_tile": false, "favourites_count": 10198, "name": "Syler", "notifications": false, "url": "https://t.co/JgHdQenufB", "created_at": "Thu Aug 06 16:23:08 +0000 2009", "contributors_enabled": false, "time_zone": "Hawaii", "protected": false, "default_profile": false, "is_translator": false}, "geo": null, "in_reply_to_user_id_str": null, "lang": "en", "created_at": "Thu Feb 01 22:41:50 +0000 2018", "in_reply_to_status_id_str": null, "place": null, "metadata": {"iso_language_code": "en", "result_type": "recent"}}]}