{"search_metadata": {"count": 100, "completed_in": 0.045, "max_id_str": "960765383446880256", "since_id_str": "0", "refresh_url": "?since_id=960765383446880256&q=icoBoard", "since_id": 0, "query": "icoBoard", "max_id": 960765383446880256}, "statuses": [{"contributors": null, "truncated": false, "text": "@tweetingRog @bml_khubbard @XilinxInc You can chain as many icoBoard as you want.", "is_quote_status": false, "in_reply_to_status_id": 960673159929368576, "id": 960765383446880256, "favorite_count": 0, "retweeted": false, "coordinates": null, "source": "<a href=\"http://twitter.com/download/android\" rel=\"nofollow\">Twitter for Android</a>", "in_reply_to_screen_name": "tweetingRog", "in_reply_to_user_id": 1471444154, "retweet_count": 0, "id_str": "960765383446880256", "favorited": false, "user": {"follow_request_sent": false, "has_extended_profile": false, "profile_use_background_image": true, "default_profile_image": false, "id": 4784087996, "profile_background_image_url_https": "https://pbs.twimg.com/profile_background_images/689465172780408834/Uc1lwU-E.png", "verified": false, "translator_type": "none", "profile_text_color": "000000", "profile_image_url_https": "https://pbs.twimg.com/profile_images/689460000461221892/2qwdiB1o_normal.png", "profile_sidebar_fill_color": "000000", "entities": {"url": {"urls": [{"url": "https://t.co/maMK0lZDrN", "indices": [0, 23], "expanded_url": "http://www.icoboard.org", "display_url": "icoboard.org"}]}, "description": {"urls": []}}, "followers_count": 1437, "profile_sidebar_border_color": "000000", "id_str": "4784087996", "profile_background_color": "000000", "listed_count": 59, "is_translation_enabled": false, "utc_offset": 3600, "statuses_count": 5660, "description": "News about Yosys, ArachnePnR, icetools, SymbiFlow, SymbiYosys. Open Source FPGA tools for Lattice-ice40 and Xilinx-Series7 FPGAs  and boards.", "friends_count": 385, "location": "", "profile_link_color": "DD2E44", "profile_image_url": "http://pbs.twimg.com/profile_images/689460000461221892/2qwdiB1o_normal.png", "following": true, "geo_enabled": false, "profile_banner_url": "https://pbs.twimg.com/profile_banners/4784087996/1453216123", "profile_background_image_url": "http://pbs.twimg.com/profile_background_images/689465172780408834/Uc1lwU-E.png", "screen_name": "ico_TC", "lang": "de", "profile_background_tile": true, "favourites_count": 405, "name": "icoTC OSS for FPGAs", "notifications": false, "url": "https://t.co/maMK0lZDrN", "created_at": "Tue Jan 19 14:42:43 +0000 2016", "contributors_enabled": false, "time_zone": "Vienna", "protected": false, "default_profile": false, "is_translator": false}, "geo": null, "in_reply_to_user_id_str": "1471444154", "lang": "en", "created_at": "Tue Feb 06 06:41:32 +0000 2018", "in_reply_to_status_id_str": "960673159929368576", "place": null, "metadata": {"iso_language_code": "en", "result_type": "recent"}}, {"contributors": null, "truncated": false, "text": "@tweetingRog @bml_khubbard @XilinxInc Max speed of the io pins is 100 MHz, but larger designs might run at 20MHz on the icoBoard.", "is_quote_status": false, "in_reply_to_status_id": 960673159929368576, "id": 960765174952222720, "favorite_count": 0, "retweeted": false, "coordinates": null, "source": "<a href=\"http://twitter.com/download/android\" rel=\"nofollow\">Twitter for Android</a>", "in_reply_to_screen_name": "tweetingRog", "in_reply_to_user_id": 1471444154, "retweet_count": 0, "id_str": "960765174952222720", "favorited": false, "user": {"follow_request_sent": false, "has_extended_profile": false, "profile_use_background_image": true, "default_profile_image": false, "id": 4784087996, "profile_background_image_url_https": "https://pbs.twimg.com/profile_background_images/689465172780408834/Uc1lwU-E.png", "verified": false, "translator_type": "none", "profile_text_color": "000000", "profile_image_url_https": "https://pbs.twimg.com/profile_images/689460000461221892/2qwdiB1o_normal.png", "profile_sidebar_fill_color": "000000", "entities": {"url": {"urls": [{"url": "https://t.co/maMK0lZDrN", "indices": [0, 23], "expanded_url": "http://www.icoboard.org", "display_url": "icoboard.org"}]}, "description": {"urls": []}}, "followers_count": 1437, "profile_sidebar_border_color": "000000", "id_str": "4784087996", "profile_background_color": "000000", "listed_count": 59, "is_translation_enabled": false, "utc_offset": 3600, "statuses_count": 5660, "description": "News about Yosys, ArachnePnR, icetools, SymbiFlow, SymbiYosys. Open Source FPGA tools for Lattice-ice40 and Xilinx-Series7 FPGAs  and boards.", "friends_count": 385, "location": "", "profile_link_color": "DD2E44", "profile_image_url": "http://pbs.twimg.com/profile_images/689460000461221892/2qwdiB1o_normal.png", "following": true, "geo_enabled": false, "profile_banner_url": "https://pbs.twimg.com/profile_banners/4784087996/1453216123", "profile_background_image_url": "http://pbs.twimg.com/profile_background_images/689465172780408834/Uc1lwU-E.png", "screen_name": "ico_TC", "lang": "de", "profile_background_tile": true, "favourites_count": 405, "name": "icoTC OSS for FPGAs", "notifications": false, "url": "https://t.co/maMK0lZDrN", "created_at": "Tue Jan 19 14:42:43 +0000 2016", "contributors_enabled": false, "time_zone": "Vienna", "protected": false, "default_profile": false, "is_translator": false}, "geo": null, "in_reply_to_user_id_str": "1471444154", "lang": "en", "created_at": "Tue Feb 06 06:40:42 +0000 2018", "in_reply_to_status_id_str": "960673159929368576", "place": null, "metadata": {"iso_language_code": "en", "result_type": "recent"}}, {"contributors": null, "truncated": true, "text": "@tweetingRog @bml_khubbard @XilinxInc I suggest you to use two icoBoards connected together via one flatflex cable.\u2026 https://t.co/PLMNCxduLP", "is_quote_status": false, "in_reply_to_status_id": 960673159929368576, "id": 960764692976357376, "favorite_count": 0, "retweeted": false, "coordinates": null, "source": "<a href=\"http://twitter.com/download/android\" rel=\"nofollow\">Twitter for Android</a>", "in_reply_to_screen_name": "tweetingRog", "in_reply_to_user_id": 1471444154, "retweet_count": 0, "id_str": "960764692976357376", "favorited": false, "user": {"follow_request_sent": false, "has_extended_profile": false, "profile_use_background_image": true, "default_profile_image": false, "id": 4784087996, "profile_background_image_url_https": "https://pbs.twimg.com/profile_background_images/689465172780408834/Uc1lwU-E.png", "verified": false, "translator_type": "none", "profile_text_color": "000000", "profile_image_url_https": "https://pbs.twimg.com/profile_images/689460000461221892/2qwdiB1o_normal.png", "profile_sidebar_fill_color": "000000", "entities": {"url": {"urls": [{"url": "https://t.co/maMK0lZDrN", "indices": [0, 23], "expanded_url": "http://www.icoboard.org", "display_url": "icoboard.org"}]}, "description": {"urls": []}}, "followers_count": 1437, "profile_sidebar_border_color": "000000", "id_str": "4784087996", "profile_background_color": "000000", "listed_count": 59, "is_translation_enabled": false, "utc_offset": 3600, "statuses_count": 5660, "description": "News about Yosys, ArachnePnR, icetools, SymbiFlow, SymbiYosys. Open Source FPGA tools for Lattice-ice40 and Xilinx-Series7 FPGAs  and boards.", "friends_count": 385, "location": "", "profile_link_color": "DD2E44", "profile_image_url": "http://pbs.twimg.com/profile_images/689460000461221892/2qwdiB1o_normal.png", "following": true, "geo_enabled": false, "profile_banner_url": "https://pbs.twimg.com/profile_banners/4784087996/1453216123", "profile_background_image_url": "http://pbs.twimg.com/profile_background_images/689465172780408834/Uc1lwU-E.png", "screen_name": "ico_TC", "lang": "de", "profile_background_tile": true, "favourites_count": 405, "name": "icoTC OSS for FPGAs", "notifications": false, "url": "https://t.co/maMK0lZDrN", "created_at": "Tue Jan 19 14:42:43 +0000 2016", "contributors_enabled": false, "time_zone": "Vienna", "protected": false, "default_profile": false, "is_translator": false}, "geo": null, "in_reply_to_user_id_str": "1471444154", "lang": "en", "created_at": "Tue Feb 06 06:38:47 +0000 2018", "in_reply_to_status_id_str": "960673159929368576", "place": null, "metadata": {"iso_language_code": "en", "result_type": "recent"}}, {"contributors": null, "truncated": false, "text": "IcoBoard https://t.co/4Dpv7Dd11N https://t.co/iv7hucNF9N", "is_quote_status": false, "in_reply_to_status_id": null, "id": 960750062522589184, "favorite_count": 0, "retweeted": false, "coordinates": null, "source": "<a href=\"http://publicize.wp.com/\" rel=\"nofollow\">WordPress.com</a>", "in_reply_to_screen_name": null, "in_reply_to_user_id": null, "retweet_count": 0, "id_str": "960750062522589184", "favorited": false, "user": {"follow_request_sent": false, "has_extended_profile": false, "profile_use_background_image": true, "default_profile_image": false, "id": 234495687, "profile_background_image_url_https": "https://abs.twimg.com/images/themes/theme17/bg.gif", "verified": false, "translator_type": "none", "profile_text_color": "333333", "profile_image_url_https": "https://pbs.twimg.com/profile_images/3110897390/7f0bc9a1c13d28a7c20233d4a9b4dfae_normal.jpeg", "profile_sidebar_fill_color": "E6F6F9", "entities": {"url": {"urls": [{"url": "http://t.co/Y5FFUXfAcu", "indices": [0, 22], "expanded_url": "http://kimmcel.com", "display_url": "kimmcel.com"}]}, "description": {"urls": []}}, "followers_count": 223, "profile_sidebar_border_color": "DBE9ED", "id_str": "234495687", "profile_background_color": "DBE9ED", "listed_count": 13, "is_translation_enabled": false, "utc_offset": -28800, "statuses_count": 110513, "description": "Professional Hospitality Consultant by day and a Fun loving, music driven, adrenaline junky by night.  Disco naps and live shows are my simple necessities.", "friends_count": 151, "location": "LAS VEGAS", "profile_link_color": "CC3366", "profile_image_url": "http://pbs.twimg.com/profile_images/3110897390/7f0bc9a1c13d28a7c20233d4a9b4dfae_normal.jpeg", "following": false, "geo_enabled": false, "profile_banner_url": "https://pbs.twimg.com/profile_banners/234495687/1403486381", "profile_background_image_url": "http://abs.twimg.com/images/themes/theme17/bg.gif", "screen_name": "1234goplay", "lang": "en", "profile_background_tile": false, "favourites_count": 16, "name": "Kimmcel Keno", "notifications": false, "url": "http://t.co/Y5FFUXfAcu", "created_at": "Wed Jan 05 20:13:23 +0000 2011", "contributors_enabled": false, "time_zone": "Pacific Time (US & Canada)", "protected": false, "default_profile": false, "is_translator": false}, "geo": null, "in_reply_to_user_id_str": null, "possibly_sensitive": false, "lang": "en", "created_at": "Tue Feb 06 05:40:39 +0000 2018", "in_reply_to_status_id_str": null, "place": null, "metadata": {"iso_language_code": "en", "result_type": "recent"}}, {"contributors": null, "truncated": true, "text": "@OlofKindgren @SYZYGYfpga I hope to create an adapter for icoBoard @ico_TC too.  Similar to my 51pos flex to quad-P\u2026 https://t.co/ppePZwiVBI", "is_quote_status": false, "in_reply_to_status_id": 960244430543273984, "id": 960248140191350784, "favorite_count": 0, "retweeted": false, "coordinates": null, "source": "<a href=\"http://twitter.com\" rel=\"nofollow\">Twitter Web Client</a>", "in_reply_to_screen_name": "bml_khubbard", "in_reply_to_user_id": 812829868895309824, "retweet_count": 0, "id_str": "960248140191350784", "favorited": false, "user": {"follow_request_sent": false, "has_extended_profile": false, "profile_use_background_image": true, "default_profile_image": false, "id": 812829868895309824, "profile_background_image_url_https": null, "verified": false, "translator_type": "none", "profile_text_color": "333333", "profile_image_url_https": "https://pbs.twimg.com/profile_images/813023610273079296/nz_TeZqD_normal.jpg", "profile_sidebar_fill_color": "DDEEF6", "entities": {"url": {"urls": [{"url": "https://t.co/YBVVD9s7WL", "indices": [0, 23], "expanded_url": "http://blackmesalabs.wordpress.com", "display_url": "blackmesalabs.wordpress.com"}]}, "description": {"urls": []}}, "followers_count": 508, "profile_sidebar_border_color": "C0DEED", "id_str": "812829868895309824", "profile_background_color": "F5F8FA", "listed_count": 7, "is_translation_enabled": false, "utc_offset": null, "statuses_count": 457, "description": "EE | FOSS, OSH | Verilog, VHDL, Python, Perl, C | ASICs, FPGAs | PCBs |  RaspberryPi, Arduino | True Democracy, Free Speech, Equal Rights", "friends_count": 154, "location": "Seattle,Washington,USA,Earth", "profile_link_color": "1DA1F2", "profile_image_url": "http://pbs.twimg.com/profile_images/813023610273079296/nz_TeZqD_normal.jpg", "following": false, "geo_enabled": false, "profile_banner_url": "https://pbs.twimg.com/profile_banners/812829868895309824/1483137228", "profile_background_image_url": null, "screen_name": "bml_khubbard", "lang": "en", "profile_background_tile": false, "favourites_count": 557, "name": "Kevin Hubbard", "notifications": false, "url": "https://t.co/YBVVD9s7WL", "created_at": "Sun Dec 25 01:18:37 +0000 2016", "contributors_enabled": false, "time_zone": null, "protected": false, "default_profile": true, "is_translator": false}, "geo": null, "in_reply_to_user_id_str": "812829868895309824", "lang": "en", "created_at": "Sun Feb 04 20:26:11 +0000 2018", "in_reply_to_status_id_str": "960244430543273984", "place": null, "metadata": {"iso_language_code": "en", "result_type": "recent"}}, {"contributors": null, "truncated": false, "text": "RT @bml_khubbard: Wasn't expecting this to work this well.  BML's icoBoard flex to quad-PMOD adapter is driving 1280x1024 DVI video at 100\u2026", "is_quote_status": false, "in_reply_to_status_id": null, "id": 960182423391744000, "favorite_count": 0, "retweeted": false, "coordinates": null, "source": "<a href=\"http://twitter.com\" rel=\"nofollow\">Twitter Web Client</a>", "in_reply_to_screen_name": null, "in_reply_to_user_id": null, "retweet_count": 11, "id_str": "960182423391744000", "favorited": false, "retweeted_status": {"contributors": null, "truncated": true, "text": "Wasn't expecting this to work this well.  BML's icoBoard flex to quad-PMOD adapter is driving 1280x1024 DVI video a\u2026 https://t.co/TTyHy52nen", "is_quote_status": false, "in_reply_to_status_id": null, "id": 957286721657303041, "favorite_count": 55, "retweeted": false, "coordinates": null, "source": "<a href=\"http://twitter.com\" rel=\"nofollow\">Twitter Web Client</a>", "in_reply_to_screen_name": null, "in_reply_to_user_id": null, "retweet_count": 11, "id_str": "957286721657303041", "favorited": false, "user": {"follow_request_sent": false, "has_extended_profile": false, "profile_use_background_image": true, "default_profile_image": false, "id": 812829868895309824, "profile_background_image_url_https": null, "verified": false, "translator_type": "none", "profile_text_color": "333333", "profile_image_url_https": "https://pbs.twimg.com/profile_images/813023610273079296/nz_TeZqD_normal.jpg", "profile_sidebar_fill_color": "DDEEF6", "entities": {"url": {"urls": [{"url": "https://t.co/YBVVD9s7WL", "indices": [0, 23], "expanded_url": "http://blackmesalabs.wordpress.com", "display_url": "blackmesalabs.wordpress.com"}]}, "description": {"urls": []}}, "followers_count": 508, "profile_sidebar_border_color": "C0DEED", "id_str": "812829868895309824", "profile_background_color": "F5F8FA", "listed_count": 7, "is_translation_enabled": false, "utc_offset": null, "statuses_count": 457, "description": "EE | FOSS, OSH | Verilog, VHDL, Python, Perl, C | ASICs, FPGAs | PCBs |  RaspberryPi, Arduino | True Democracy, Free Speech, Equal Rights", "friends_count": 154, "location": "Seattle,Washington,USA,Earth", "profile_link_color": "1DA1F2", "profile_image_url": "http://pbs.twimg.com/profile_images/813023610273079296/nz_TeZqD_normal.jpg", "following": false, "geo_enabled": false, "profile_banner_url": "https://pbs.twimg.com/profile_banners/812829868895309824/1483137228", "profile_background_image_url": null, "screen_name": "bml_khubbard", "lang": "en", "profile_background_tile": false, "favourites_count": 557, "name": "Kevin Hubbard", "notifications": false, "url": "https://t.co/YBVVD9s7WL", "created_at": "Sun Dec 25 01:18:37 +0000 2016", "contributors_enabled": false, "time_zone": null, "protected": false, "default_profile": true, "is_translator": false}, "geo": null, "in_reply_to_user_id_str": null, "possibly_sensitive": false, "lang": "en", "created_at": "Sat Jan 27 16:18:34 +0000 2018", "in_reply_to_status_id_str": null, "place": null, "metadata": {"iso_language_code": "en", "result_type": "recent"}}, "user": {"follow_request_sent": false, "has_extended_profile": false, "profile_use_background_image": false, "default_profile_image": true, "id": 953817387958243328, "profile_background_image_url_https": "https://abs.twimg.com/images/themes/theme1/bg.png", "verified": false, "translator_type": "none", "profile_text_color": "000000", "profile_image_url_https": "https://abs.twimg.com/sticky/default_profile_images/default_profile_normal.png", "profile_sidebar_fill_color": "000000", "entities": {"description": {"urls": []}}, "followers_count": 1, "profile_sidebar_border_color": "000000", "id_str": "953817387958243328", "profile_background_color": "000000", "listed_count": 0, "is_translation_enabled": false, "utc_offset": -28800, "statuses_count": 11, "description": "\ud83d\udc4a", "friends_count": 30, "location": "", "profile_link_color": "40E0D0", "profile_image_url": "http://abs.twimg.com/sticky/default_profile_images/default_profile_normal.png", "following": false, "geo_enabled": false, "profile_background_image_url": "http://abs.twimg.com/images/themes/theme1/bg.png", "screen_name": "_TUNTI_", "lang": "en", "profile_background_tile": false, "favourites_count": 15, "name": "TUNTI", "notifications": false, "url": null, "created_at": "Thu Jan 18 02:32:41 +0000 2018", "contributors_enabled": false, "time_zone": "Pacific Time (US & Canada)", "protected": false, "default_profile": false, "is_translator": false}, "geo": null, "in_reply_to_user_id_str": null, "lang": "en", "created_at": "Sun Feb 04 16:05:03 +0000 2018", "in_reply_to_status_id_str": null, "place": null, "metadata": {"iso_language_code": "en", "result_type": "recent"}}, {"contributors": null, "truncated": false, "text": "RT @bml_khubbard: Black Mesa Labs' 24bit color DVI video PCB for icoBoard @ico_TC @esden @AnttiBrain via 51pos flex cable is in. Broke @osh\u2026", "is_quote_status": false, "in_reply_to_status_id": null, "id": 959927863750352901, "favorite_count": 0, "retweeted": false, "coordinates": null, "source": "<a href=\"http://twitter.com\" rel=\"nofollow\">Twitter Web Client</a>", "in_reply_to_screen_name": null, "in_reply_to_user_id": null, "retweet_count": 3, "id_str": "959927863750352901", "favorited": false, "retweeted_status": {"contributors": null, "truncated": true, "text": "Black Mesa Labs' 24bit color DVI video PCB for icoBoard @ico_TC @esden @AnttiBrain via 51pos flex cable is in. Brok\u2026 https://t.co/dDpzEDihvb", "is_quote_status": false, "in_reply_to_status_id": null, "id": 959817582852259840, "favorite_count": 14, "retweeted": false, "coordinates": null, "source": "<a href=\"http://twitter.com\" rel=\"nofollow\">Twitter Web Client</a>", "in_reply_to_screen_name": null, "in_reply_to_user_id": null, "retweet_count": 3, "id_str": "959817582852259840", "favorited": false, "user": {"follow_request_sent": false, "has_extended_profile": false, "profile_use_background_image": true, "default_profile_image": false, "id": 812829868895309824, "profile_background_image_url_https": null, "verified": false, "translator_type": "none", "profile_text_color": "333333", "profile_image_url_https": "https://pbs.twimg.com/profile_images/813023610273079296/nz_TeZqD_normal.jpg", "profile_sidebar_fill_color": "DDEEF6", "entities": {"url": {"urls": [{"url": "https://t.co/YBVVD9s7WL", "indices": [0, 23], "expanded_url": "http://blackmesalabs.wordpress.com", "display_url": "blackmesalabs.wordpress.com"}]}, "description": {"urls": []}}, "followers_count": 508, "profile_sidebar_border_color": "C0DEED", "id_str": "812829868895309824", "profile_background_color": "F5F8FA", "listed_count": 7, "is_translation_enabled": false, "utc_offset": null, "statuses_count": 457, "description": "EE | FOSS, OSH | Verilog, VHDL, Python, Perl, C | ASICs, FPGAs | PCBs |  RaspberryPi, Arduino | True Democracy, Free Speech, Equal Rights", "friends_count": 154, "location": "Seattle,Washington,USA,Earth", "profile_link_color": "1DA1F2", "profile_image_url": "http://pbs.twimg.com/profile_images/813023610273079296/nz_TeZqD_normal.jpg", "following": false, "geo_enabled": false, "profile_banner_url": "https://pbs.twimg.com/profile_banners/812829868895309824/1483137228", "profile_background_image_url": null, "screen_name": "bml_khubbard", "lang": "en", "profile_background_tile": false, "favourites_count": 557, "name": "Kevin Hubbard", "notifications": false, "url": "https://t.co/YBVVD9s7WL", "created_at": "Sun Dec 25 01:18:37 +0000 2016", "contributors_enabled": false, "time_zone": null, "protected": false, "default_profile": true, "is_translator": false}, "geo": null, "in_reply_to_user_id_str": null, "possibly_sensitive": false, "lang": "en", "created_at": "Sat Feb 03 15:55:18 +0000 2018", "in_reply_to_status_id_str": null, "place": null, "metadata": {"iso_language_code": "en", "result_type": "recent"}}, "user": {"follow_request_sent": false, "has_extended_profile": false, "profile_use_background_image": true, "default_profile_image": false, "id": 142666683, "profile_background_image_url_https": "https://abs.twimg.com/images/themes/theme1/bg.png", "verified": false, "translator_type": "none", "profile_text_color": "333333", "profile_image_url_https": "https://pbs.twimg.com/profile_images/573527098901446656/5jVBgn9C_normal.jpeg", "profile_sidebar_fill_color": "DDEEF6", "entities": {"description": {"urls": []}}, "followers_count": 45, "profile_sidebar_border_color": "C0DEED", "id_str": "142666683", "profile_background_color": "C0DEED", "listed_count": 0, "is_translation_enabled": false, "utc_offset": 0, "statuses_count": 986, "description": "", "friends_count": 240, "location": "", "profile_link_color": "1DA1F2", "profile_image_url": "http://pbs.twimg.com/profile_images/573527098901446656/5jVBgn9C_normal.jpeg", "following": false, "geo_enabled": false, "profile_banner_url": "https://pbs.twimg.com/profile_banners/142666683/1444592694", "profile_background_image_url": "http://abs.twimg.com/images/themes/theme1/bg.png", "screen_name": "martynjriley", "lang": "en", "profile_background_tile": false, "favourites_count": 597, "name": "martyn riley", "notifications": false, "url": null, "created_at": "Tue May 11 12:45:20 +0000 2010", "contributors_enabled": false, "time_zone": "Europe/London", "protected": false, "default_profile": true, "is_translator": false}, "geo": null, "in_reply_to_user_id_str": null, "lang": "en", "created_at": "Sat Feb 03 23:13:31 +0000 2018", "in_reply_to_status_id_str": null, "place": null, "metadata": {"iso_language_code": "en", "result_type": "recent"}}, {"contributors": null, "truncated": false, "text": "RT @bml_khubbard: Black Mesa Labs' 24bit color DVI video PCB for icoBoard @ico_TC @esden @AnttiBrain via 51pos flex cable is in. Broke @osh\u2026", "is_quote_status": false, "in_reply_to_status_id": null, "id": 959878411698212865, "favorite_count": 0, "retweeted": false, "coordinates": null, "source": "<a href=\"http://twitter.com\" rel=\"nofollow\">Twitter Web Client</a>", "in_reply_to_screen_name": null, "in_reply_to_user_id": null, "retweet_count": 3, "id_str": "959878411698212865", "favorited": false, "retweeted_status": {"contributors": null, "truncated": true, "text": "Black Mesa Labs' 24bit color DVI video PCB for icoBoard @ico_TC @esden @AnttiBrain via 51pos flex cable is in. Brok\u2026 https://t.co/dDpzEDihvb", "is_quote_status": false, "in_reply_to_status_id": null, "id": 959817582852259840, "favorite_count": 14, "retweeted": false, "coordinates": null, "source": "<a href=\"http://twitter.com\" rel=\"nofollow\">Twitter Web Client</a>", "in_reply_to_screen_name": null, "in_reply_to_user_id": null, "retweet_count": 3, "id_str": "959817582852259840", "favorited": false, "user": {"follow_request_sent": false, "has_extended_profile": false, "profile_use_background_image": true, "default_profile_image": false, "id": 812829868895309824, "profile_background_image_url_https": null, "verified": false, "translator_type": "none", "profile_text_color": "333333", "profile_image_url_https": "https://pbs.twimg.com/profile_images/813023610273079296/nz_TeZqD_normal.jpg", "profile_sidebar_fill_color": "DDEEF6", "entities": {"url": {"urls": [{"url": "https://t.co/YBVVD9s7WL", "indices": [0, 23], "expanded_url": "http://blackmesalabs.wordpress.com", "display_url": "blackmesalabs.wordpress.com"}]}, "description": {"urls": []}}, "followers_count": 508, "profile_sidebar_border_color": "C0DEED", "id_str": "812829868895309824", "profile_background_color": "F5F8FA", "listed_count": 7, "is_translation_enabled": false, "utc_offset": null, "statuses_count": 457, "description": "EE | FOSS, OSH | Verilog, VHDL, Python, Perl, C | ASICs, FPGAs | PCBs |  RaspberryPi, Arduino | True Democracy, Free Speech, Equal Rights", "friends_count": 154, "location": "Seattle,Washington,USA,Earth", "profile_link_color": "1DA1F2", "profile_image_url": "http://pbs.twimg.com/profile_images/813023610273079296/nz_TeZqD_normal.jpg", "following": false, "geo_enabled": false, "profile_banner_url": "https://pbs.twimg.com/profile_banners/812829868895309824/1483137228", "profile_background_image_url": null, "screen_name": "bml_khubbard", "lang": "en", "profile_background_tile": false, "favourites_count": 557, "name": "Kevin Hubbard", "notifications": false, "url": "https://t.co/YBVVD9s7WL", "created_at": "Sun Dec 25 01:18:37 +0000 2016", "contributors_enabled": false, "time_zone": null, "protected": false, "default_profile": true, "is_translator": false}, "geo": null, "in_reply_to_user_id_str": null, "possibly_sensitive": false, "lang": "en", "created_at": "Sat Feb 03 15:55:18 +0000 2018", "in_reply_to_status_id_str": null, "place": null, "metadata": {"iso_language_code": "en", "result_type": "recent"}}, "user": {"follow_request_sent": false, "has_extended_profile": false, "profile_use_background_image": true, "default_profile_image": false, "id": 773677339, "profile_background_image_url_https": "https://pbs.twimg.com/profile_background_images/378800000045273493/c48f74a158cd26508de4d98260d8dc1a.jpeg", "verified": false, "translator_type": "none", "profile_text_color": "333333", "profile_image_url_https": "https://pbs.twimg.com/profile_images/378800000726973459/9126f62ae6c8fed2f99843aedcbf306e_normal.png", "profile_sidebar_fill_color": "DDEEF6", "entities": {"url": {"urls": [{"url": "http://t.co/rk1EIxfMHr", "indices": [0, 22], "expanded_url": "http://www.f4grx.net", "display_url": "f4grx.net"}]}, "description": {"urls": []}}, "followers_count": 1200, "profile_sidebar_border_color": "FFFFFF", "id_str": "773677339", "profile_background_color": "FFC040", "listed_count": 202, "is_translation_enabled": true, "utc_offset": 3600, "statuses_count": 35727, "description": "F4GRX: @Electrolab_fr board member, #hamradio, #hacker, reverse engineering, DIY, \u00e9ducation, partage. allergy to bullshit and pseudoscience\n\uc637 \u315b\nPGP:EA4008D9", "friends_count": 409, "location": "Paris / JN18BW", "profile_link_color": "FF8000", "profile_image_url": "http://pbs.twimg.com/profile_images/378800000726973459/9126f62ae6c8fed2f99843aedcbf306e_normal.png", "following": false, "geo_enabled": false, "profile_background_image_url": "http://pbs.twimg.com/profile_background_images/378800000045273493/c48f74a158cd26508de4d98260d8dc1a.jpeg", "screen_name": "f4grx", "lang": "fr", "profile_background_tile": false, "favourites_count": 46771, "name": "S\u039ebastien F4GRX", "notifications": false, "url": "http://t.co/rk1EIxfMHr", "created_at": "Wed Aug 22 13:26:46 +0000 2012", "contributors_enabled": false, "time_zone": "Paris", "protected": false, "default_profile": false, "is_translator": false}, "geo": null, "in_reply_to_user_id_str": null, "lang": "en", "created_at": "Sat Feb 03 19:57:01 +0000 2018", "in_reply_to_status_id_str": null, "place": null, "metadata": {"iso_language_code": "en", "result_type": "recent"}}, {"contributors": null, "truncated": false, "text": "RT @bml_khubbard: Black Mesa Labs' 24bit color DVI video PCB for icoBoard @ico_TC @esden @AnttiBrain via 51pos flex cable is in. Broke @osh\u2026", "is_quote_status": false, "in_reply_to_status_id": null, "id": 959822532923875328, "favorite_count": 0, "retweeted": false, "coordinates": null, "source": "<a href=\"http://twitter.com/download/android\" rel=\"nofollow\">Twitter for Android</a>", "in_reply_to_screen_name": null, "in_reply_to_user_id": null, "retweet_count": 3, "id_str": "959822532923875328", "favorited": false, "retweeted_status": {"contributors": null, "truncated": true, "text": "Black Mesa Labs' 24bit color DVI video PCB for icoBoard @ico_TC @esden @AnttiBrain via 51pos flex cable is in. Brok\u2026 https://t.co/dDpzEDihvb", "is_quote_status": false, "in_reply_to_status_id": null, "id": 959817582852259840, "favorite_count": 14, "retweeted": false, "coordinates": null, "source": "<a href=\"http://twitter.com\" rel=\"nofollow\">Twitter Web Client</a>", "in_reply_to_screen_name": null, "in_reply_to_user_id": null, "retweet_count": 3, "id_str": "959817582852259840", "favorited": false, "user": {"follow_request_sent": false, "has_extended_profile": false, "profile_use_background_image": true, "default_profile_image": false, "id": 812829868895309824, "profile_background_image_url_https": null, "verified": false, "translator_type": "none", "profile_text_color": "333333", "profile_image_url_https": "https://pbs.twimg.com/profile_images/813023610273079296/nz_TeZqD_normal.jpg", "profile_sidebar_fill_color": "DDEEF6", "entities": {"url": {"urls": [{"url": "https://t.co/YBVVD9s7WL", "indices": [0, 23], "expanded_url": "http://blackmesalabs.wordpress.com", "display_url": "blackmesalabs.wordpress.com"}]}, "description": {"urls": []}}, "followers_count": 508, "profile_sidebar_border_color": "C0DEED", "id_str": "812829868895309824", "profile_background_color": "F5F8FA", "listed_count": 7, "is_translation_enabled": false, "utc_offset": null, "statuses_count": 457, "description": "EE | FOSS, OSH | Verilog, VHDL, Python, Perl, C | ASICs, FPGAs | PCBs |  RaspberryPi, Arduino | True Democracy, Free Speech, Equal Rights", "friends_count": 154, "location": "Seattle,Washington,USA,Earth", "profile_link_color": "1DA1F2", "profile_image_url": "http://pbs.twimg.com/profile_images/813023610273079296/nz_TeZqD_normal.jpg", "following": false, "geo_enabled": false, "profile_banner_url": "https://pbs.twimg.com/profile_banners/812829868895309824/1483137228", "profile_background_image_url": null, "screen_name": "bml_khubbard", "lang": "en", "profile_background_tile": false, "favourites_count": 557, "name": "Kevin Hubbard", "notifications": false, "url": "https://t.co/YBVVD9s7WL", "created_at": "Sun Dec 25 01:18:37 +0000 2016", "contributors_enabled": false, "time_zone": null, "protected": false, "default_profile": true, "is_translator": false}, "geo": null, "in_reply_to_user_id_str": null, "possibly_sensitive": false, "lang": "en", "created_at": "Sat Feb 03 15:55:18 +0000 2018", "in_reply_to_status_id_str": null, "place": null, "metadata": {"iso_language_code": "en", "result_type": "recent"}}, "user": {"follow_request_sent": false, "has_extended_profile": true, "profile_use_background_image": true, "default_profile_image": false, "id": 904433410508193792, "profile_background_image_url_https": null, "verified": false, "translator_type": "none", "profile_text_color": "333333", "profile_image_url_https": "https://pbs.twimg.com/profile_images/904440170371579904/iXqCyMeT_normal.jpg", "profile_sidebar_fill_color": "DDEEF6", "entities": {"url": {"urls": [{"url": "https://t.co/xfIwbW5Ity", "indices": [0, 23], "expanded_url": "http://www.bectronics.co.za", "display_url": "bectronics.co.za"}]}, "description": {"urls": []}}, "followers_count": 57, "profile_sidebar_border_color": "C0DEED", "id_str": "904433410508193792", "profile_background_color": "F5F8FA", "listed_count": 0, "is_translation_enabled": false, "utc_offset": null, "statuses_count": 723, "description": "World of Electronics", "friends_count": 176, "location": "Cape Town, South Africa", "profile_link_color": "1DA1F2", "profile_image_url": "http://pbs.twimg.com/profile_images/904440170371579904/iXqCyMeT_normal.jpg", "following": false, "geo_enabled": false, "profile_background_image_url": null, "screen_name": "BigTechConcepts", "lang": "en", "profile_background_tile": false, "favourites_count": 1853, "name": "Ben", "notifications": false, "url": "https://t.co/xfIwbW5Ity", "created_at": "Sun Sep 03 19:58:23 +0000 2017", "contributors_enabled": false, "time_zone": null, "protected": false, "default_profile": true, "is_translator": false}, "geo": null, "in_reply_to_user_id_str": null, "lang": "en", "created_at": "Sat Feb 03 16:14:59 +0000 2018", "in_reply_to_status_id_str": null, "place": null, "metadata": {"iso_language_code": "en", "result_type": "recent"}}, {"contributors": null, "truncated": true, "text": "Black Mesa Labs' 24bit color DVI video PCB for icoBoard @ico_TC @esden @AnttiBrain via 51pos flex cable is in. Brok\u2026 https://t.co/dDpzEDihvb", "is_quote_status": false, "in_reply_to_status_id": null, "id": 959817582852259840, "favorite_count": 14, "retweeted": false, "coordinates": null, "source": "<a href=\"http://twitter.com\" rel=\"nofollow\">Twitter Web Client</a>", "in_reply_to_screen_name": null, "in_reply_to_user_id": null, "retweet_count": 3, "id_str": "959817582852259840", "favorited": false, "user": {"follow_request_sent": false, "has_extended_profile": false, "profile_use_background_image": true, "default_profile_image": false, "id": 812829868895309824, "profile_background_image_url_https": null, "verified": false, "translator_type": "none", "profile_text_color": "333333", "profile_image_url_https": "https://pbs.twimg.com/profile_images/813023610273079296/nz_TeZqD_normal.jpg", "profile_sidebar_fill_color": "DDEEF6", "entities": {"url": {"urls": [{"url": "https://t.co/YBVVD9s7WL", "indices": [0, 23], "expanded_url": "http://blackmesalabs.wordpress.com", "display_url": "blackmesalabs.wordpress.com"}]}, "description": {"urls": []}}, "followers_count": 508, "profile_sidebar_border_color": "C0DEED", "id_str": "812829868895309824", "profile_background_color": "F5F8FA", "listed_count": 7, "is_translation_enabled": false, "utc_offset": null, "statuses_count": 457, "description": "EE | FOSS, OSH | Verilog, VHDL, Python, Perl, C | ASICs, FPGAs | PCBs |  RaspberryPi, Arduino | True Democracy, Free Speech, Equal Rights", "friends_count": 154, "location": "Seattle,Washington,USA,Earth", "profile_link_color": "1DA1F2", "profile_image_url": "http://pbs.twimg.com/profile_images/813023610273079296/nz_TeZqD_normal.jpg", "following": false, "geo_enabled": false, "profile_banner_url": "https://pbs.twimg.com/profile_banners/812829868895309824/1483137228", "profile_background_image_url": null, "screen_name": "bml_khubbard", "lang": "en", "profile_background_tile": false, "favourites_count": 557, "name": "Kevin Hubbard", "notifications": false, "url": "https://t.co/YBVVD9s7WL", "created_at": "Sun Dec 25 01:18:37 +0000 2016", "contributors_enabled": false, "time_zone": null, "protected": false, "default_profile": true, "is_translator": false}, "geo": null, "in_reply_to_user_id_str": null, "possibly_sensitive": false, "lang": "en", "created_at": "Sat Feb 03 15:55:18 +0000 2018", "in_reply_to_status_id_str": null, "place": null, "metadata": {"iso_language_code": "en", "result_type": "recent"}}, {"contributors": null, "truncated": false, "text": "@WillFlux @bml_khubbard All future icoBoards will come with 64 MBit HyperRAM https://t.co/DsfNJsFoaY", "is_quote_status": false, "in_reply_to_status_id": 959017846738161664, "id": 959023241800142848, "favorite_count": 0, "retweeted": false, "coordinates": null, "source": "<a href=\"http://twitter.com\" rel=\"nofollow\">Twitter Web Client</a>", "in_reply_to_screen_name": "WillFlux", "in_reply_to_user_id": 1444364190, "retweet_count": 0, "id_str": "959023241800142848", "favorited": false, "user": {"follow_request_sent": false, "has_extended_profile": false, "profile_use_background_image": true, "default_profile_image": false, "id": 4784087996, "profile_background_image_url_https": "https://pbs.twimg.com/profile_background_images/689465172780408834/Uc1lwU-E.png", "verified": false, "translator_type": "none", "profile_text_color": "000000", "profile_image_url_https": "https://pbs.twimg.com/profile_images/689460000461221892/2qwdiB1o_normal.png", "profile_sidebar_fill_color": "000000", "entities": {"url": {"urls": [{"url": "https://t.co/maMK0lZDrN", "indices": [0, 23], "expanded_url": "http://www.icoboard.org", "display_url": "icoboard.org"}]}, "description": {"urls": []}}, "followers_count": 1437, "profile_sidebar_border_color": "000000", "id_str": "4784087996", "profile_background_color": "000000", "listed_count": 59, "is_translation_enabled": false, "utc_offset": 3600, "statuses_count": 5660, "description": "News about Yosys, ArachnePnR, icetools, SymbiFlow, SymbiYosys. Open Source FPGA tools for Lattice-ice40 and Xilinx-Series7 FPGAs  and boards.", "friends_count": 385, "location": "", "profile_link_color": "DD2E44", "profile_image_url": "http://pbs.twimg.com/profile_images/689460000461221892/2qwdiB1o_normal.png", "following": true, "geo_enabled": false, "profile_banner_url": "https://pbs.twimg.com/profile_banners/4784087996/1453216123", "profile_background_image_url": "http://pbs.twimg.com/profile_background_images/689465172780408834/Uc1lwU-E.png", "screen_name": "ico_TC", "lang": "de", "profile_background_tile": true, "favourites_count": 405, "name": "icoTC OSS for FPGAs", "notifications": false, "url": "https://t.co/maMK0lZDrN", "created_at": "Tue Jan 19 14:42:43 +0000 2016", "contributors_enabled": false, "time_zone": "Vienna", "protected": false, "default_profile": false, "is_translator": false}, "geo": null, "in_reply_to_user_id_str": "1444364190", "possibly_sensitive": false, "lang": "en", "created_at": "Thu Feb 01 11:18:53 +0000 2018", "in_reply_to_status_id_str": "959017846738161664", "place": null, "metadata": {"iso_language_code": "en", "result_type": "recent"}}, {"contributors": null, "truncated": true, "text": "@bml_khubbard Also, I like the way the IcoBoard uses spi bit bang for loading the config, so as not to hog the main\u2026 https://t.co/bIiTju6ds5", "is_quote_status": false, "in_reply_to_status_id": 958951354344468481, "id": 958958646578180096, "favorite_count": 0, "retweeted": false, "coordinates": null, "source": "<a href=\"http://twitter.com/download/android\" rel=\"nofollow\">Twitter for Android</a>", "in_reply_to_screen_name": "bml_khubbard", "in_reply_to_user_id": 812829868895309824, "retweet_count": 0, "id_str": "958958646578180096", "favorited": false, "user": {"follow_request_sent": false, "has_extended_profile": false, "profile_use_background_image": false, "default_profile_image": false, "id": 775778723517739009, "profile_background_image_url_https": "https://abs.twimg.com/images/themes/theme1/bg.png", "verified": false, "translator_type": "none", "profile_text_color": "000000", "profile_image_url_https": "https://pbs.twimg.com/profile_images/777286470033747968/RQJhTCRt_normal.jpg", "profile_sidebar_fill_color": "000000", "entities": {"url": {"urls": [{"url": "https://t.co/pDPKoTISTv", "indices": [0, 23], "expanded_url": "http://opentechlab.org.uk", "display_url": "opentechlab.org.uk"}]}, "description": {"urls": []}}, "followers_count": 242, "profile_sidebar_border_color": "000000", "id_str": "775778723517739009", "profile_background_color": "000000", "listed_count": 3, "is_translation_enabled": false, "utc_offset": null, "statuses_count": 437, "description": "A channel doing clever things with free/open source software, and low-cost hardware.", "friends_count": 180, "location": "", "profile_link_color": "00AA03", "profile_image_url": "http://pbs.twimg.com/profile_images/777286470033747968/RQJhTCRt_normal.jpg", "following": false, "geo_enabled": false, "profile_banner_url": "https://pbs.twimg.com/profile_banners/775778723517739009/1474154522", "profile_background_image_url": "http://abs.twimg.com/images/themes/theme1/bg.png", "screen_name": "OpenTechLabChan", "lang": "en", "profile_background_tile": false, "favourites_count": 253, "name": "OpenTechLab", "notifications": false, "url": "https://t.co/pDPKoTISTv", "created_at": "Tue Sep 13 19:30:35 +0000 2016", "contributors_enabled": false, "time_zone": null, "protected": false, "default_profile": false, "is_translator": false}, "geo": null, "in_reply_to_user_id_str": "812829868895309824", "lang": "en", "created_at": "Thu Feb 01 07:02:12 +0000 2018", "in_reply_to_status_id_str": "958951354344468481", "place": null, "metadata": {"iso_language_code": "en", "result_type": "recent"}}, {"contributors": null, "truncated": true, "text": "@bml_khubbard Sounds wonderful! Great if you could integrate with RPi's SMI port... not very well documented, but p\u2026 https://t.co/saYaalXlD0", "is_quote_status": false, "in_reply_to_status_id": 958943599005114368, "id": 958947755069652994, "favorite_count": 1, "retweeted": false, "coordinates": null, "source": "<a href=\"http://twitter.com/download/android\" rel=\"nofollow\">Twitter for Android</a>", "in_reply_to_screen_name": "bml_khubbard", "in_reply_to_user_id": 812829868895309824, "retweet_count": 0, "id_str": "958947755069652994", "favorited": false, "user": {"follow_request_sent": false, "has_extended_profile": false, "profile_use_background_image": false, "default_profile_image": false, "id": 775778723517739009, "profile_background_image_url_https": "https://abs.twimg.com/images/themes/theme1/bg.png", "verified": false, "translator_type": "none", "profile_text_color": "000000", "profile_image_url_https": "https://pbs.twimg.com/profile_images/777286470033747968/RQJhTCRt_normal.jpg", "profile_sidebar_fill_color": "000000", "entities": {"url": {"urls": [{"url": "https://t.co/pDPKoTISTv", "indices": [0, 23], "expanded_url": "http://opentechlab.org.uk", "display_url": "opentechlab.org.uk"}]}, "description": {"urls": []}}, "followers_count": 242, "profile_sidebar_border_color": "000000", "id_str": "775778723517739009", "profile_background_color": "000000", "listed_count": 3, "is_translation_enabled": false, "utc_offset": null, "statuses_count": 437, "description": "A channel doing clever things with free/open source software, and low-cost hardware.", "friends_count": 180, "location": "", "profile_link_color": "00AA03", "profile_image_url": "http://pbs.twimg.com/profile_images/777286470033747968/RQJhTCRt_normal.jpg", "following": false, "geo_enabled": false, "profile_banner_url": "https://pbs.twimg.com/profile_banners/775778723517739009/1474154522", "profile_background_image_url": "http://abs.twimg.com/images/themes/theme1/bg.png", "screen_name": "OpenTechLabChan", "lang": "en", "profile_background_tile": false, "favourites_count": 253, "name": "OpenTechLab", "notifications": false, "url": "https://t.co/pDPKoTISTv", "created_at": "Tue Sep 13 19:30:35 +0000 2016", "contributors_enabled": false, "time_zone": null, "protected": false, "default_profile": false, "is_translator": false}, "geo": null, "in_reply_to_user_id_str": "812829868895309824", "lang": "en", "created_at": "Thu Feb 01 06:18:55 +0000 2018", "in_reply_to_status_id_str": "958943599005114368", "place": null, "metadata": {"iso_language_code": "en", "result_type": "recent"}}]}