{"search_metadata": {"count": 100, "completed_in": 0.031, "max_id_str": "962011574528442370", "since_id_str": "0", "refresh_url": "?since_id=962011574528442370&q=BeagleWire", "since_id": 0, "query": "BeagleWire", "max_id": 962011574528442370}, "statuses": [{"contributors": null, "truncated": false, "text": "RT @HacksterPro: BeagleWire is an open source FPGA BeagleBone cape: https://t.co/8cEPHZ5xvW https://t.co/hqvR5cIBiE", "is_quote_status": false, "in_reply_to_status_id": null, "id": 962011574528442370, "favorite_count": 0, "retweeted": false, "coordinates": null, "source": "<a href=\"http://twitter.com/download/android\" rel=\"nofollow\">Twitter for Android</a>", "in_reply_to_screen_name": null, "in_reply_to_user_id": null, "retweet_count": 9, "id_str": "962011574528442370", "favorited": false, "retweeted_status": {"contributors": null, "truncated": false, "text": "BeagleWire is an open source FPGA BeagleBone cape: https://t.co/8cEPHZ5xvW https://t.co/hqvR5cIBiE", "is_quote_status": false, "in_reply_to_status_id": null, "id": 961364245739958272, "favorite_count": 18, "retweeted": false, "coordinates": null, "source": "<a href=\"http://twitter.com\" rel=\"nofollow\">Twitter Web Client</a>", "in_reply_to_screen_name": null, "in_reply_to_user_id": null, "retweet_count": 9, "id_str": "961364245739958272", "favorited": false, "user": {"follow_request_sent": false, "has_extended_profile": false, "profile_use_background_image": true, "default_profile_image": false, "id": 1525669423, "profile_background_image_url_https": "https://pbs.twimg.com/profile_background_images/378800000177923365/ImgQ0O1D.jpeg", "verified": false, "translator_type": "none", "profile_text_color": "333333", "profile_image_url_https": "https://pbs.twimg.com/profile_images/819307463740706816/payEV_au_normal.jpg", "profile_sidebar_fill_color": "DDEEF6", "entities": {"url": {"urls": [{"url": "https://t.co/8nAbfEQ70p", "indices": [0, 23], "expanded_url": "http://www.hackster.io", "display_url": "hackster.io"}]}, "description": {"urls": []}}, "followers_count": 17468, "profile_sidebar_border_color": "000000", "id_str": "1525669423", "profile_background_color": "0C0E0F", "listed_count": 448, "is_translation_enabled": false, "utc_offset": -25200, "statuses_count": 2051, "description": "Tweeting about all the latest boards, campaigns, startups, trends + all other things hardware. Check out awesome projects on @Hacksterio!", "friends_count": 3561, "location": "", "profile_link_color": "1B95E0", "profile_image_url": "http://pbs.twimg.com/profile_images/819307463740706816/payEV_au_normal.jpg", "following": false, "geo_enabled": false, "profile_banner_url": "https://pbs.twimg.com/profile_banners/1525669423/1510078242", "profile_background_image_url": "http://pbs.twimg.com/profile_background_images/378800000177923365/ImgQ0O1D.jpeg", "screen_name": "HacksterPro", "lang": "en", "profile_background_tile": true, "favourites_count": 2955, "name": "Hackster Pro", "notifications": false, "url": "https://t.co/8nAbfEQ70p", "created_at": "Mon Jun 17 19:15:59 +0000 2013", "contributors_enabled": false, "time_zone": "Arizona", "protected": false, "default_profile": false, "is_translator": false}, "geo": null, "in_reply_to_user_id_str": null, "possibly_sensitive": false, "lang": "en", "created_at": "Wed Feb 07 22:21:12 +0000 2018", "in_reply_to_status_id_str": null, "place": null, "metadata": {"iso_language_code": "en", "result_type": "recent"}}, "user": {"follow_request_sent": false, "has_extended_profile": false, "profile_use_background_image": false, "default_profile_image": false, "id": 225472726, "profile_background_image_url_https": "https://abs.twimg.com/images/themes/theme15/bg.png", "verified": false, "translator_type": "none", "profile_text_color": "000000", "profile_image_url_https": "https://pbs.twimg.com/profile_images/879373118481072131/YUL719a3_normal.jpg", "profile_sidebar_fill_color": "000000", "entities": {"description": {"urls": []}}, "followers_count": 38, "profile_sidebar_border_color": "000000", "id_str": "225472726", "profile_background_color": "000000", "listed_count": 38, "is_translation_enabled": false, "utc_offset": null, "statuses_count": 944, "description": "ham radio when i was 10, BBS admin in my teens, scifi geek, hacker, maker, hardware engineer, reverse engineer, researcher, and inventor!", "friends_count": 75, "location": "Dayton, OH", "profile_link_color": "604020", "profile_image_url": "http://pbs.twimg.com/profile_images/879373118481072131/YUL719a3_normal.jpg", "following": false, "geo_enabled": false, "profile_banner_url": "https://pbs.twimg.com/profile_banners/225472726/1443104090", "profile_background_image_url": "http://abs.twimg.com/images/themes/theme15/bg.png", "screen_name": "My30sRawesome", "lang": "en", "profile_background_tile": false, "favourites_count": 194, "name": "David Bowman", "notifications": false, "url": null, "created_at": "Sat Dec 11 17:03:12 +0000 2010", "contributors_enabled": false, "time_zone": null, "protected": false, "default_profile": false, "is_translator": false}, "geo": null, "in_reply_to_user_id_str": null, "possibly_sensitive": false, "lang": "en", "created_at": "Fri Feb 09 17:13:27 +0000 2018", "in_reply_to_status_id_str": null, "place": null, "metadata": {"iso_language_code": "en", "result_type": "recent"}}, {"contributors": null, "truncated": false, "text": "RT @MakerIO: ICYMI: #ComingSoon to @crowd_supply : BeagleWire - Fully open ICE40 FPGA BeagleBone cape https://t.co/LW8e7gYKFq https://t.co/\u2026", "is_quote_status": false, "in_reply_to_status_id": null, "id": 961610433625903105, "favorite_count": 0, "retweeted": false, "coordinates": null, "source": "<a href=\"http://twitter.com\" rel=\"nofollow\">Twitter Web Client</a>", "in_reply_to_screen_name": null, "in_reply_to_user_id": null, "retweet_count": 11, "id_str": "961610433625903105", "favorited": false, "retweeted_status": {"contributors": null, "truncated": false, "text": "ICYMI: #ComingSoon to @crowd_supply : BeagleWire - Fully open ICE40 FPGA BeagleBone cape https://t.co/LW8e7gYKFq https://t.co/SsiId1NYQm", "is_quote_status": false, "in_reply_to_status_id": null, "id": 938273057688473600, "favorite_count": 17, "retweeted": false, "coordinates": null, "source": "<a href=\"http://www.hootsuite.com\" rel=\"nofollow\">Hootsuite</a>", "in_reply_to_screen_name": null, "in_reply_to_user_id": null, "retweet_count": 11, "id_str": "938273057688473600", "favorited": false, "user": {"follow_request_sent": false, "has_extended_profile": true, "profile_use_background_image": false, "default_profile_image": false, "id": 3241668860, "profile_background_image_url_https": "https://abs.twimg.com/images/themes/theme1/bg.png", "verified": false, "translator_type": "none", "profile_text_color": "000000", "profile_image_url_https": "https://pbs.twimg.com/profile_images/775375449522262017/a3pIIc8p_normal.jpg", "profile_sidebar_fill_color": "000000", "entities": {"url": {"urls": [{"url": "https://t.co/weul26cXqZ", "indices": [0, 23], "expanded_url": "https://www.digikey.com/en/maker", "display_url": "digikey.com/en/maker"}]}, "description": {"urls": []}}, "followers_count": 5409, "profile_sidebar_border_color": "000000", "id_str": "3241668860", "profile_background_color": "000000", "listed_count": 333, "is_translation_enabled": false, "utc_offset": -28800, "statuses_count": 7131, "description": "An electronic hardware playground for #makers #hackers #educators & #makerpros powered by @digikey", "friends_count": 1200, "location": "World Wide", "profile_link_color": "ED1C24", "profile_image_url": "http://pbs.twimg.com/profile_images/775375449522262017/a3pIIc8p_normal.jpg", "following": false, "geo_enabled": true, "profile_banner_url": "https://pbs.twimg.com/profile_banners/3241668860/1498579625", "profile_background_image_url": "http://abs.twimg.com/images/themes/theme1/bg.png", "screen_name": "MakerIO", "lang": "en", "profile_background_tile": false, "favourites_count": 6962, "name": "maker.io", "notifications": false, "url": "https://t.co/weul26cXqZ", "created_at": "Wed Jun 10 20:24:49 +0000 2015", "contributors_enabled": false, "time_zone": "Pacific Time (US & Canada)", "protected": false, "default_profile": false, "is_translator": false}, "geo": null, "in_reply_to_user_id_str": null, "possibly_sensitive": false, "lang": "en", "created_at": "Wed Dec 06 05:05:03 +0000 2017", "in_reply_to_status_id_str": null, "place": null, "metadata": {"iso_language_code": "en", "result_type": "recent"}}, "user": {"follow_request_sent": false, "has_extended_profile": true, "profile_use_background_image": false, "default_profile_image": false, "id": 748611375325339648, "profile_background_image_url_https": "https://abs.twimg.com/images/themes/theme1/bg.png", "verified": false, "translator_type": "none", "profile_text_color": "000000", "profile_image_url_https": "https://pbs.twimg.com/profile_images/860158686366388225/23WNFkyo_normal.jpg", "profile_sidebar_fill_color": "000000", "entities": {"url": {"urls": [{"url": "https://t.co/mi9qV9WGIE", "indices": [0, 23], "expanded_url": "http://www.gumstix.com", "display_url": "gumstix.com"}]}, "description": {"urls": []}}, "followers_count": 185, "profile_sidebar_border_color": "000000", "id_str": "748611375325339648", "profile_background_color": "000000", "listed_count": 12, "is_translation_enabled": false, "utc_offset": null, "statuses_count": 422, "description": "I'm Keith, the gadget guru at @gumstix. My job is to do cool stuff with the things we make. Everything from #drones to #homeautomation", "friends_count": 300, "location": "Vancouver, British Columbia", "profile_link_color": "ABB8C2", "profile_image_url": "http://pbs.twimg.com/profile_images/860158686366388225/23WNFkyo_normal.jpg", "following": false, "geo_enabled": true, "profile_banner_url": "https://pbs.twimg.com/profile_banners/748611375325339648/1467320863", "profile_background_image_url": "http://abs.twimg.com/images/themes/theme1/bg.png", "screen_name": "gstixguru", "lang": "en", "profile_background_tile": false, "favourites_count": 791, "name": "Gumstix Guru", "notifications": false, "url": "https://t.co/mi9qV9WGIE", "created_at": "Thu Jun 30 20:17:15 +0000 2016", "contributors_enabled": false, "time_zone": null, "protected": false, "default_profile": false, "is_translator": false}, "geo": null, "in_reply_to_user_id_str": null, "possibly_sensitive": false, "lang": "en", "created_at": "Thu Feb 08 14:39:27 +0000 2018", "in_reply_to_status_id_str": null, "place": null, "metadata": {"iso_language_code": "en", "result_type": "recent"}}, {"contributors": null, "truncated": false, "text": "RT @HacksterPro: BeagleWire is an open source FPGA BeagleBone cape: https://t.co/8cEPHZ5xvW https://t.co/hqvR5cIBiE", "is_quote_status": false, "in_reply_to_status_id": null, "id": 961604672590045184, "favorite_count": 0, "retweeted": false, "coordinates": null, "source": "<a href=\"http://twitter.com/download/android\" rel=\"nofollow\">Twitter for Android</a>", "in_reply_to_screen_name": null, "in_reply_to_user_id": null, "retweet_count": 9, "id_str": "961604672590045184", "favorited": false, "retweeted_status": {"contributors": null, "truncated": false, "text": "BeagleWire is an open source FPGA BeagleBone cape: https://t.co/8cEPHZ5xvW https://t.co/hqvR5cIBiE", "is_quote_status": false, "in_reply_to_status_id": null, "id": 961364245739958272, "favorite_count": 18, "retweeted": false, "coordinates": null, "source": "<a href=\"http://twitter.com\" rel=\"nofollow\">Twitter Web Client</a>", "in_reply_to_screen_name": null, "in_reply_to_user_id": null, "retweet_count": 9, "id_str": "961364245739958272", "favorited": false, "user": {"follow_request_sent": false, "has_extended_profile": false, "profile_use_background_image": true, "default_profile_image": false, "id": 1525669423, "profile_background_image_url_https": "https://pbs.twimg.com/profile_background_images/378800000177923365/ImgQ0O1D.jpeg", "verified": false, "translator_type": "none", "profile_text_color": "333333", "profile_image_url_https": "https://pbs.twimg.com/profile_images/819307463740706816/payEV_au_normal.jpg", "profile_sidebar_fill_color": "DDEEF6", "entities": {"url": {"urls": [{"url": "https://t.co/8nAbfEQ70p", "indices": [0, 23], "expanded_url": "http://www.hackster.io", "display_url": "hackster.io"}]}, "description": {"urls": []}}, "followers_count": 17468, "profile_sidebar_border_color": "000000", "id_str": "1525669423", "profile_background_color": "0C0E0F", "listed_count": 448, "is_translation_enabled": false, "utc_offset": -25200, "statuses_count": 2051, "description": "Tweeting about all the latest boards, campaigns, startups, trends + all other things hardware. Check out awesome projects on @Hacksterio!", "friends_count": 3561, "location": "", "profile_link_color": "1B95E0", "profile_image_url": "http://pbs.twimg.com/profile_images/819307463740706816/payEV_au_normal.jpg", "following": false, "geo_enabled": false, "profile_banner_url": "https://pbs.twimg.com/profile_banners/1525669423/1510078242", "profile_background_image_url": "http://pbs.twimg.com/profile_background_images/378800000177923365/ImgQ0O1D.jpeg", "screen_name": "HacksterPro", "lang": "en", "profile_background_tile": true, "favourites_count": 2955, "name": "Hackster Pro", "notifications": false, "url": "https://t.co/8nAbfEQ70p", "created_at": "Mon Jun 17 19:15:59 +0000 2013", "contributors_enabled": false, "time_zone": "Arizona", "protected": false, "default_profile": false, "is_translator": false}, "geo": null, "in_reply_to_user_id_str": null, "possibly_sensitive": false, "lang": "en", "created_at": "Wed Feb 07 22:21:12 +0000 2018", "in_reply_to_status_id_str": null, "place": null, "metadata": {"iso_language_code": "en", "result_type": "recent"}}, "user": {"follow_request_sent": false, "has_extended_profile": true, "profile_use_background_image": true, "default_profile_image": false, "id": 937705137610440704, "profile_background_image_url_https": null, "verified": false, "translator_type": "none", "profile_text_color": "333333", "profile_image_url_https": "https://pbs.twimg.com/profile_images/963908952810340352/gKdtc8KZ_normal.jpg", "profile_sidebar_fill_color": "DDEEF6", "entities": {"url": {"urls": [{"url": "https://t.co/a3jz5uThbv", "indices": [0, 23], "expanded_url": "https://www.ncbn.in", "display_url": "ncbn.in"}]}, "description": {"urls": [{"url": "https://t.co/94VCxHSh0q", "indices": [51, 74], "expanded_url": "http://tinyurl.com/capitalAMARAVA", "display_url": "tinyurl.com/capitalAMARAVA"}]}}, "followers_count": 190, "profile_sidebar_border_color": "C0DEED", "id_str": "937705137610440704", "profile_background_color": "F5F8FA", "listed_count": 5, "is_translation_enabled": false, "utc_offset": null, "statuses_count": 7502, "description": "our capital city AMARAVATHI is under construction. https://t.co/94VCxHSh0q\u2026 . Please invest in our  state capital AMARAVATI. Email our cm sir at cm@ap.gov.in", "friends_count": 504, "location": "AMARAVATHI(UNDER CONSTRUCTION)", "profile_link_color": "1DA1F2", "profile_image_url": "http://pbs.twimg.com/profile_images/963908952810340352/gKdtc8KZ_normal.jpg", "following": false, "geo_enabled": false, "profile_banner_url": "https://pbs.twimg.com/profile_banners/937705137610440704/1518711379", "profile_background_image_url": null, "screen_name": "MAKEinANDHRA", "lang": "en", "profile_background_tile": false, "favourites_count": 13441, "name": "INVEST IN ANDHRA PRADESH .INVEST IN AMARAVATI", "notifications": false, "url": "https://t.co/a3jz5uThbv", "created_at": "Mon Dec 04 15:28:21 +0000 2017", "contributors_enabled": false, "time_zone": null, "protected": false, "default_profile": true, "is_translator": false}, "geo": null, "in_reply_to_user_id_str": null, "possibly_sensitive": false, "lang": "en", "created_at": "Thu Feb 08 14:16:34 +0000 2018", "in_reply_to_status_id_str": null, "place": null, "metadata": {"iso_language_code": "en", "result_type": "recent"}}, {"contributors": null, "truncated": false, "text": "RT @HacksterPro: BeagleWire is an open source FPGA BeagleBone cape: https://t.co/8cEPHZ5xvW https://t.co/hqvR5cIBiE", "is_quote_status": false, "in_reply_to_status_id": null, "id": 961603361299746819, "favorite_count": 0, "retweeted": false, "coordinates": null, "source": "<a href=\"http://twitter.com\" rel=\"nofollow\">Twitter Web Client</a>", "in_reply_to_screen_name": null, "in_reply_to_user_id": null, "retweet_count": 9, "id_str": "961603361299746819", "favorited": false, "retweeted_status": {"contributors": null, "truncated": false, "text": "BeagleWire is an open source FPGA BeagleBone cape: https://t.co/8cEPHZ5xvW https://t.co/hqvR5cIBiE", "is_quote_status": false, "in_reply_to_status_id": null, "id": 961364245739958272, "favorite_count": 18, "retweeted": false, "coordinates": null, "source": "<a href=\"http://twitter.com\" rel=\"nofollow\">Twitter Web Client</a>", "in_reply_to_screen_name": null, "in_reply_to_user_id": null, "retweet_count": 9, "id_str": "961364245739958272", "favorited": false, "user": {"follow_request_sent": false, "has_extended_profile": false, "profile_use_background_image": true, "default_profile_image": false, "id": 1525669423, "profile_background_image_url_https": "https://pbs.twimg.com/profile_background_images/378800000177923365/ImgQ0O1D.jpeg", "verified": false, "translator_type": "none", "profile_text_color": "333333", "profile_image_url_https": "https://pbs.twimg.com/profile_images/819307463740706816/payEV_au_normal.jpg", "profile_sidebar_fill_color": "DDEEF6", "entities": {"url": {"urls": [{"url": "https://t.co/8nAbfEQ70p", "indices": [0, 23], "expanded_url": "http://www.hackster.io", "display_url": "hackster.io"}]}, "description": {"urls": []}}, "followers_count": 17468, "profile_sidebar_border_color": "000000", "id_str": "1525669423", "profile_background_color": "0C0E0F", "listed_count": 448, "is_translation_enabled": false, "utc_offset": -25200, "statuses_count": 2051, "description": "Tweeting about all the latest boards, campaigns, startups, trends + all other things hardware. Check out awesome projects on @Hacksterio!", "friends_count": 3561, "location": "", "profile_link_color": "1B95E0", "profile_image_url": "http://pbs.twimg.com/profile_images/819307463740706816/payEV_au_normal.jpg", "following": false, "geo_enabled": false, "profile_banner_url": "https://pbs.twimg.com/profile_banners/1525669423/1510078242", "profile_background_image_url": "http://pbs.twimg.com/profile_background_images/378800000177923365/ImgQ0O1D.jpeg", "screen_name": "HacksterPro", "lang": "en", "profile_background_tile": true, "favourites_count": 2955, "name": "Hackster Pro", "notifications": false, "url": "https://t.co/8nAbfEQ70p", "created_at": "Mon Jun 17 19:15:59 +0000 2013", "contributors_enabled": false, "time_zone": "Arizona", "protected": false, "default_profile": false, "is_translator": false}, "geo": null, "in_reply_to_user_id_str": null, "possibly_sensitive": false, "lang": "en", "created_at": "Wed Feb 07 22:21:12 +0000 2018", "in_reply_to_status_id_str": null, "place": null, "metadata": {"iso_language_code": "en", "result_type": "recent"}}, "user": {"follow_request_sent": false, "has_extended_profile": false, "profile_use_background_image": false, "default_profile_image": false, "id": 1628480198, "profile_background_image_url_https": "https://abs.twimg.com/images/themes/theme1/bg.png", "verified": false, "translator_type": "none", "profile_text_color": "000000", "profile_image_url_https": "https://pbs.twimg.com/profile_images/837414130701189121/6QDxINSl_normal.jpg", "profile_sidebar_fill_color": "000000", "entities": {"url": {"urls": [{"url": "https://t.co/U5iUasZ69R", "indices": [0, 23], "expanded_url": "http://semielectronics.com", "display_url": "semielectronics.com"}]}, "description": {"urls": []}}, "followers_count": 11926, "profile_sidebar_border_color": "000000", "id_str": "1628480198", "profile_background_color": "000000", "listed_count": 228, "is_translation_enabled": false, "utc_offset": -14400, "statuses_count": 3690, "description": "#Semiconductor & electronic component #technews, information, & resources, all delivered to the #electronics #engineering community through social media.", "friends_count": 2428, "location": "Atlanta, GA", "profile_link_color": "404040", "profile_image_url": "http://pbs.twimg.com/profile_images/837414130701189121/6QDxINSl_normal.jpg", "following": false, "geo_enabled": true, "profile_banner_url": "https://pbs.twimg.com/profile_banners/1628480198/1461160044", "profile_background_image_url": "http://abs.twimg.com/images/themes/theme1/bg.png", "screen_name": "SemiElectronics", "lang": "en", "profile_background_tile": false, "favourites_count": 58, "name": "SemiElectronics", "notifications": false, "url": "https://t.co/U5iUasZ69R", "created_at": "Sun Jul 28 18:31:25 +0000 2013", "contributors_enabled": false, "time_zone": "Atlantic Time (Canada)", "protected": false, "default_profile": false, "is_translator": false}, "geo": null, "in_reply_to_user_id_str": null, "possibly_sensitive": false, "lang": "en", "created_at": "Thu Feb 08 14:11:21 +0000 2018", "in_reply_to_status_id_str": null, "place": null, "metadata": {"iso_language_code": "en", "result_type": "recent"}}, {"contributors": null, "truncated": false, "text": "RT @HacksterPro: BeagleWire is an open source FPGA BeagleBone cape: https://t.co/8cEPHZ5xvW https://t.co/hqvR5cIBiE", "is_quote_status": false, "in_reply_to_status_id": null, "id": 961456733381169152, "favorite_count": 0, "retweeted": false, "coordinates": null, "source": "<a href=\"http://twitter.com/download/android\" rel=\"nofollow\">Twitter for Android</a>", "in_reply_to_screen_name": null, "in_reply_to_user_id": null, "retweet_count": 9, "id_str": "961456733381169152", "favorited": false, "retweeted_status": {"contributors": null, "truncated": false, "text": "BeagleWire is an open source FPGA BeagleBone cape: https://t.co/8cEPHZ5xvW https://t.co/hqvR5cIBiE", "is_quote_status": false, "in_reply_to_status_id": null, "id": 961364245739958272, "favorite_count": 18, "retweeted": false, "coordinates": null, "source": "<a href=\"http://twitter.com\" rel=\"nofollow\">Twitter Web Client</a>", "in_reply_to_screen_name": null, "in_reply_to_user_id": null, "retweet_count": 9, "id_str": "961364245739958272", "favorited": false, "user": {"follow_request_sent": false, "has_extended_profile": false, "profile_use_background_image": true, "default_profile_image": false, "id": 1525669423, "profile_background_image_url_https": "https://pbs.twimg.com/profile_background_images/378800000177923365/ImgQ0O1D.jpeg", "verified": false, "translator_type": "none", "profile_text_color": "333333", "profile_image_url_https": "https://pbs.twimg.com/profile_images/819307463740706816/payEV_au_normal.jpg", "profile_sidebar_fill_color": "DDEEF6", "entities": {"url": {"urls": [{"url": "https://t.co/8nAbfEQ70p", "indices": [0, 23], "expanded_url": "http://www.hackster.io", "display_url": "hackster.io"}]}, "description": {"urls": []}}, "followers_count": 17468, "profile_sidebar_border_color": "000000", "id_str": "1525669423", "profile_background_color": "0C0E0F", "listed_count": 448, "is_translation_enabled": false, "utc_offset": -25200, "statuses_count": 2051, "description": "Tweeting about all the latest boards, campaigns, startups, trends + all other things hardware. Check out awesome projects on @Hacksterio!", "friends_count": 3561, "location": "", "profile_link_color": "1B95E0", "profile_image_url": "http://pbs.twimg.com/profile_images/819307463740706816/payEV_au_normal.jpg", "following": false, "geo_enabled": false, "profile_banner_url": "https://pbs.twimg.com/profile_banners/1525669423/1510078242", "profile_background_image_url": "http://pbs.twimg.com/profile_background_images/378800000177923365/ImgQ0O1D.jpeg", "screen_name": "HacksterPro", "lang": "en", "profile_background_tile": true, "favourites_count": 2955, "name": "Hackster Pro", "notifications": false, "url": "https://t.co/8nAbfEQ70p", "created_at": "Mon Jun 17 19:15:59 +0000 2013", "contributors_enabled": false, "time_zone": "Arizona", "protected": false, "default_profile": false, "is_translator": false}, "geo": null, "in_reply_to_user_id_str": null, "possibly_sensitive": false, "lang": "en", "created_at": "Wed Feb 07 22:21:12 +0000 2018", "in_reply_to_status_id_str": null, "place": null, "metadata": {"iso_language_code": "en", "result_type": "recent"}}, "user": {"follow_request_sent": false, "has_extended_profile": false, "profile_use_background_image": true, "default_profile_image": false, "id": 506940811, "profile_background_image_url_https": "https://abs.twimg.com/images/themes/theme14/bg.gif", "verified": false, "translator_type": "none", "profile_text_color": "333333", "profile_image_url_https": "https://pbs.twimg.com/profile_images/2097738549/images__1__normal.jpg", "profile_sidebar_fill_color": "EFEFEF", "entities": {"description": {"urls": []}}, "followers_count": 304, "profile_sidebar_border_color": "EEEEEE", "id_str": "506940811", "profile_background_color": "131516", "listed_count": 721, "is_translation_enabled": false, "utc_offset": null, "statuses_count": 52135, "description": "Estudiante de la UASLP, en la Facultad de Ingenier\u00eda, en Ingenier\u00eda en Mecatr\u00f3nica y Taekwondoin", "friends_count": 94, "location": "", "profile_link_color": "009999", "profile_image_url": "http://pbs.twimg.com/profile_images/2097738549/images__1__normal.jpg", "following": false, "geo_enabled": false, "profile_banner_url": "https://pbs.twimg.com/profile_banners/506940811/1431230445", "profile_background_image_url": "http://abs.twimg.com/images/themes/theme14/bg.gif", "screen_name": "BalamSinhue", "lang": "es", "profile_background_tile": true, "favourites_count": 33580, "name": "balam sinhue lopez", "notifications": false, "url": null, "created_at": "Tue Feb 28 05:37:05 +0000 2012", "contributors_enabled": false, "time_zone": null, "protected": false, "default_profile": false, "is_translator": false}, "geo": null, "in_reply_to_user_id_str": null, "possibly_sensitive": false, "lang": "en", "created_at": "Thu Feb 08 04:28:42 +0000 2018", "in_reply_to_status_id_str": null, "place": null, "metadata": {"iso_language_code": "en", "result_type": "recent"}}]}