{"search_metadata": {"count": 100, "completed_in": 0.031, "max_id_str": "961610433625903105", "since_id_str": "0", "refresh_url": "?since_id=961610433625903105&q=BeagleWire", "since_id": 0, "query": "BeagleWire", "max_id": 961610433625903105}, "statuses": [{"contributors": null, "truncated": false, "text": "RT @MakerIO: ICYMI: #ComingSoon to @crowd_supply : BeagleWire - Fully open ICE40 FPGA BeagleBone cape https://t.co/LW8e7gYKFq https://t.co/\u2026", "is_quote_status": false, "in_reply_to_status_id": null, "id": 961610433625903105, "favorite_count": 0, "retweeted": false, "coordinates": null, "source": "<a href=\"http://twitter.com\" rel=\"nofollow\">Twitter Web Client</a>", "in_reply_to_screen_name": null, "in_reply_to_user_id": null, "retweet_count": 11, "id_str": "961610433625903105", "favorited": false, "retweeted_status": {"contributors": null, "truncated": false, "text": "ICYMI: #ComingSoon to @crowd_supply : BeagleWire - Fully open ICE40 FPGA BeagleBone cape https://t.co/LW8e7gYKFq https://t.co/SsiId1NYQm", "is_quote_status": false, "in_reply_to_status_id": null, "id": 938273057688473600, "favorite_count": 17, "retweeted": false, "coordinates": null, "source": "<a href=\"http://www.hootsuite.com\" rel=\"nofollow\">Hootsuite</a>", "in_reply_to_screen_name": null, "in_reply_to_user_id": null, "retweet_count": 11, "id_str": "938273057688473600", "favorited": false, "user": {"follow_request_sent": false, "has_extended_profile": true, "profile_use_background_image": false, "default_profile_image": false, "id": 3241668860, "profile_background_image_url_https": "https://abs.twimg.com/images/themes/theme1/bg.png", "verified": false, "translator_type": "none", "profile_text_color": "000000", "profile_image_url_https": "https://pbs.twimg.com/profile_images/775375449522262017/a3pIIc8p_normal.jpg", "profile_sidebar_fill_color": "000000", "entities": {"url": {"urls": [{"url": "https://t.co/weul26cXqZ", "indices": [0, 23], "expanded_url": "https://www.digikey.com/en/maker", "display_url": "digikey.com/en/maker"}]}, "description": {"urls": []}}, "followers_count": 5346, "profile_sidebar_border_color": "000000", "id_str": "3241668860", "profile_background_color": "000000", "listed_count": 330, "is_translation_enabled": false, "utc_offset": -28800, "statuses_count": 7030, "description": "An electronic hardware playground for #makers #hackers #educators & #makerpros powered by @digikey", "friends_count": 1196, "location": "World Wide", "profile_link_color": "ED1C24", "profile_image_url": "http://pbs.twimg.com/profile_images/775375449522262017/a3pIIc8p_normal.jpg", "following": false, "geo_enabled": true, "profile_banner_url": "https://pbs.twimg.com/profile_banners/3241668860/1498579625", "profile_background_image_url": "http://abs.twimg.com/images/themes/theme1/bg.png", "screen_name": "MakerIO", "lang": "en", "profile_background_tile": false, "favourites_count": 6743, "name": "maker.io", "notifications": false, "url": "https://t.co/weul26cXqZ", "created_at": "Wed Jun 10 20:24:49 +0000 2015", "contributors_enabled": false, "time_zone": "Pacific Time (US & Canada)", "protected": false, "default_profile": false, "is_translator": false}, "geo": null, "in_reply_to_user_id_str": null, "possibly_sensitive": false, "lang": "en", "created_at": "Wed Dec 06 05:05:03 +0000 2017", "in_reply_to_status_id_str": null, "place": null, "metadata": {"iso_language_code": "en", "result_type": "recent"}}, "user": {"follow_request_sent": false, "has_extended_profile": true, "profile_use_background_image": false, "default_profile_image": false, "id": 748611375325339648, "profile_background_image_url_https": "https://abs.twimg.com/images/themes/theme1/bg.png", "verified": false, "translator_type": "none", "profile_text_color": "000000", "profile_image_url_https": "https://pbs.twimg.com/profile_images/860158686366388225/23WNFkyo_normal.jpg", "profile_sidebar_fill_color": "000000", "entities": {"url": {"urls": [{"url": "https://t.co/mi9qV9WGIE", "indices": [0, 23], "expanded_url": "http://www.gumstix.com", "display_url": "gumstix.com"}]}, "description": {"urls": []}}, "followers_count": 182, "profile_sidebar_border_color": "000000", "id_str": "748611375325339648", "profile_background_color": "000000", "listed_count": 12, "is_translation_enabled": false, "utc_offset": null, "statuses_count": 418, "description": "I'm Keith, the gadget guru at @gumstix. My job is to do cool stuff with the things we make. Everything from #drones to #homeautomation", "friends_count": 292, "location": "Vancouver, British Columbia", "profile_link_color": "ABB8C2", "profile_image_url": "http://pbs.twimg.com/profile_images/860158686366388225/23WNFkyo_normal.jpg", "following": false, "geo_enabled": true, "profile_banner_url": "https://pbs.twimg.com/profile_banners/748611375325339648/1467320863", "profile_background_image_url": "http://abs.twimg.com/images/themes/theme1/bg.png", "screen_name": "gstixguru", "lang": "en", "profile_background_tile": false, "favourites_count": 762, "name": "Gumstix Guru", "notifications": false, "url": "https://t.co/mi9qV9WGIE", "created_at": "Thu Jun 30 20:17:15 +0000 2016", "contributors_enabled": false, "time_zone": null, "protected": false, "default_profile": false, "is_translator": false}, "geo": null, "in_reply_to_user_id_str": null, "possibly_sensitive": false, "lang": "en", "created_at": "Thu Feb 08 14:39:27 +0000 2018", "in_reply_to_status_id_str": null, "place": null, "metadata": {"iso_language_code": "en", "result_type": "recent"}}, {"contributors": null, "truncated": false, "text": "RT @HacksterPro: BeagleWire is an open source FPGA BeagleBone cape: https://t.co/8cEPHZ5xvW https://t.co/hqvR5cIBiE", "is_quote_status": false, "in_reply_to_status_id": null, "id": 961604672590045184, "favorite_count": 0, "retweeted": false, "coordinates": null, "source": "<a href=\"http://twitter.com/download/android\" rel=\"nofollow\">Twitter for Android</a>", "in_reply_to_screen_name": null, "in_reply_to_user_id": null, "retweet_count": 7, "id_str": "961604672590045184", "favorited": false, "retweeted_status": {"contributors": null, "truncated": false, "text": "BeagleWire is an open source FPGA BeagleBone cape: https://t.co/8cEPHZ5xvW https://t.co/hqvR5cIBiE", "is_quote_status": false, "in_reply_to_status_id": null, "id": 961364245739958272, "favorite_count": 18, "retweeted": false, "coordinates": null, "source": "<a href=\"http://twitter.com\" rel=\"nofollow\">Twitter Web Client</a>", "in_reply_to_screen_name": null, "in_reply_to_user_id": null, "retweet_count": 7, "id_str": "961364245739958272", "favorited": false, "user": {"follow_request_sent": false, "has_extended_profile": false, "profile_use_background_image": true, "default_profile_image": false, "id": 1525669423, "profile_background_image_url_https": "https://pbs.twimg.com/profile_background_images/378800000177923365/ImgQ0O1D.jpeg", "verified": false, "translator_type": "none", "profile_text_color": "333333", "profile_image_url_https": "https://pbs.twimg.com/profile_images/819307463740706816/payEV_au_normal.jpg", "profile_sidebar_fill_color": "DDEEF6", "entities": {"url": {"urls": [{"url": "https://t.co/8nAbfEQ70p", "indices": [0, 23], "expanded_url": "http://www.hackster.io", "display_url": "hackster.io"}]}, "description": {"urls": []}}, "followers_count": 17375, "profile_sidebar_border_color": "000000", "id_str": "1525669423", "profile_background_color": "0C0E0F", "listed_count": 447, "is_translation_enabled": false, "utc_offset": -25200, "statuses_count": 2016, "description": "Tweeting about all the latest boards, campaigns, startups, trends + all other things hardware. Check out awesome projects on @Hacksterio!", "friends_count": 3559, "location": "", "profile_link_color": "1B95E0", "profile_image_url": "http://pbs.twimg.com/profile_images/819307463740706816/payEV_au_normal.jpg", "following": false, "geo_enabled": false, "profile_banner_url": "https://pbs.twimg.com/profile_banners/1525669423/1510078242", "profile_background_image_url": "http://pbs.twimg.com/profile_background_images/378800000177923365/ImgQ0O1D.jpeg", "screen_name": "HacksterPro", "lang": "en", "profile_background_tile": true, "favourites_count": 2941, "name": "Hackster Pro", "notifications": false, "url": "https://t.co/8nAbfEQ70p", "created_at": "Mon Jun 17 19:15:59 +0000 2013", "contributors_enabled": false, "time_zone": "Arizona", "protected": false, "default_profile": false, "is_translator": false}, "geo": null, "in_reply_to_user_id_str": null, "possibly_sensitive": false, "lang": "en", "created_at": "Wed Feb 07 22:21:12 +0000 2018", "in_reply_to_status_id_str": null, "place": null, "metadata": {"iso_language_code": "en", "result_type": "recent"}}, "user": {"follow_request_sent": false, "has_extended_profile": true, "profile_use_background_image": true, "default_profile_image": false, "id": 937705137610440704, "profile_background_image_url_https": null, "verified": false, "translator_type": "none", "profile_text_color": "333333", "profile_image_url_https": "https://pbs.twimg.com/profile_images/960764295947599872/cKj0yrjx_normal.jpg", "profile_sidebar_fill_color": "DDEEF6", "entities": {"url": {"urls": [{"url": "https://t.co/a3jz5uThbv", "indices": [0, 23], "expanded_url": "https://www.ncbn.in", "display_url": "ncbn.in"}]}, "description": {"urls": []}}, "followers_count": 110, "profile_sidebar_border_color": "C0DEED", "id_str": "937705137610440704", "profile_background_color": "F5F8FA", "listed_count": 2, "is_translation_enabled": false, "utc_offset": null, "statuses_count": 4502, "description": "\ud83c\uddee\ud83c\uddf3 our capital AMARAVATHI is under construction.Our cm @ncbn sir and @naralokesh sir will co-operate for #MAKEinANDHRAPRADESH &  #INVESTinANDHRAPADESH \ud83c\uddee\ud83c\uddf3", "friends_count": 252, "location": "AMARAVATHI(UNDER CONSTRUCTION)", "profile_link_color": "1DA1F2", "profile_image_url": "http://pbs.twimg.com/profile_images/960764295947599872/cKj0yrjx_normal.jpg", "following": false, "geo_enabled": false, "profile_banner_url": "https://pbs.twimg.com/profile_banners/937705137610440704/1517912407", "profile_background_image_url": null, "screen_name": "pawanmaddali", "lang": "en", "profile_background_tile": false, "favourites_count": 8671, "name": "\ud83c\uddee\ud83c\uddf3 INVEST IN ANDHRA PRADESH \ud83c\uddee\ud83c\uddf3", "notifications": false, "url": "https://t.co/a3jz5uThbv", "created_at": "Mon Dec 04 15:28:21 +0000 2017", "contributors_enabled": false, "time_zone": null, "protected": false, "default_profile": true, "is_translator": false}, "geo": null, "in_reply_to_user_id_str": null, "possibly_sensitive": false, "lang": "en", "created_at": "Thu Feb 08 14:16:34 +0000 2018", "in_reply_to_status_id_str": null, "place": null, "metadata": {"iso_language_code": "en", "result_type": "recent"}}, {"contributors": null, "truncated": false, "text": "RT @HacksterPro: BeagleWire is an open source FPGA BeagleBone cape: https://t.co/8cEPHZ5xvW https://t.co/hqvR5cIBiE", "is_quote_status": false, "in_reply_to_status_id": null, "id": 961603361299746819, "favorite_count": 0, "retweeted": false, "coordinates": null, "source": "<a href=\"http://twitter.com\" rel=\"nofollow\">Twitter Web Client</a>", "in_reply_to_screen_name": null, "in_reply_to_user_id": null, "retweet_count": 7, "id_str": "961603361299746819", "favorited": false, "retweeted_status": {"contributors": null, "truncated": false, "text": "BeagleWire is an open source FPGA BeagleBone cape: https://t.co/8cEPHZ5xvW https://t.co/hqvR5cIBiE", "is_quote_status": false, "in_reply_to_status_id": null, "id": 961364245739958272, "favorite_count": 18, "retweeted": false, "coordinates": null, "source": "<a href=\"http://twitter.com\" rel=\"nofollow\">Twitter Web Client</a>", "in_reply_to_screen_name": null, "in_reply_to_user_id": null, "retweet_count": 7, "id_str": "961364245739958272", "favorited": false, "user": {"follow_request_sent": false, "has_extended_profile": false, "profile_use_background_image": true, "default_profile_image": false, "id": 1525669423, "profile_background_image_url_https": "https://pbs.twimg.com/profile_background_images/378800000177923365/ImgQ0O1D.jpeg", "verified": false, "translator_type": "none", "profile_text_color": "333333", "profile_image_url_https": "https://pbs.twimg.com/profile_images/819307463740706816/payEV_au_normal.jpg", "profile_sidebar_fill_color": "DDEEF6", "entities": {"url": {"urls": [{"url": "https://t.co/8nAbfEQ70p", "indices": [0, 23], "expanded_url": "http://www.hackster.io", "display_url": "hackster.io"}]}, "description": {"urls": []}}, "followers_count": 17375, "profile_sidebar_border_color": "000000", "id_str": "1525669423", "profile_background_color": "0C0E0F", "listed_count": 447, "is_translation_enabled": false, "utc_offset": -25200, "statuses_count": 2016, "description": "Tweeting about all the latest boards, campaigns, startups, trends + all other things hardware. Check out awesome projects on @Hacksterio!", "friends_count": 3559, "location": "", "profile_link_color": "1B95E0", "profile_image_url": "http://pbs.twimg.com/profile_images/819307463740706816/payEV_au_normal.jpg", "following": false, "geo_enabled": false, "profile_banner_url": "https://pbs.twimg.com/profile_banners/1525669423/1510078242", "profile_background_image_url": "http://pbs.twimg.com/profile_background_images/378800000177923365/ImgQ0O1D.jpeg", "screen_name": "HacksterPro", "lang": "en", "profile_background_tile": true, "favourites_count": 2941, "name": "Hackster Pro", "notifications": false, "url": "https://t.co/8nAbfEQ70p", "created_at": "Mon Jun 17 19:15:59 +0000 2013", "contributors_enabled": false, "time_zone": "Arizona", "protected": false, "default_profile": false, "is_translator": false}, "geo": null, "in_reply_to_user_id_str": null, "possibly_sensitive": false, "lang": "en", "created_at": "Wed Feb 07 22:21:12 +0000 2018", "in_reply_to_status_id_str": null, "place": null, "metadata": {"iso_language_code": "en", "result_type": "recent"}}, "user": {"follow_request_sent": false, "has_extended_profile": false, "profile_use_background_image": false, "default_profile_image": false, "id": 1628480198, "profile_background_image_url_https": "https://abs.twimg.com/images/themes/theme1/bg.png", "verified": false, "translator_type": "none", "profile_text_color": "000000", "profile_image_url_https": "https://pbs.twimg.com/profile_images/837414130701189121/6QDxINSl_normal.jpg", "profile_sidebar_fill_color": "000000", "entities": {"url": {"urls": [{"url": "https://t.co/U5iUasZ69R", "indices": [0, 23], "expanded_url": "http://semielectronics.com", "display_url": "semielectronics.com"}]}, "description": {"urls": []}}, "followers_count": 11752, "profile_sidebar_border_color": "000000", "id_str": "1628480198", "profile_background_color": "000000", "listed_count": 224, "is_translation_enabled": false, "utc_offset": -14400, "statuses_count": 3654, "description": "#Semiconductor & electronic component #technews, information, & resources, all delivered to the #electronics #engineering community through social media.", "friends_count": 2600, "location": "Atlanta, GA", "profile_link_color": "404040", "profile_image_url": "http://pbs.twimg.com/profile_images/837414130701189121/6QDxINSl_normal.jpg", "following": false, "geo_enabled": true, "profile_banner_url": "https://pbs.twimg.com/profile_banners/1628480198/1461160044", "profile_background_image_url": "http://abs.twimg.com/images/themes/theme1/bg.png", "screen_name": "SemiElectronics", "lang": "en", "profile_background_tile": false, "favourites_count": 58, "name": "SemiElectronics", "notifications": false, "url": "https://t.co/U5iUasZ69R", "created_at": "Sun Jul 28 18:31:25 +0000 2013", "contributors_enabled": false, "time_zone": "Atlantic Time (Canada)", "protected": false, "default_profile": false, "is_translator": false}, "geo": null, "in_reply_to_user_id_str": null, "possibly_sensitive": false, "lang": "en", "created_at": "Thu Feb 08 14:11:21 +0000 2018", "in_reply_to_status_id_str": null, "place": null, "metadata": {"iso_language_code": "en", "result_type": "recent"}}, {"contributors": null, "truncated": false, "text": "RT @HacksterPro: BeagleWire is an open source FPGA BeagleBone cape: https://t.co/8cEPHZ5xvW https://t.co/hqvR5cIBiE", "is_quote_status": false, "in_reply_to_status_id": null, "id": 961456733381169152, "favorite_count": 0, "retweeted": false, "coordinates": null, "source": "<a href=\"http://twitter.com/download/android\" rel=\"nofollow\">Twitter for Android</a>", "in_reply_to_screen_name": null, "in_reply_to_user_id": null, "retweet_count": 7, "id_str": "961456733381169152", "favorited": false, "retweeted_status": {"contributors": null, "truncated": false, "text": "BeagleWire is an open source FPGA BeagleBone cape: https://t.co/8cEPHZ5xvW https://t.co/hqvR5cIBiE", "is_quote_status": false, "in_reply_to_status_id": null, "id": 961364245739958272, "favorite_count": 18, "retweeted": false, "coordinates": null, "source": "<a href=\"http://twitter.com\" rel=\"nofollow\">Twitter Web Client</a>", "in_reply_to_screen_name": null, "in_reply_to_user_id": null, "retweet_count": 7, "id_str": "961364245739958272", "favorited": false, "user": {"follow_request_sent": false, "has_extended_profile": false, "profile_use_background_image": true, "default_profile_image": false, "id": 1525669423, "profile_background_image_url_https": "https://pbs.twimg.com/profile_background_images/378800000177923365/ImgQ0O1D.jpeg", "verified": false, "translator_type": "none", "profile_text_color": "333333", "profile_image_url_https": "https://pbs.twimg.com/profile_images/819307463740706816/payEV_au_normal.jpg", "profile_sidebar_fill_color": "DDEEF6", "entities": {"url": {"urls": [{"url": "https://t.co/8nAbfEQ70p", "indices": [0, 23], "expanded_url": "http://www.hackster.io", "display_url": "hackster.io"}]}, "description": {"urls": []}}, "followers_count": 17375, "profile_sidebar_border_color": "000000", "id_str": "1525669423", "profile_background_color": "0C0E0F", "listed_count": 447, "is_translation_enabled": false, "utc_offset": -25200, "statuses_count": 2016, "description": "Tweeting about all the latest boards, campaigns, startups, trends + all other things hardware. Check out awesome projects on @Hacksterio!", "friends_count": 3559, "location": "", "profile_link_color": "1B95E0", "profile_image_url": "http://pbs.twimg.com/profile_images/819307463740706816/payEV_au_normal.jpg", "following": false, "geo_enabled": false, "profile_banner_url": "https://pbs.twimg.com/profile_banners/1525669423/1510078242", "profile_background_image_url": "http://pbs.twimg.com/profile_background_images/378800000177923365/ImgQ0O1D.jpeg", "screen_name": "HacksterPro", "lang": "en", "profile_background_tile": true, "favourites_count": 2941, "name": "Hackster Pro", "notifications": false, "url": "https://t.co/8nAbfEQ70p", "created_at": "Mon Jun 17 19:15:59 +0000 2013", "contributors_enabled": false, "time_zone": "Arizona", "protected": false, "default_profile": false, "is_translator": false}, "geo": null, "in_reply_to_user_id_str": null, "possibly_sensitive": false, "lang": "en", "created_at": "Wed Feb 07 22:21:12 +0000 2018", "in_reply_to_status_id_str": null, "place": null, "metadata": {"iso_language_code": "en", "result_type": "recent"}}, "user": {"follow_request_sent": false, "has_extended_profile": false, "profile_use_background_image": true, "default_profile_image": false, "id": 506940811, "profile_background_image_url_https": "https://abs.twimg.com/images/themes/theme14/bg.gif", "verified": false, "translator_type": "none", "profile_text_color": "333333", "profile_image_url_https": "https://pbs.twimg.com/profile_images/2097738549/images__1__normal.jpg", "profile_sidebar_fill_color": "EFEFEF", "entities": {"description": {"urls": []}}, "followers_count": 304, "profile_sidebar_border_color": "EEEEEE", "id_str": "506940811", "profile_background_color": "131516", "listed_count": 722, "is_translation_enabled": false, "utc_offset": null, "statuses_count": 51916, "description": "Estudiante de la UASLP, en la Facultad de Ingenier\u00eda, en Ingenier\u00eda en Mecatr\u00f3nica y Taekwondoin", "friends_count": 94, "location": "", "profile_link_color": "009999", "profile_image_url": "http://pbs.twimg.com/profile_images/2097738549/images__1__normal.jpg", "following": false, "geo_enabled": false, "profile_banner_url": "https://pbs.twimg.com/profile_banners/506940811/1431230445", "profile_background_image_url": "http://abs.twimg.com/images/themes/theme14/bg.gif", "screen_name": "BalamSinhue", "lang": "es", "profile_background_tile": true, "favourites_count": 33373, "name": "balam sinhue lopez", "notifications": false, "url": null, "created_at": "Tue Feb 28 05:37:05 +0000 2012", "contributors_enabled": false, "time_zone": null, "protected": false, "default_profile": false, "is_translator": false}, "geo": null, "in_reply_to_user_id_str": null, "possibly_sensitive": false, "lang": "en", "created_at": "Thu Feb 08 04:28:42 +0000 2018", "in_reply_to_status_id_str": null, "place": null, "metadata": {"iso_language_code": "en", "result_type": "recent"}}, {"contributors": null, "truncated": false, "text": "RT @HacksterPro: BeagleWire is an open source FPGA BeagleBone cape: https://t.co/8cEPHZ5xvW https://t.co/hqvR5cIBiE", "is_quote_status": false, "in_reply_to_status_id": null, "id": 961425468477132800, "favorite_count": 0, "retweeted": false, "coordinates": null, "source": "<a href=\"http://twitter.com/download/android\" rel=\"nofollow\">Twitter for Android</a>", "in_reply_to_screen_name": null, "in_reply_to_user_id": null, "retweet_count": 7, "id_str": "961425468477132800", "favorited": false, "retweeted_status": {"contributors": null, "truncated": false, "text": "BeagleWire is an open source FPGA BeagleBone cape: https://t.co/8cEPHZ5xvW https://t.co/hqvR5cIBiE", "is_quote_status": false, "in_reply_to_status_id": null, "id": 961364245739958272, "favorite_count": 18, "retweeted": false, "coordinates": null, "source": "<a href=\"http://twitter.com\" rel=\"nofollow\">Twitter Web Client</a>", "in_reply_to_screen_name": null, "in_reply_to_user_id": null, "retweet_count": 7, "id_str": "961364245739958272", "favorited": false, "user": {"follow_request_sent": false, "has_extended_profile": false, "profile_use_background_image": true, "default_profile_image": false, "id": 1525669423, "profile_background_image_url_https": "https://pbs.twimg.com/profile_background_images/378800000177923365/ImgQ0O1D.jpeg", "verified": false, "translator_type": "none", "profile_text_color": "333333", "profile_image_url_https": "https://pbs.twimg.com/profile_images/819307463740706816/payEV_au_normal.jpg", "profile_sidebar_fill_color": "DDEEF6", "entities": {"url": {"urls": [{"url": "https://t.co/8nAbfEQ70p", "indices": [0, 23], "expanded_url": "http://www.hackster.io", "display_url": "hackster.io"}]}, "description": {"urls": []}}, "followers_count": 17375, "profile_sidebar_border_color": "000000", "id_str": "1525669423", "profile_background_color": "0C0E0F", "listed_count": 447, "is_translation_enabled": false, "utc_offset": -25200, "statuses_count": 2016, "description": "Tweeting about all the latest boards, campaigns, startups, trends + all other things hardware. Check out awesome projects on @Hacksterio!", "friends_count": 3559, "location": "", "profile_link_color": "1B95E0", "profile_image_url": "http://pbs.twimg.com/profile_images/819307463740706816/payEV_au_normal.jpg", "following": false, "geo_enabled": false, "profile_banner_url": "https://pbs.twimg.com/profile_banners/1525669423/1510078242", "profile_background_image_url": "http://pbs.twimg.com/profile_background_images/378800000177923365/ImgQ0O1D.jpeg", "screen_name": "HacksterPro", "lang": "en", "profile_background_tile": true, "favourites_count": 2941, "name": "Hackster Pro", "notifications": false, "url": "https://t.co/8nAbfEQ70p", "created_at": "Mon Jun 17 19:15:59 +0000 2013", "contributors_enabled": false, "time_zone": "Arizona", "protected": false, "default_profile": false, "is_translator": false}, "geo": null, "in_reply_to_user_id_str": null, "possibly_sensitive": false, "lang": "en", "created_at": "Wed Feb 07 22:21:12 +0000 2018", "in_reply_to_status_id_str": null, "place": null, "metadata": {"iso_language_code": "en", "result_type": "recent"}}, "user": {"follow_request_sent": false, "has_extended_profile": false, "profile_use_background_image": true, "default_profile_image": true, "id": 79791305, "profile_background_image_url_https": "https://abs.twimg.com/images/themes/theme1/bg.png", "verified": false, "translator_type": "none", "profile_text_color": "333333", "profile_image_url_https": "https://abs.twimg.com/sticky/default_profile_images/default_profile_normal.png", "profile_sidebar_fill_color": "DDEEF6", "entities": {"description": {"urls": []}}, "followers_count": 18, "profile_sidebar_border_color": "C0DEED", "id_str": "79791305", "profile_background_color": "C0DEED", "listed_count": 0, "is_translation_enabled": false, "utc_offset": 3600, "statuses_count": 55, "description": "", "friends_count": 258, "location": "", "profile_link_color": "1DA1F2", "profile_image_url": "http://abs.twimg.com/sticky/default_profile_images/default_profile_normal.png", "following": false, "geo_enabled": false, "profile_background_image_url": "http://abs.twimg.com/images/themes/theme1/bg.png", "screen_name": "webdomotica", "lang": "en", "profile_background_tile": false, "favourites_count": 3, "name": "Marcello Ferri", "notifications": false, "url": null, "created_at": "Sun Oct 04 18:06:54 +0000 2009", "contributors_enabled": false, "time_zone": "Rome", "protected": false, "default_profile": true, "is_translator": false}, "geo": null, "in_reply_to_user_id_str": null, "possibly_sensitive": false, "lang": "en", "created_at": "Thu Feb 08 02:24:28 +0000 2018", "in_reply_to_status_id_str": null, "place": null, "metadata": {"iso_language_code": "en", "result_type": "recent"}}, {"contributors": null, "truncated": false, "text": "RT @HacksterPro: BeagleWire is an open source FPGA BeagleBone cape: https://t.co/8cEPHZ5xvW https://t.co/hqvR5cIBiE", "is_quote_status": false, "in_reply_to_status_id": null, "id": 961366727492710400, "favorite_count": 0, "retweeted": false, "coordinates": null, "source": "<a href=\"http://twitter.com\" rel=\"nofollow\">Twitter Web Client</a>", "in_reply_to_screen_name": null, "in_reply_to_user_id": null, "retweet_count": 7, "id_str": "961366727492710400", "favorited": false, "retweeted_status": {"contributors": null, "truncated": false, "text": "BeagleWire is an open source FPGA BeagleBone cape: https://t.co/8cEPHZ5xvW https://t.co/hqvR5cIBiE", "is_quote_status": false, "in_reply_to_status_id": null, "id": 961364245739958272, "favorite_count": 18, "retweeted": false, "coordinates": null, "source": "<a href=\"http://twitter.com\" rel=\"nofollow\">Twitter Web Client</a>", "in_reply_to_screen_name": null, "in_reply_to_user_id": null, "retweet_count": 7, "id_str": "961364245739958272", "favorited": false, "user": {"follow_request_sent": false, "has_extended_profile": false, "profile_use_background_image": true, "default_profile_image": false, "id": 1525669423, "profile_background_image_url_https": "https://pbs.twimg.com/profile_background_images/378800000177923365/ImgQ0O1D.jpeg", "verified": false, "translator_type": "none", "profile_text_color": "333333", "profile_image_url_https": "https://pbs.twimg.com/profile_images/819307463740706816/payEV_au_normal.jpg", "profile_sidebar_fill_color": "DDEEF6", "entities": {"url": {"urls": [{"url": "https://t.co/8nAbfEQ70p", "indices": [0, 23], "expanded_url": "http://www.hackster.io", "display_url": "hackster.io"}]}, "description": {"urls": []}}, "followers_count": 17375, "profile_sidebar_border_color": "000000", "id_str": "1525669423", "profile_background_color": "0C0E0F", "listed_count": 447, "is_translation_enabled": false, "utc_offset": -25200, "statuses_count": 2016, "description": "Tweeting about all the latest boards, campaigns, startups, trends + all other things hardware. Check out awesome projects on @Hacksterio!", "friends_count": 3559, "location": "", "profile_link_color": "1B95E0", "profile_image_url": "http://pbs.twimg.com/profile_images/819307463740706816/payEV_au_normal.jpg", "following": false, "geo_enabled": false, "profile_banner_url": "https://pbs.twimg.com/profile_banners/1525669423/1510078242", "profile_background_image_url": "http://pbs.twimg.com/profile_background_images/378800000177923365/ImgQ0O1D.jpeg", "screen_name": "HacksterPro", "lang": "en", "profile_background_tile": true, "favourites_count": 2941, "name": "Hackster Pro", "notifications": false, "url": "https://t.co/8nAbfEQ70p", "created_at": "Mon Jun 17 19:15:59 +0000 2013", "contributors_enabled": false, "time_zone": "Arizona", "protected": false, "default_profile": false, "is_translator": false}, "geo": null, "in_reply_to_user_id_str": null, "possibly_sensitive": false, "lang": "en", "created_at": "Wed Feb 07 22:21:12 +0000 2018", "in_reply_to_status_id_str": null, "place": null, "metadata": {"iso_language_code": "en", "result_type": "recent"}}, "user": {"follow_request_sent": false, "has_extended_profile": false, "profile_use_background_image": false, "default_profile_image": false, "id": 106429815, "profile_background_image_url_https": "https://abs.twimg.com/images/themes/theme13/bg.gif", "verified": false, "translator_type": "none", "profile_text_color": "000000", "profile_image_url_https": "https://pbs.twimg.com/profile_images/719512383211704320/pFSQbKrZ_normal.jpg", "profile_sidebar_fill_color": "000000", "entities": {"description": {"urls": []}}, "followers_count": 792, "profile_sidebar_border_color": "000000", "id_str": "106429815", "profile_background_color": "000000", "listed_count": 136, "is_translation_enabled": false, "utc_offset": 32400, "statuses_count": 74713, "description": "\u304a\u3063\u3055\u3093", "friends_count": 922, "location": "Japan", "profile_link_color": "94D487", "profile_image_url": "http://pbs.twimg.com/profile_images/719512383211704320/pFSQbKrZ_normal.jpg", "following": false, "geo_enabled": false, "profile_background_image_url": "http://abs.twimg.com/images/themes/theme13/bg.gif", "screen_name": "akirahitoshi", "lang": "ja", "profile_background_tile": false, "favourites_count": 10335, "name": "\u7ae0\u4ec1", "notifications": false, "url": null, "created_at": "Tue Jan 19 14:49:04 +0000 2010", "contributors_enabled": false, "time_zone": "Tokyo", "protected": false, "default_profile": false, "is_translator": false}, "geo": null, "in_reply_to_user_id_str": null, "possibly_sensitive": false, "lang": "en", "created_at": "Wed Feb 07 22:31:03 +0000 2018", "in_reply_to_status_id_str": null, "place": null, "metadata": {"iso_language_code": "en", "result_type": "recent"}}, {"contributors": null, "truncated": false, "text": "RT @HacksterPro: BeagleWire is an open source FPGA BeagleBone cape: https://t.co/8cEPHZ5xvW https://t.co/hqvR5cIBiE", "is_quote_status": false, "in_reply_to_status_id": null, "id": 961366501868670976, "favorite_count": 0, "retweeted": false, "coordinates": null, "source": "<a href=\"https://sosv.com\" rel=\"nofollow\">sosvnewsbot</a>", "in_reply_to_screen_name": null, "in_reply_to_user_id": null, "retweet_count": 7, "id_str": "961366501868670976", "favorited": false, "retweeted_status": {"contributors": null, "truncated": false, "text": "BeagleWire is an open source FPGA BeagleBone cape: https://t.co/8cEPHZ5xvW https://t.co/hqvR5cIBiE", "is_quote_status": false, "in_reply_to_status_id": null, "id": 961364245739958272, "favorite_count": 18, "retweeted": false, "coordinates": null, "source": "<a href=\"http://twitter.com\" rel=\"nofollow\">Twitter Web Client</a>", "in_reply_to_screen_name": null, "in_reply_to_user_id": null, "retweet_count": 7, "id_str": "961364245739958272", "favorited": false, "user": {"follow_request_sent": false, "has_extended_profile": false, "profile_use_background_image": true, "default_profile_image": false, "id": 1525669423, "profile_background_image_url_https": "https://pbs.twimg.com/profile_background_images/378800000177923365/ImgQ0O1D.jpeg", "verified": false, "translator_type": "none", "profile_text_color": "333333", "profile_image_url_https": "https://pbs.twimg.com/profile_images/819307463740706816/payEV_au_normal.jpg", "profile_sidebar_fill_color": "DDEEF6", "entities": {"url": {"urls": [{"url": "https://t.co/8nAbfEQ70p", "indices": [0, 23], "expanded_url": "http://www.hackster.io", "display_url": "hackster.io"}]}, "description": {"urls": []}}, "followers_count": 17375, "profile_sidebar_border_color": "000000", "id_str": "1525669423", "profile_background_color": "0C0E0F", "listed_count": 447, "is_translation_enabled": false, "utc_offset": -25200, "statuses_count": 2016, "description": "Tweeting about all the latest boards, campaigns, startups, trends + all other things hardware. Check out awesome projects on @Hacksterio!", "friends_count": 3559, "location": "", "profile_link_color": "1B95E0", "profile_image_url": "http://pbs.twimg.com/profile_images/819307463740706816/payEV_au_normal.jpg", "following": false, "geo_enabled": false, "profile_banner_url": "https://pbs.twimg.com/profile_banners/1525669423/1510078242", "profile_background_image_url": "http://pbs.twimg.com/profile_background_images/378800000177923365/ImgQ0O1D.jpeg", "screen_name": "HacksterPro", "lang": "en", "profile_background_tile": true, "favourites_count": 2941, "name": "Hackster Pro", "notifications": false, "url": "https://t.co/8nAbfEQ70p", "created_at": "Mon Jun 17 19:15:59 +0000 2013", "contributors_enabled": false, "time_zone": "Arizona", "protected": false, "default_profile": false, "is_translator": false}, "geo": null, "in_reply_to_user_id_str": null, "possibly_sensitive": false, "lang": "en", "created_at": "Wed Feb 07 22:21:12 +0000 2018", "in_reply_to_status_id_str": null, "place": null, "metadata": {"iso_language_code": "en", "result_type": "recent"}}, "user": {"follow_request_sent": false, "has_extended_profile": false, "profile_use_background_image": false, "default_profile_image": false, "id": 767778580889673728, "profile_background_image_url_https": "https://abs.twimg.com/images/themes/theme1/bg.png", "verified": false, "translator_type": "none", "profile_text_color": "000000", "profile_image_url_https": "https://pbs.twimg.com/profile_images/769282440309288960/yJjm6NNp_normal.jpg", "profile_sidebar_fill_color": "000000", "entities": {"url": {"urls": [{"url": "https://t.co/SiCwo2gYVS", "indices": [0, 23], "expanded_url": "https://sosv.com/", "display_url": "sosv.com"}]}, "description": {"urls": []}}, "followers_count": 1419, "profile_sidebar_border_color": "000000", "id_str": "767778580889673728", "profile_background_color": "000000", "listed_count": 1502, "is_translation_enabled": false, "utc_offset": -28800, "statuses_count": 107687, "description": "All the news from SOSV portfolio companies! Media: request an intro to any #startup via inquiry[at]sosv[dot]com. Follow The Accelerator VC: @SOSVvc", "friends_count": 385, "location": "Global", "profile_link_color": "ABB8C2", "profile_image_url": "http://pbs.twimg.com/profile_images/769282440309288960/yJjm6NNp_normal.jpg", "following": false, "geo_enabled": false, "profile_background_image_url": "http://abs.twimg.com/images/themes/theme1/bg.png", "screen_name": "SOSVnews", "lang": "en", "profile_background_tile": false, "favourites_count": 6, "name": "SOSV News", "notifications": false, "url": "https://t.co/SiCwo2gYVS", "created_at": "Mon Aug 22 17:40:53 +0000 2016", "contributors_enabled": false, "time_zone": "Pacific Time (US & Canada)", "protected": false, "default_profile": false, "is_translator": false}, "geo": null, "in_reply_to_user_id_str": null, "possibly_sensitive": false, "lang": "en", "created_at": "Wed Feb 07 22:30:10 +0000 2018", "in_reply_to_status_id_str": null, "place": null, "metadata": {"iso_language_code": "en", "result_type": "recent"}}, {"contributors": null, "truncated": false, "text": "RT @HacksterPro: BeagleWire is an open source FPGA BeagleBone cape: https://t.co/8cEPHZ5xvW https://t.co/hqvR5cIBiE", "is_quote_status": false, "in_reply_to_status_id": null, "id": 961365154444165120, "favorite_count": 0, "retweeted": false, "coordinates": null, "source": "<a href=\"http://twitter.com/download/android\" rel=\"nofollow\">Twitter for Android</a>", "in_reply_to_screen_name": null, "in_reply_to_user_id": null, "retweet_count": 7, "id_str": "961365154444165120", "favorited": false, "retweeted_status": {"contributors": null, "truncated": false, "text": "BeagleWire is an open source FPGA BeagleBone cape: https://t.co/8cEPHZ5xvW https://t.co/hqvR5cIBiE", "is_quote_status": false, "in_reply_to_status_id": null, "id": 961364245739958272, "favorite_count": 18, "retweeted": false, "coordinates": null, "source": "<a href=\"http://twitter.com\" rel=\"nofollow\">Twitter Web Client</a>", "in_reply_to_screen_name": null, "in_reply_to_user_id": null, "retweet_count": 7, "id_str": "961364245739958272", "favorited": false, "user": {"follow_request_sent": false, "has_extended_profile": false, "profile_use_background_image": true, "default_profile_image": false, "id": 1525669423, "profile_background_image_url_https": "https://pbs.twimg.com/profile_background_images/378800000177923365/ImgQ0O1D.jpeg", "verified": false, "translator_type": "none", "profile_text_color": "333333", "profile_image_url_https": "https://pbs.twimg.com/profile_images/819307463740706816/payEV_au_normal.jpg", "profile_sidebar_fill_color": "DDEEF6", "entities": {"url": {"urls": [{"url": "https://t.co/8nAbfEQ70p", "indices": [0, 23], "expanded_url": "http://www.hackster.io", "display_url": "hackster.io"}]}, "description": {"urls": []}}, "followers_count": 17375, "profile_sidebar_border_color": "000000", "id_str": "1525669423", "profile_background_color": "0C0E0F", "listed_count": 447, "is_translation_enabled": false, "utc_offset": -25200, "statuses_count": 2016, "description": "Tweeting about all the latest boards, campaigns, startups, trends + all other things hardware. Check out awesome projects on @Hacksterio!", "friends_count": 3559, "location": "", "profile_link_color": "1B95E0", "profile_image_url": "http://pbs.twimg.com/profile_images/819307463740706816/payEV_au_normal.jpg", "following": false, "geo_enabled": false, "profile_banner_url": "https://pbs.twimg.com/profile_banners/1525669423/1510078242", "profile_background_image_url": "http://pbs.twimg.com/profile_background_images/378800000177923365/ImgQ0O1D.jpeg", "screen_name": "HacksterPro", "lang": "en", "profile_background_tile": true, "favourites_count": 2941, "name": "Hackster Pro", "notifications": false, "url": "https://t.co/8nAbfEQ70p", "created_at": "Mon Jun 17 19:15:59 +0000 2013", "contributors_enabled": false, "time_zone": "Arizona", "protected": false, "default_profile": false, "is_translator": false}, "geo": null, "in_reply_to_user_id_str": null, "possibly_sensitive": false, "lang": "en", "created_at": "Wed Feb 07 22:21:12 +0000 2018", "in_reply_to_status_id_str": null, "place": null, "metadata": {"iso_language_code": "en", "result_type": "recent"}}, "user": {"follow_request_sent": false, "has_extended_profile": false, "profile_use_background_image": false, "default_profile_image": false, "id": 952092048, "profile_background_image_url_https": "https://pbs.twimg.com/profile_background_images/813027370/be6c5abcdfb2a18d0df5d433169c88c5.png", "verified": false, "translator_type": "none", "profile_text_color": "333333", "profile_image_url_https": "https://pbs.twimg.com/profile_images/3347036253/75d6557dd9b6c94bc6cbff3e94a94742_normal.png", "profile_sidebar_fill_color": "DDEEF6", "entities": {"url": {"urls": [{"url": "http://t.co/NhW8wgIsfV", "indices": [0, 22], "expanded_url": "http://www.crowdsupply.com", "display_url": "crowdsupply.com"}]}, "description": {"urls": []}}, "followers_count": 3518, "profile_sidebar_border_color": "FFFFFF", "id_str": "952092048", "profile_background_color": "F7F9F9", "listed_count": 226, "is_translation_enabled": false, "utc_offset": -28800, "statuses_count": 3048, "description": "Where engineers and designers launch original, useful, respectful hardware.", "friends_count": 368, "location": "Portland, Oregon", "profile_link_color": "00B2AD", "profile_image_url": "http://pbs.twimg.com/profile_images/3347036253/75d6557dd9b6c94bc6cbff3e94a94742_normal.png", "following": false, "geo_enabled": false, "profile_banner_url": "https://pbs.twimg.com/profile_banners/952092048/1449699553", "profile_background_image_url": "http://pbs.twimg.com/profile_background_images/813027370/be6c5abcdfb2a18d0df5d433169c88c5.png", "screen_name": "crowd_supply", "lang": "en", "profile_background_tile": false, "favourites_count": 3022, "name": "Crowd Supply", "notifications": false, "url": "http://t.co/NhW8wgIsfV", "created_at": "Fri Nov 16 17:36:07 +0000 2012", "contributors_enabled": false, "time_zone": "Pacific Time (US & Canada)", "protected": false, "default_profile": false, "is_translator": false}, "geo": null, "in_reply_to_user_id_str": null, "possibly_sensitive": false, "lang": "en", "created_at": "Wed Feb 07 22:24:48 +0000 2018", "in_reply_to_status_id_str": null, "place": null, "metadata": {"iso_language_code": "en", "result_type": "recent"}}, {"contributors": null, "truncated": false, "text": "BeagleWire is an open source FPGA BeagleBone cape: https://t.co/8cEPHZ5xvW https://t.co/hqvR5cIBiE", "is_quote_status": false, "in_reply_to_status_id": null, "id": 961364245739958272, "favorite_count": 18, "retweeted": false, "coordinates": null, "source": "<a href=\"http://twitter.com\" rel=\"nofollow\">Twitter Web Client</a>", "in_reply_to_screen_name": null, "in_reply_to_user_id": null, "retweet_count": 7, "id_str": "961364245739958272", "favorited": false, "user": {"follow_request_sent": false, "has_extended_profile": false, "profile_use_background_image": true, "default_profile_image": false, "id": 1525669423, "profile_background_image_url_https": "https://pbs.twimg.com/profile_background_images/378800000177923365/ImgQ0O1D.jpeg", "verified": false, "translator_type": "none", "profile_text_color": "333333", "profile_image_url_https": "https://pbs.twimg.com/profile_images/819307463740706816/payEV_au_normal.jpg", "profile_sidebar_fill_color": "DDEEF6", "entities": {"url": {"urls": [{"url": "https://t.co/8nAbfEQ70p", "indices": [0, 23], "expanded_url": "http://www.hackster.io", "display_url": "hackster.io"}]}, "description": {"urls": []}}, "followers_count": 17375, "profile_sidebar_border_color": "000000", "id_str": "1525669423", "profile_background_color": "0C0E0F", "listed_count": 447, "is_translation_enabled": false, "utc_offset": -25200, "statuses_count": 2016, "description": "Tweeting about all the latest boards, campaigns, startups, trends + all other things hardware. Check out awesome projects on @Hacksterio!", "friends_count": 3559, "location": "", "profile_link_color": "1B95E0", "profile_image_url": "http://pbs.twimg.com/profile_images/819307463740706816/payEV_au_normal.jpg", "following": false, "geo_enabled": false, "profile_banner_url": "https://pbs.twimg.com/profile_banners/1525669423/1510078242", "profile_background_image_url": "http://pbs.twimg.com/profile_background_images/378800000177923365/ImgQ0O1D.jpeg", "screen_name": "HacksterPro", "lang": "en", "profile_background_tile": true, "favourites_count": 2941, "name": "Hackster Pro", "notifications": false, "url": "https://t.co/8nAbfEQ70p", "created_at": "Mon Jun 17 19:15:59 +0000 2013", "contributors_enabled": false, "time_zone": "Arizona", "protected": false, "default_profile": false, "is_translator": false}, "geo": null, "in_reply_to_user_id_str": null, "possibly_sensitive": false, "lang": "en", "created_at": "Wed Feb 07 22:21:12 +0000 2018", "in_reply_to_status_id_str": null, "place": null, "metadata": {"iso_language_code": "en", "result_type": "recent"}}]}