{"search_metadata": {"count": 100, "completed_in": 0.041, "max_id_str": "964974790351060993", "since_id_str": "0", "refresh_url": "?since_id=964974790351060993&q=1Bitsy", "since_id": 0, "query": "1Bitsy", "max_id": 964974790351060993}, "statuses": [{"contributors": null, "truncated": true, "text": "@TinyFPGA I hear you! I really forgot about putting them on there. I am soooo sorry :( Especially because they are\u2026 https://t.co/OeMxlTjFGC", "is_quote_status": false, "in_reply_to_status_id": 964973304359481344, "id": 964974790351060993, "favorite_count": 2, "retweeted": false, "coordinates": null, "source": "<a href=\"http://twitter.com\" rel=\"nofollow\">Twitter Web Client</a>", "in_reply_to_screen_name": "TinyFPGA", "in_reply_to_user_id": 915976368571027457, "retweet_count": 0, "id_str": "964974790351060993", "favorited": false, "user": {"follow_request_sent": false, "has_extended_profile": false, "profile_use_background_image": false, "default_profile_image": false, "id": 14159640, "profile_background_image_url_https": "https://abs.twimg.com/images/themes/theme1/bg.png", "verified": false, "translator_type": "none", "profile_text_color": "000000", "profile_image_url_https": "https://pbs.twimg.com/profile_images/875591045077114880/uaReijkQ_normal.jpg", "profile_sidebar_fill_color": "000000", "entities": {"url": {"urls": [{"url": "https://t.co/b6l6V7QMkv", "indices": [0, 23], "expanded_url": "http://1bitsquared.com", "display_url": "1bitsquared.com"}]}, "description": {"urls": [{"url": "https://t.co/slOfKQQY6T", "indices": [24, 47], "expanded_url": "http://1bit2.com", "display_url": "1bit2.com"}, {"url": "https://t.co/2K5qN5Sri0", "indices": [70, 93], "expanded_url": "http://black-magic.org", "display_url": "black-magic.org"}, {"url": "https://t.co/L3OIVmx8mN", "indices": [94, 117], "expanded_url": "http://1bitsy.org", "display_url": "1bitsy.org"}, {"url": "https://t.co/tClWvATImR", "indices": [136, 159], "expanded_url": "http://youtube.com/user/esdentem", "display_url": "youtube.com/user/esdentem"}]}}, "followers_count": 2031, "profile_sidebar_border_color": "000000", "id_str": "14159640", "profile_background_color": "000000", "listed_count": 88, "is_translation_enabled": false, "utc_offset": -28800, "statuses_count": 7725, "description": "Founder of @1BitSquared https://t.co/slOfKQQY6T Embedded Systems Eng. https://t.co/2K5qN5Sri0 https://t.co/L3OIVmx8mN @paparazziuav YT: https://t.co/tClWvATImR", "friends_count": 1174, "location": "Eugene, OR; Ingolstadt, DE; Warszawa, PL", "profile_link_color": "262B2F", "profile_image_url": "http://pbs.twimg.com/profile_images/875591045077114880/uaReijkQ_normal.jpg", "following": false, "geo_enabled": false, "profile_background_image_url": "http://abs.twimg.com/images/themes/theme1/bg.png", "screen_name": "esden", "lang": "en", "profile_background_tile": false, "favourites_count": 13247, "name": "Piotr Esden-Tempski", "notifications": false, "url": "https://t.co/b6l6V7QMkv", "created_at": "Sun Mar 16 21:55:24 +0000 2008", "contributors_enabled": false, "time_zone": "Pacific Time (US & Canada)", "protected": false, "default_profile": false, "is_translator": false}, "geo": null, "in_reply_to_user_id_str": "915976368571027457", "possibly_sensitive": false, "lang": "en", "created_at": "Sat Feb 17 21:28:13 +0000 2018", "in_reply_to_status_id_str": "964973304359481344", "place": null, "metadata": {"iso_language_code": "en", "result_type": "recent"}}, {"contributors": null, "truncated": false, "text": "@esden If I build a fancy thing with a #1bitsy, can I get another few a bit cheaper? :P", "is_quote_status": false, "in_reply_to_status_id": null, "id": 964275586872029185, "favorite_count": 0, "retweeted": false, "coordinates": null, "source": "<a href=\"http://twitter.com/download/android\" rel=\"nofollow\">Twitter for Android</a>", "in_reply_to_screen_name": "esden", "in_reply_to_user_id": 14159640, "retweet_count": 0, "id_str": "964275586872029185", "favorited": false, "user": {"follow_request_sent": false, "has_extended_profile": false, "profile_use_background_image": false, "default_profile_image": false, "id": 1660592520, "profile_background_image_url_https": "https://abs.twimg.com/images/themes/theme1/bg.png", "verified": false, "translator_type": "none", "profile_text_color": "000000", "profile_image_url_https": "https://pbs.twimg.com/profile_images/451029287781416963/RDDkgQSa_normal.png", "profile_sidebar_fill_color": "000000", "entities": {"url": {"urls": [{"url": "https://t.co/a44snlgucg", "indices": [0, 23], "expanded_url": "http://vifino.de", "display_url": "vifino.de"}]}, "description": {"urls": []}}, "followers_count": 72, "profile_sidebar_border_color": "000000", "id_str": "1660592520", "profile_background_color": "000000", "listed_count": 3, "is_translation_enabled": false, "utc_offset": null, "statuses_count": 429, "description": "A lazy programmer and sysadmin specifically hired to taunt users not smart enough to understand him. Or so he wishes.", "friends_count": 235, "location": "Hesse, Germany", "profile_link_color": "000000", "profile_image_url": "http://pbs.twimg.com/profile_images/451029287781416963/RDDkgQSa_normal.png", "following": false, "geo_enabled": true, "profile_background_image_url": "http://abs.twimg.com/images/themes/theme1/bg.png", "screen_name": "vifino", "lang": "en", "profile_background_tile": false, "favourites_count": 482, "name": "Adrian Pistol", "notifications": false, "url": "https://t.co/a44snlgucg", "created_at": "Sat Aug 10 17:45:06 +0000 2013", "contributors_enabled": false, "time_zone": null, "protected": false, "default_profile": false, "is_translator": false}, "geo": null, "in_reply_to_user_id_str": "14159640", "lang": "en", "created_at": "Thu Feb 15 23:09:49 +0000 2018", "in_reply_to_status_id_str": null, "place": null, "metadata": {"iso_language_code": "en", "result_type": "recent"}}, {"contributors": null, "truncated": false, "text": "RT @esden: Based on the iCEBreaker I present to you the iCEBreaker-bitsy: A tiny breadboard friendly version using the same iCE40UltraPlus5\u2026", "is_quote_status": false, "in_reply_to_status_id": null, "id": 962363264184152065, "favorite_count": 0, "retweeted": false, "coordinates": null, "source": "<a href=\"http://twitter.com/download/android\" rel=\"nofollow\">Twitter for Android</a>", "in_reply_to_screen_name": null, "in_reply_to_user_id": null, "retweet_count": 31, "id_str": "962363264184152065", "favorited": false, "retweeted_status": {"contributors": null, "truncated": true, "text": "Based on the iCEBreaker I present to you the iCEBreaker-bitsy: A tiny breadboard friendly version using the same iC\u2026 https://t.co/nkxsaUZDW6", "is_quote_status": false, "in_reply_to_status_id": null, "id": 957710694287261696, "favorite_count": 108, "retweeted": false, "coordinates": null, "source": "<a href=\"http://twitter.com\" rel=\"nofollow\">Twitter Web Client</a>", "in_reply_to_screen_name": null, "in_reply_to_user_id": null, "retweet_count": 31, "id_str": "957710694287261696", "favorited": false, "user": {"follow_request_sent": false, "has_extended_profile": false, "profile_use_background_image": false, "default_profile_image": false, "id": 14159640, "profile_background_image_url_https": "https://abs.twimg.com/images/themes/theme1/bg.png", "verified": false, "translator_type": "none", "profile_text_color": "000000", "profile_image_url_https": "https://pbs.twimg.com/profile_images/875591045077114880/uaReijkQ_normal.jpg", "profile_sidebar_fill_color": "000000", "entities": {"url": {"urls": [{"url": "https://t.co/b6l6V7QMkv", "indices": [0, 23], "expanded_url": "http://1bitsquared.com", "display_url": "1bitsquared.com"}]}, "description": {"urls": [{"url": "https://t.co/slOfKQQY6T", "indices": [24, 47], "expanded_url": "http://1bit2.com", "display_url": "1bit2.com"}, {"url": "https://t.co/2K5qN5Sri0", "indices": [70, 93], "expanded_url": "http://black-magic.org", "display_url": "black-magic.org"}, {"url": "https://t.co/L3OIVmx8mN", "indices": [94, 117], "expanded_url": "http://1bitsy.org", "display_url": "1bitsy.org"}, {"url": "https://t.co/tClWvATImR", "indices": [136, 159], "expanded_url": "http://youtube.com/user/esdentem", "display_url": "youtube.com/user/esdentem"}]}}, "followers_count": 2031, "profile_sidebar_border_color": "000000", "id_str": "14159640", "profile_background_color": "000000", "listed_count": 88, "is_translation_enabled": false, "utc_offset": -28800, "statuses_count": 7725, "description": "Founder of @1BitSquared https://t.co/slOfKQQY6T Embedded Systems Eng. https://t.co/2K5qN5Sri0 https://t.co/L3OIVmx8mN @paparazziuav YT: https://t.co/tClWvATImR", "friends_count": 1174, "location": "Eugene, OR; Ingolstadt, DE; Warszawa, PL", "profile_link_color": "262B2F", "profile_image_url": "http://pbs.twimg.com/profile_images/875591045077114880/uaReijkQ_normal.jpg", "following": false, "geo_enabled": false, "profile_background_image_url": "http://abs.twimg.com/images/themes/theme1/bg.png", "screen_name": "esden", "lang": "en", "profile_background_tile": false, "favourites_count": 13247, "name": "Piotr Esden-Tempski", "notifications": false, "url": "https://t.co/b6l6V7QMkv", "created_at": "Sun Mar 16 21:55:24 +0000 2008", "contributors_enabled": false, "time_zone": "Pacific Time (US & Canada)", "protected": false, "default_profile": false, "is_translator": false}, "geo": null, "in_reply_to_user_id_str": null, "possibly_sensitive": false, "lang": "en", "created_at": "Sun Jan 28 20:23:17 +0000 2018", "in_reply_to_status_id_str": null, "place": null, "metadata": {"iso_language_code": "en", "result_type": "recent"}}, "user": {"follow_request_sent": false, "has_extended_profile": false, "profile_use_background_image": false, "default_profile_image": false, "id": 104045471, "profile_background_image_url_https": "https://abs.twimg.com/images/themes/theme9/bg.gif", "verified": false, "translator_type": "regular", "profile_text_color": "000000", "profile_image_url_https": "https://pbs.twimg.com/profile_images/1449312942/qwe_normal.png", "profile_sidebar_fill_color": "000000", "entities": {"url": {"urls": [{"url": "https://t.co/jhhUPW5ZIR", "indices": [0, 23], "expanded_url": "http://rada.re", "display_url": "rada.re"}]}, "description": {"urls": []}}, "followers_count": 981, "profile_sidebar_border_color": "000000", "id_str": "104045471", "profile_background_color": "000000", "listed_count": 67, "is_translation_enabled": false, "utc_offset": 10800, "statuses_count": 5937, "description": "Reverse engineer. Firmware dissector. Radare2 evangelist. Foreign languages fanatic.", "friends_count": 252, "location": "Shanghai", "profile_link_color": "3B94D9", "profile_image_url": "http://pbs.twimg.com/profile_images/1449312942/qwe_normal.png", "following": false, "geo_enabled": true, "profile_banner_url": "https://pbs.twimg.com/profile_banners/104045471/1407366432", "profile_background_image_url": "http://abs.twimg.com/images/themes/theme9/bg.gif", "screen_name": "akochkov", "lang": "en", "profile_background_tile": false, "favourites_count": 5351, "name": "Anton Kochkov", "notifications": false, "url": "https://t.co/jhhUPW5ZIR", "created_at": "Tue Jan 12 02:41:05 +0000 2010", "contributors_enabled": false, "time_zone": "Moscow", "protected": false, "default_profile": false, "is_translator": false}, "geo": null, "in_reply_to_user_id_str": null, "lang": "en", "created_at": "Sat Feb 10 16:30:56 +0000 2018", "in_reply_to_status_id_str": null, "place": null, "metadata": {"iso_language_code": "en", "result_type": "recent"}}, {"contributors": null, "truncated": false, "text": "RT @esden: Based on the iCEBreaker I present to you the iCEBreaker-bitsy: A tiny breadboard friendly version using the same iCE40UltraPlus5\u2026", "is_quote_status": false, "in_reply_to_status_id": null, "id": 961934141360046080, "favorite_count": 0, "retweeted": false, "coordinates": null, "source": "<a href=\"http://twitter.com\" rel=\"nofollow\">Twitter Web Client</a>", "in_reply_to_screen_name": null, "in_reply_to_user_id": null, "retweet_count": 31, "id_str": "961934141360046080", "favorited": false, "retweeted_status": {"contributors": null, "truncated": true, "text": "Based on the iCEBreaker I present to you the iCEBreaker-bitsy: A tiny breadboard friendly version using the same iC\u2026 https://t.co/nkxsaUZDW6", "is_quote_status": false, "in_reply_to_status_id": null, "id": 957710694287261696, "favorite_count": 108, "retweeted": false, "coordinates": null, "source": "<a href=\"http://twitter.com\" rel=\"nofollow\">Twitter Web Client</a>", "in_reply_to_screen_name": null, "in_reply_to_user_id": null, "retweet_count": 31, "id_str": "957710694287261696", "favorited": false, "user": {"follow_request_sent": false, "has_extended_profile": false, "profile_use_background_image": false, "default_profile_image": false, "id": 14159640, "profile_background_image_url_https": "https://abs.twimg.com/images/themes/theme1/bg.png", "verified": false, "translator_type": "none", "profile_text_color": "000000", "profile_image_url_https": "https://pbs.twimg.com/profile_images/875591045077114880/uaReijkQ_normal.jpg", "profile_sidebar_fill_color": "000000", "entities": {"url": {"urls": [{"url": "https://t.co/b6l6V7QMkv", "indices": [0, 23], "expanded_url": "http://1bitsquared.com", "display_url": "1bitsquared.com"}]}, "description": {"urls": [{"url": "https://t.co/slOfKQQY6T", "indices": [24, 47], "expanded_url": "http://1bit2.com", "display_url": "1bit2.com"}, {"url": "https://t.co/2K5qN5Sri0", "indices": [70, 93], "expanded_url": "http://black-magic.org", "display_url": "black-magic.org"}, {"url": "https://t.co/L3OIVmx8mN", "indices": [94, 117], "expanded_url": "http://1bitsy.org", "display_url": "1bitsy.org"}, {"url": "https://t.co/tClWvATImR", "indices": [136, 159], "expanded_url": "http://youtube.com/user/esdentem", "display_url": "youtube.com/user/esdentem"}]}}, "followers_count": 2031, "profile_sidebar_border_color": "000000", "id_str": "14159640", "profile_background_color": "000000", "listed_count": 88, "is_translation_enabled": false, "utc_offset": -28800, "statuses_count": 7725, "description": "Founder of @1BitSquared https://t.co/slOfKQQY6T Embedded Systems Eng. https://t.co/2K5qN5Sri0 https://t.co/L3OIVmx8mN @paparazziuav YT: https://t.co/tClWvATImR", "friends_count": 1174, "location": "Eugene, OR; Ingolstadt, DE; Warszawa, PL", "profile_link_color": "262B2F", "profile_image_url": "http://pbs.twimg.com/profile_images/875591045077114880/uaReijkQ_normal.jpg", "following": false, "geo_enabled": false, "profile_background_image_url": "http://abs.twimg.com/images/themes/theme1/bg.png", "screen_name": "esden", "lang": "en", "profile_background_tile": false, "favourites_count": 13247, "name": "Piotr Esden-Tempski", "notifications": false, "url": "https://t.co/b6l6V7QMkv", "created_at": "Sun Mar 16 21:55:24 +0000 2008", "contributors_enabled": false, "time_zone": "Pacific Time (US & Canada)", "protected": false, "default_profile": false, "is_translator": false}, "geo": null, "in_reply_to_user_id_str": null, "possibly_sensitive": false, "lang": "en", "created_at": "Sun Jan 28 20:23:17 +0000 2018", "in_reply_to_status_id_str": null, "place": null, "metadata": {"iso_language_code": "en", "result_type": "recent"}}, "user": {"follow_request_sent": false, "has_extended_profile": false, "profile_use_background_image": true, "default_profile_image": false, "id": 805758, "profile_background_image_url_https": "https://abs.twimg.com/images/themes/theme14/bg.gif", "verified": false, "translator_type": "none", "profile_text_color": "333333", "profile_image_url_https": "https://pbs.twimg.com/profile_images/718343925/me-17-4-09_normal.jpg", "profile_sidebar_fill_color": "EFEFEF", "entities": {"url": {"urls": [{"url": "http://t.co/gLJFyuxXL4", "indices": [0, 22], "expanded_url": "http://folknologylabs.wordpress.com/", "display_url": "folknologylabs.wordpress.com"}]}, "description": {"urls": []}}, "followers_count": 1362, "profile_sidebar_border_color": "EEEEEE", "id_str": "805758", "profile_background_color": "131516", "listed_count": 79, "is_translation_enabled": false, "utc_offset": 0, "statuses_count": 9250, "description": "Engineer of opensource hardware & software, practitioner of robotics, ML & embedded electronics, speaker of technologies & bit wrangler XC,C,Verilog, Python...", "friends_count": 935, "location": "UK", "profile_link_color": "009999", "profile_image_url": "http://pbs.twimg.com/profile_images/718343925/me-17-4-09_normal.jpg", "following": false, "geo_enabled": true, "profile_banner_url": "https://pbs.twimg.com/profile_banners/805758/1399036064", "profile_background_image_url": "http://abs.twimg.com/images/themes/theme14/bg.gif", "screen_name": "folknology", "lang": "en-gb", "profile_background_tile": true, "favourites_count": 651, "name": "Al", "notifications": false, "url": "http://t.co/gLJFyuxXL4", "created_at": "Fri Mar 02 09:11:32 +0000 2007", "contributors_enabled": false, "time_zone": "London", "protected": false, "default_profile": false, "is_translator": false}, "geo": null, "in_reply_to_user_id_str": null, "lang": "en", "created_at": "Fri Feb 09 12:05:45 +0000 2018", "in_reply_to_status_id_str": null, "place": null, "metadata": {"iso_language_code": "en", "result_type": "recent"}}]}