{"search_metadata": {"count": 100, "completed_in": 0.039, "max_id_str": "964273680800014337", "since_id_str": "0", "refresh_url": "?since_id=964273680800014337&q=ultraplus", "since_id": 0, "query": "ultraplus", "max_id": 964273680800014337}, "statuses": [{"contributors": null, "truncated": false, "text": "Mouser ships Lattice Semiconductor\u2019s iCE40 Ult https://t.co/m8AxTqvxB1 #componentsconnectors #latestnews #technews https://t.co/Xm71cn8D7w", "is_quote_status": false, "in_reply_to_status_id": null, "id": 964273680800014337, "favorite_count": 0, "retweeted": false, "coordinates": null, "source": "<a href=\"http://www.ajaymatharu.com/\" rel=\"nofollow\">Tweet Old Post</a>", "in_reply_to_screen_name": null, "in_reply_to_user_id": null, "retweet_count": 0, "id_str": "964273680800014337", "favorited": false, "user": {"follow_request_sent": false, "has_extended_profile": false, "profile_use_background_image": false, "default_profile_image": false, "id": 951498600, "profile_background_image_url_https": "https://pbs.twimg.com/profile_background_images/812699188/e710a719643f0914c15e6020245034e5.png", "verified": false, "translator_type": "none", "profile_text_color": "333333", "profile_image_url_https": "https://pbs.twimg.com/profile_images/925769626243477504/VF5-Hj91_normal.jpg", "profile_sidebar_fill_color": "DDEEF6", "entities": {"url": {"urls": [{"url": "https://t.co/Kk9cbJGm5N", "indices": [0, 23], "expanded_url": "http://www.softei.com", "display_url": "softei.com"}]}, "description": {"urls": [{"url": "https://t.co/lqUcCwtUef", "indices": [0, 23], "expanded_url": "http://Softei.com", "display_url": "Softei.com"}]}}, "followers_count": 1573, "profile_sidebar_border_color": "FFFFFF", "id_str": "951498600", "profile_background_color": "C0DEED", "listed_count": 25, "is_translation_enabled": false, "utc_offset": 0, "statuses_count": 29386, "description": "https://t.co/lqUcCwtUef For Whats New in the Electronics Industry, Promotions, Competitions plus the latest industry developments.", "friends_count": 3309, "location": "", "profile_link_color": "5E93CC", "profile_image_url": "http://pbs.twimg.com/profile_images/925769626243477504/VF5-Hj91_normal.jpg", "following": false, "geo_enabled": false, "profile_banner_url": "https://pbs.twimg.com/profile_banners/951498600/1509555656", "profile_background_image_url": "http://pbs.twimg.com/profile_background_images/812699188/e710a719643f0914c15e6020245034e5.png", "screen_name": "SofteiCom", "lang": "en", "profile_background_tile": false, "favourites_count": 9546, "name": "Softei.Com", "notifications": false, "url": "https://t.co/Kk9cbJGm5N", "created_at": "Fri Nov 16 11:33:08 +0000 2012", "contributors_enabled": false, "time_zone": "London", "protected": false, "default_profile": false, "is_translator": false}, "geo": null, "in_reply_to_user_id_str": null, "possibly_sensitive": false, "lang": "en", "created_at": "Thu Feb 15 23:02:15 +0000 2018", "in_reply_to_status_id_str": null, "place": null, "metadata": {"iso_language_code": "en", "result_type": "recent"}}, {"contributors": null, "truncated": true, "text": "Is clearly the same for the iCE40 Ultra, the 1k through 4k all show a PLB count of 440 in the iCECUBE P&amp;R flow, and\u2026 https://t.co/2GJDHIk962", "is_quote_status": false, "in_reply_to_status_id": 963412108867235840, "id": 963503916322304001, "favorite_count": 3, "retweeted": false, "coordinates": null, "source": "<a href=\"http://twitter.com\" rel=\"nofollow\">Twitter Web Client</a>", "in_reply_to_screen_name": "fpga_dave", "in_reply_to_user_id": 933458054431035392, "retweet_count": 0, "id_str": "963503916322304001", "favorited": false, "user": {"follow_request_sent": false, "has_extended_profile": false, "profile_use_background_image": true, "default_profile_image": false, "id": 933458054431035392, "profile_background_image_url_https": null, "verified": false, "translator_type": "none", "profile_text_color": "333333", "profile_image_url_https": "https://pbs.twimg.com/profile_images/933460253588557826/KIxDg_by_normal.jpg", "profile_sidebar_fill_color": "DDEEF6", "entities": {"url": {"urls": [{"url": "https://t.co/r642D39oX6", "indices": [0, 23], "expanded_url": "https://ds0.me", "display_url": "ds0.me"}]}, "description": {"urls": []}}, "followers_count": 331, "profile_sidebar_border_color": "C0DEED", "id_str": "933458054431035392", "profile_background_color": "F5F8FA", "listed_count": 5, "is_translation_enabled": false, "utc_offset": 0, "statuses_count": 210, "description": "Open Source Electronics, FPGA and Software developer. Contributor to Project Icestorm. Sometimes I dump and emulate crappy and obscure video games.", "friends_count": 193, "location": "London, England", "profile_link_color": "1DA1F2", "profile_image_url": "http://pbs.twimg.com/profile_images/933460253588557826/KIxDg_by_normal.jpg", "following": true, "geo_enabled": false, "profile_background_image_url": null, "screen_name": "fpga_dave", "lang": "en", "profile_background_tile": false, "favourites_count": 339, "name": "David Shah", "notifications": false, "url": "https://t.co/r642D39oX6", "created_at": "Wed Nov 22 22:11:57 +0000 2017", "contributors_enabled": false, "time_zone": "London", "protected": false, "default_profile": true, "is_translator": false}, "geo": null, "in_reply_to_user_id_str": "933458054431035392", "lang": "en", "created_at": "Tue Feb 13 20:03:29 +0000 2018", "in_reply_to_status_id_str": "963412108867235840", "place": null, "metadata": {"iso_language_code": "en", "result_type": "recent"}}, {"contributors": null, "truncated": false, "text": "Mouser ships Lattice Semiconductor\u2019s iCE40 Ult https://t.co/m8AxTqvxB1 #componentsconnectors #latestnews #technews https://t.co/r8CrrCJ6VY", "is_quote_status": false, "in_reply_to_status_id": null, "id": 962712937759731714, "favorite_count": 0, "retweeted": false, "coordinates": null, "source": "<a href=\"http://www.ajaymatharu.com/\" rel=\"nofollow\">Tweet Old Post</a>", "in_reply_to_screen_name": null, "in_reply_to_user_id": null, "retweet_count": 0, "id_str": "962712937759731714", "favorited": false, "user": {"follow_request_sent": false, "has_extended_profile": false, "profile_use_background_image": false, "default_profile_image": false, "id": 951498600, "profile_background_image_url_https": "https://pbs.twimg.com/profile_background_images/812699188/e710a719643f0914c15e6020245034e5.png", "verified": false, "translator_type": "none", "profile_text_color": "333333", "profile_image_url_https": "https://pbs.twimg.com/profile_images/925769626243477504/VF5-Hj91_normal.jpg", "profile_sidebar_fill_color": "DDEEF6", "entities": {"url": {"urls": [{"url": "https://t.co/Kk9cbJGm5N", "indices": [0, 23], "expanded_url": "http://www.softei.com", "display_url": "softei.com"}]}, "description": {"urls": [{"url": "https://t.co/lqUcCwtUef", "indices": [0, 23], "expanded_url": "http://Softei.com", "display_url": "Softei.com"}]}}, "followers_count": 1573, "profile_sidebar_border_color": "FFFFFF", "id_str": "951498600", "profile_background_color": "C0DEED", "listed_count": 25, "is_translation_enabled": false, "utc_offset": 0, "statuses_count": 29386, "description": "https://t.co/lqUcCwtUef For Whats New in the Electronics Industry, Promotions, Competitions plus the latest industry developments.", "friends_count": 3309, "location": "", "profile_link_color": "5E93CC", "profile_image_url": "http://pbs.twimg.com/profile_images/925769626243477504/VF5-Hj91_normal.jpg", "following": false, "geo_enabled": false, "profile_banner_url": "https://pbs.twimg.com/profile_banners/951498600/1509555656", "profile_background_image_url": "http://pbs.twimg.com/profile_background_images/812699188/e710a719643f0914c15e6020245034e5.png", "screen_name": "SofteiCom", "lang": "en", "profile_background_tile": false, "favourites_count": 9546, "name": "Softei.Com", "notifications": false, "url": "https://t.co/Kk9cbJGm5N", "created_at": "Fri Nov 16 11:33:08 +0000 2012", "contributors_enabled": false, "time_zone": "London", "protected": false, "default_profile": false, "is_translator": false}, "geo": null, "in_reply_to_user_id_str": null, "possibly_sensitive": false, "lang": "en", "created_at": "Sun Feb 11 15:40:25 +0000 2018", "in_reply_to_status_id_str": null, "place": null, "metadata": {"iso_language_code": "en", "result_type": "recent"}}, {"contributors": null, "truncated": false, "text": "RT @BanstinazoMan: #ElPuerto  hay que tener cojones que seguimos usando ese producto roundup ultraplus de Monsanto para fumigar zonas de el\u2026", "is_quote_status": false, "in_reply_to_status_id": null, "id": 962695493359988736, "favorite_count": 0, "retweeted": false, "coordinates": null, "source": "<a href=\"http://twitter.com/download/iphone\" rel=\"nofollow\">Twitter for iPhone</a>", "in_reply_to_screen_name": null, "in_reply_to_user_id": null, "retweet_count": 2, "id_str": "962695493359988736", "favorited": false, "retweeted_status": {"contributors": null, "truncated": true, "text": "#ElPuerto  hay que tener cojones que seguimos usando ese producto roundup ultraplus de Monsanto para fumigar zonas\u2026 https://t.co/cXJsSOiF4n", "is_quote_status": false, "in_reply_to_status_id": null, "id": 962627179434651648, "favorite_count": 1, "retweeted": false, "coordinates": null, "source": "<a href=\"http://twitter.com/download/android\" rel=\"nofollow\">Twitter for Android</a>", "in_reply_to_screen_name": null, "in_reply_to_user_id": null, "retweet_count": 2, "id_str": "962627179434651648", "favorited": false, "user": {"follow_request_sent": false, "has_extended_profile": false, "profile_use_background_image": true, "default_profile_image": false, "id": 826820088795901952, "profile_background_image_url_https": null, "verified": false, "translator_type": "none", "profile_text_color": "333333", "profile_image_url_https": "https://pbs.twimg.com/profile_images/826824536561709058/-CRdVSKu_normal.jpg", "profile_sidebar_fill_color": "DDEEF6", "entities": {"description": {"urls": []}}, "followers_count": 21, "profile_sidebar_border_color": "C0DEED", "id_str": "826820088795901952", "profile_background_color": "F5F8FA", "listed_count": 0, "is_translation_enabled": false, "utc_offset": null, "statuses_count": 275, "description": "Salvarnos! nos han dejado de rodillas en el ma\u00edz!", "friends_count": 160, "location": "El Puerto de Santa Mar\u00eda, Espa", "profile_link_color": "1DA1F2", "profile_image_url": "http://pbs.twimg.com/profile_images/826824536561709058/-CRdVSKu_normal.jpg", "following": false, "geo_enabled": false, "profile_banner_url": "https://pbs.twimg.com/profile_banners/826820088795901952/1485965373", "profile_background_image_url": null, "screen_name": "BanstinazoMan", "lang": "es", "profile_background_tile": false, "favourites_count": 58, "name": "BastinazoMan", "notifications": false, "url": null, "created_at": "Wed Feb 01 15:50:45 +0000 2017", "contributors_enabled": false, "time_zone": null, "protected": false, "default_profile": true, "is_translator": false}, "geo": null, "in_reply_to_user_id_str": null, "possibly_sensitive": false, "lang": "es", "created_at": "Sun Feb 11 09:59:38 +0000 2018", "in_reply_to_status_id_str": null, "place": null, "metadata": {"iso_language_code": "es", "result_type": "recent"}}, "user": {"follow_request_sent": false, "has_extended_profile": true, "profile_use_background_image": true, "default_profile_image": false, "id": 200823443, "profile_background_image_url_https": "https://abs.twimg.com/images/themes/theme13/bg.gif", "verified": false, "translator_type": "none", "profile_text_color": "333333", "profile_image_url_https": "https://pbs.twimg.com/profile_images/378800000851271321/42ada9b3a223c9279f85bb985bc70fdc_normal.jpeg", "profile_sidebar_fill_color": "FFFFFF", "entities": {"description": {"urls": []}}, "followers_count": 154, "profile_sidebar_border_color": "EEEEEE", "id_str": "200823443", "profile_background_color": "B2DFDA", "listed_count": 7, "is_translation_enabled": false, "utc_offset": -10800, "statuses_count": 10261, "description": "Con humor se puede decir todo, incluso la verdad. Jorobate Flanders", "friends_count": 265, "location": "Espa\u00f1a", "profile_link_color": "93A644", "profile_image_url": "http://pbs.twimg.com/profile_images/378800000851271321/42ada9b3a223c9279f85bb985bc70fdc_normal.jpeg", "following": false, "geo_enabled": true, "profile_banner_url": "https://pbs.twimg.com/profile_banners/200823443/1352911783", "profile_background_image_url": "http://abs.twimg.com/images/themes/theme13/bg.gif", "screen_name": "Yojoale", "lang": "es", "profile_background_tile": false, "favourites_count": 1459, "name": "Yojoale", "notifications": false, "url": null, "created_at": "Sun Oct 10 10:55:38 +0000 2010", "contributors_enabled": false, "time_zone": "Greenland", "protected": false, "default_profile": false, "is_translator": false}, "geo": null, "in_reply_to_user_id_str": null, "lang": "es", "created_at": "Sun Feb 11 14:31:06 +0000 2018", "in_reply_to_status_id_str": null, "place": null, "metadata": {"iso_language_code": "es", "result_type": "recent"}}, {"contributors": null, "truncated": false, "text": "RT @BanstinazoMan: #ElPuerto  hay que tener cojones que seguimos usando ese producto roundup ultraplus de Monsanto para fumigar zonas de el\u2026", "is_quote_status": false, "in_reply_to_status_id": null, "id": 962634911923474433, "favorite_count": 0, "retweeted": false, "coordinates": null, "source": "<a href=\"http://twitter.com/download/android\" rel=\"nofollow\">Twitter for Android</a>", "in_reply_to_screen_name": null, "in_reply_to_user_id": null, "retweet_count": 2, "id_str": "962634911923474433", "favorited": false, "retweeted_status": {"contributors": null, "truncated": true, "text": "#ElPuerto  hay que tener cojones que seguimos usando ese producto roundup ultraplus de Monsanto para fumigar zonas\u2026 https://t.co/cXJsSOiF4n", "is_quote_status": false, "in_reply_to_status_id": null, "id": 962627179434651648, "favorite_count": 1, "retweeted": false, "coordinates": null, "source": "<a href=\"http://twitter.com/download/android\" rel=\"nofollow\">Twitter for Android</a>", "in_reply_to_screen_name": null, "in_reply_to_user_id": null, "retweet_count": 2, "id_str": "962627179434651648", "favorited": false, "user": {"follow_request_sent": false, "has_extended_profile": false, "profile_use_background_image": true, "default_profile_image": false, "id": 826820088795901952, "profile_background_image_url_https": null, "verified": false, "translator_type": "none", "profile_text_color": "333333", "profile_image_url_https": "https://pbs.twimg.com/profile_images/826824536561709058/-CRdVSKu_normal.jpg", "profile_sidebar_fill_color": "DDEEF6", "entities": {"description": {"urls": []}}, "followers_count": 21, "profile_sidebar_border_color": "C0DEED", "id_str": "826820088795901952", "profile_background_color": "F5F8FA", "listed_count": 0, "is_translation_enabled": false, "utc_offset": null, "statuses_count": 275, "description": "Salvarnos! nos han dejado de rodillas en el ma\u00edz!", "friends_count": 160, "location": "El Puerto de Santa Mar\u00eda, Espa", "profile_link_color": "1DA1F2", "profile_image_url": "http://pbs.twimg.com/profile_images/826824536561709058/-CRdVSKu_normal.jpg", "following": false, "geo_enabled": false, "profile_banner_url": "https://pbs.twimg.com/profile_banners/826820088795901952/1485965373", "profile_background_image_url": null, "screen_name": "BanstinazoMan", "lang": "es", "profile_background_tile": false, "favourites_count": 58, "name": "BastinazoMan", "notifications": false, "url": null, "created_at": "Wed Feb 01 15:50:45 +0000 2017", "contributors_enabled": false, "time_zone": null, "protected": false, "default_profile": true, "is_translator": false}, "geo": null, "in_reply_to_user_id_str": null, "possibly_sensitive": false, "lang": "es", "created_at": "Sun Feb 11 09:59:38 +0000 2018", "in_reply_to_status_id_str": null, "place": null, "metadata": {"iso_language_code": "es", "result_type": "recent"}}, "user": {"follow_request_sent": false, "has_extended_profile": false, "profile_use_background_image": true, "default_profile_image": false, "id": 2243854640, "profile_background_image_url_https": "https://pbs.twimg.com/profile_background_images/378800000149874911/Nb8mmz6o.jpeg", "verified": false, "translator_type": "none", "profile_text_color": "333333", "profile_image_url_https": "https://pbs.twimg.com/profile_images/455738109377150978/fiflISMf_normal.jpeg", "profile_sidebar_fill_color": "DDEEF6", "entities": {"description": {"urls": []}}, "followers_count": 1062, "profile_sidebar_border_color": "000000", "id_str": "2243854640", "profile_background_color": "C0DEED", "listed_count": 19, "is_translation_enabled": false, "utc_offset": -28800, "statuses_count": 901, "description": "Exponemos la otra realidad de El Puerto mediante im\u00e1genes", "friends_count": 1983, "location": "El Puerto de Santa Mar\u00eda", "profile_link_color": "0084B4", "profile_image_url": "http://pbs.twimg.com/profile_images/455738109377150978/fiflISMf_normal.jpeg", "following": false, "geo_enabled": false, "profile_banner_url": "https://pbs.twimg.com/profile_banners/2243854640/1430904568", "profile_background_image_url": "http://pbs.twimg.com/profile_background_images/378800000149874911/Nb8mmz6o.jpeg", "screen_name": "ElPuertoEnRuina", "lang": "es", "profile_background_tile": true, "favourites_count": 655, "name": "El Puerto en Ruina", "notifications": false, "url": null, "created_at": "Fri Dec 13 12:40:46 +0000 2013", "contributors_enabled": false, "time_zone": "Pacific Time (US & Canada)", "protected": false, "default_profile": false, "is_translator": false}, "geo": null, "in_reply_to_user_id_str": null, "lang": "es", "created_at": "Sun Feb 11 10:30:22 +0000 2018", "in_reply_to_status_id_str": null, "place": null, "metadata": {"iso_language_code": "es", "result_type": "recent"}}, {"contributors": null, "truncated": true, "text": "#ElPuerto  hay que tener cojones que seguimos usando ese producto roundup ultraplus de Monsanto para fumigar zonas\u2026 https://t.co/cXJsSOiF4n", "is_quote_status": false, "in_reply_to_status_id": null, "id": 962627179434651648, "favorite_count": 1, "retweeted": false, "coordinates": null, "source": "<a href=\"http://twitter.com/download/android\" rel=\"nofollow\">Twitter for Android</a>", "in_reply_to_screen_name": null, "in_reply_to_user_id": null, "retweet_count": 2, "id_str": "962627179434651648", "favorited": false, "user": {"follow_request_sent": false, "has_extended_profile": false, "profile_use_background_image": true, "default_profile_image": false, "id": 826820088795901952, "profile_background_image_url_https": null, "verified": false, "translator_type": "none", "profile_text_color": "333333", "profile_image_url_https": "https://pbs.twimg.com/profile_images/826824536561709058/-CRdVSKu_normal.jpg", "profile_sidebar_fill_color": "DDEEF6", "entities": {"description": {"urls": []}}, "followers_count": 21, "profile_sidebar_border_color": "C0DEED", "id_str": "826820088795901952", "profile_background_color": "F5F8FA", "listed_count": 0, "is_translation_enabled": false, "utc_offset": null, "statuses_count": 275, "description": "Salvarnos! nos han dejado de rodillas en el ma\u00edz!", "friends_count": 160, "location": "El Puerto de Santa Mar\u00eda, Espa", "profile_link_color": "1DA1F2", "profile_image_url": "http://pbs.twimg.com/profile_images/826824536561709058/-CRdVSKu_normal.jpg", "following": false, "geo_enabled": false, "profile_banner_url": "https://pbs.twimg.com/profile_banners/826820088795901952/1485965373", "profile_background_image_url": null, "screen_name": "BanstinazoMan", "lang": "es", "profile_background_tile": false, "favourites_count": 58, "name": "BastinazoMan", "notifications": false, "url": null, "created_at": "Wed Feb 01 15:50:45 +0000 2017", "contributors_enabled": false, "time_zone": null, "protected": false, "default_profile": true, "is_translator": false}, "geo": null, "in_reply_to_user_id_str": null, "possibly_sensitive": false, "lang": "es", "created_at": "Sun Feb 11 09:59:38 +0000 2018", "in_reply_to_status_id_str": null, "place": null, "metadata": {"iso_language_code": "es", "result_type": "recent"}}, {"contributors": null, "truncated": true, "text": "@TinyFPGA @mvigliar @latticesemi They did remove all WARMBOOT functionality in the iCE40LM but it was reinstated fo\u2026 https://t.co/cWbfJw6L7R", "is_quote_status": false, "in_reply_to_status_id": 961623641396932609, "id": 961623890228338694, "favorite_count": 1, "retweeted": false, "coordinates": null, "source": "<a href=\"https://mobile.twitter.com\" rel=\"nofollow\">Twitter Lite</a>", "in_reply_to_screen_name": "TinyFPGA", "in_reply_to_user_id": 915976368571027457, "retweet_count": 0, "id_str": "961623890228338694", "favorited": false, "user": {"follow_request_sent": false, "has_extended_profile": false, "profile_use_background_image": true, "default_profile_image": false, "id": 933458054431035392, "profile_background_image_url_https": null, "verified": false, "translator_type": "none", "profile_text_color": "333333", "profile_image_url_https": "https://pbs.twimg.com/profile_images/933460253588557826/KIxDg_by_normal.jpg", "profile_sidebar_fill_color": "DDEEF6", "entities": {"url": {"urls": [{"url": "https://t.co/r642D39oX6", "indices": [0, 23], "expanded_url": "https://ds0.me", "display_url": "ds0.me"}]}, "description": {"urls": []}}, "followers_count": 331, "profile_sidebar_border_color": "C0DEED", "id_str": "933458054431035392", "profile_background_color": "F5F8FA", "listed_count": 5, "is_translation_enabled": false, "utc_offset": 0, "statuses_count": 210, "description": "Open Source Electronics, FPGA and Software developer. Contributor to Project Icestorm. Sometimes I dump and emulate crappy and obscure video games.", "friends_count": 193, "location": "London, England", "profile_link_color": "1DA1F2", "profile_image_url": "http://pbs.twimg.com/profile_images/933460253588557826/KIxDg_by_normal.jpg", "following": true, "geo_enabled": false, "profile_background_image_url": null, "screen_name": "fpga_dave", "lang": "en", "profile_background_tile": false, "favourites_count": 339, "name": "David Shah", "notifications": false, "url": "https://t.co/r642D39oX6", "created_at": "Wed Nov 22 22:11:57 +0000 2017", "contributors_enabled": false, "time_zone": "London", "protected": false, "default_profile": true, "is_translator": false}, "geo": null, "in_reply_to_user_id_str": "915976368571027457", "lang": "en", "created_at": "Thu Feb 08 15:32:56 +0000 2018", "in_reply_to_status_id_str": "961623641396932609", "place": null, "metadata": {"iso_language_code": "en", "result_type": "recent"}}]}