{"search_metadata": {"count": 100, "completed_in": 0.04, "max_id_str": "963779328487100417", "since_id_str": "0", "refresh_url": "?since_id=963779328487100417&q=icoBoard", "since_id": 0, "query": "icoBoard", "max_id": 963779328487100417}, "statuses": [{"contributors": null, "truncated": false, "text": "IcoBoard https://t.co/FOtWAN6ZLB https://t.co/ACVJM1xQA1", "is_quote_status": false, "in_reply_to_status_id": null, "id": 963779328487100417, "favorite_count": 0, "retweeted": false, "coordinates": null, "source": "<a href=\"http://publicize.wp.com/\" rel=\"nofollow\">WordPress.com</a>", "in_reply_to_screen_name": null, "in_reply_to_user_id": null, "retweet_count": 0, "id_str": "963779328487100417", "favorited": false, "user": {"follow_request_sent": false, "has_extended_profile": false, "profile_use_background_image": true, "default_profile_image": false, "id": 234495687, "profile_background_image_url_https": "https://abs.twimg.com/images/themes/theme17/bg.gif", "verified": false, "translator_type": "none", "profile_text_color": "333333", "profile_image_url_https": "https://pbs.twimg.com/profile_images/3110897390/7f0bc9a1c13d28a7c20233d4a9b4dfae_normal.jpeg", "profile_sidebar_fill_color": "E6F6F9", "entities": {"url": {"urls": [{"url": "http://t.co/Y5FFUXfAcu", "indices": [0, 22], "expanded_url": "http://kimmcel.com", "display_url": "kimmcel.com"}]}, "description": {"urls": []}}, "followers_count": 258, "profile_sidebar_border_color": "DBE9ED", "id_str": "234495687", "profile_background_color": "DBE9ED", "listed_count": 13, "is_translation_enabled": false, "utc_offset": -28800, "statuses_count": 134149, "description": "Professional Hospitality Consultant by day and a Fun loving, music driven, adrenaline junky by night.  Disco naps and live shows are my simple necessities.", "friends_count": 151, "location": "LAS VEGAS", "profile_link_color": "CC3366", "profile_image_url": "http://pbs.twimg.com/profile_images/3110897390/7f0bc9a1c13d28a7c20233d4a9b4dfae_normal.jpeg", "following": false, "geo_enabled": false, "profile_banner_url": "https://pbs.twimg.com/profile_banners/234495687/1403486381", "profile_background_image_url": "http://abs.twimg.com/images/themes/theme17/bg.gif", "screen_name": "1234goplay", "lang": "en", "profile_background_tile": false, "favourites_count": 16, "name": "Kimmcel Keno", "notifications": false, "url": "http://t.co/Y5FFUXfAcu", "created_at": "Wed Jan 05 20:13:23 +0000 2011", "contributors_enabled": false, "time_zone": "Pacific Time (US & Canada)", "protected": false, "default_profile": false, "is_translator": false}, "geo": null, "in_reply_to_user_id_str": null, "possibly_sensitive": false, "lang": "en", "created_at": "Wed Feb 14 14:17:52 +0000 2018", "in_reply_to_status_id_str": null, "place": null, "metadata": {"iso_language_code": "en", "result_type": "recent"}}, {"contributors": null, "truncated": false, "text": "@alangarf @adumont You could use an icoBoard. It has 8 MBit SRam on board plus 64 MBit of HyperRAM.", "is_quote_status": false, "in_reply_to_status_id": 962284719319613440, "id": 962306669735825408, "favorite_count": 1, "retweeted": false, "coordinates": null, "source": "<a href=\"http://twitter.com/download/android\" rel=\"nofollow\">Twitter for Android</a>", "in_reply_to_screen_name": "alangarf", "in_reply_to_user_id": 21962687, "retweet_count": 0, "id_str": "962306669735825408", "favorited": false, "user": {"follow_request_sent": false, "has_extended_profile": false, "profile_use_background_image": true, "default_profile_image": false, "id": 4784087996, "profile_background_image_url_https": "https://pbs.twimg.com/profile_background_images/689465172780408834/Uc1lwU-E.png", "verified": false, "translator_type": "none", "profile_text_color": "000000", "profile_image_url_https": "https://pbs.twimg.com/profile_images/689460000461221892/2qwdiB1o_normal.png", "profile_sidebar_fill_color": "000000", "entities": {"url": {"urls": [{"url": "https://t.co/maMK0lZDrN", "indices": [0, 23], "expanded_url": "http://www.icoboard.org", "display_url": "icoboard.org"}]}, "description": {"urls": []}}, "followers_count": 1467, "profile_sidebar_border_color": "000000", "id_str": "4784087996", "profile_background_color": "000000", "listed_count": 59, "is_translation_enabled": false, "utc_offset": 3600, "statuses_count": 5817, "description": "News about Yosys, ArachnePnR, icetools, SymbiFlow, SymbiYosys. Open Source FPGA tools for Lattice-ice40 and Xilinx-Series7 FPGAs  and boards.", "friends_count": 384, "location": "", "profile_link_color": "DD2E44", "profile_image_url": "http://pbs.twimg.com/profile_images/689460000461221892/2qwdiB1o_normal.png", "following": true, "geo_enabled": false, "profile_banner_url": "https://pbs.twimg.com/profile_banners/4784087996/1453216123", "profile_background_image_url": "http://pbs.twimg.com/profile_background_images/689465172780408834/Uc1lwU-E.png", "screen_name": "ico_TC", "lang": "de", "profile_background_tile": true, "favourites_count": 410, "name": "icoTC OSS for FPGAs", "notifications": false, "url": "https://t.co/maMK0lZDrN", "created_at": "Tue Jan 19 14:42:43 +0000 2016", "contributors_enabled": false, "time_zone": "Vienna", "protected": false, "default_profile": false, "is_translator": false}, "geo": null, "in_reply_to_user_id_str": "21962687", "lang": "en", "created_at": "Sat Feb 10 12:46:03 +0000 2018", "in_reply_to_status_id_str": "962284719319613440", "place": null, "metadata": {"iso_language_code": "en", "result_type": "recent"}}]}