{"search_metadata": {"count": 100, "completed_in": 0.079, "max_id_str": "962712937759731714", "since_id_str": "0", "refresh_url": "?since_id=962712937759731714&q=ultraplus", "since_id": 0, "query": "ultraplus", "max_id": 962712937759731714}, "statuses": [{"contributors": null, "truncated": false, "text": "Mouser ships Lattice Semiconductor\u2019s iCE40 Ult https://t.co/m8AxTqvxB1 #componentsconnectors #latestnews #technews https://t.co/r8CrrCJ6VY", "is_quote_status": false, "in_reply_to_status_id": null, "id": 962712937759731714, "favorite_count": 0, "retweeted": false, "coordinates": null, "source": "<a href=\"http://www.ajaymatharu.com/\" rel=\"nofollow\">Tweet Old Post</a>", "in_reply_to_screen_name": null, "in_reply_to_user_id": null, "retweet_count": 0, "id_str": "962712937759731714", "favorited": false, "user": {"follow_request_sent": false, "has_extended_profile": false, "profile_use_background_image": false, "default_profile_image": false, "id": 951498600, "profile_background_image_url_https": "https://pbs.twimg.com/profile_background_images/812699188/e710a719643f0914c15e6020245034e5.png", "verified": false, "translator_type": "none", "profile_text_color": "333333", "profile_image_url_https": "https://pbs.twimg.com/profile_images/925769626243477504/VF5-Hj91_normal.jpg", "profile_sidebar_fill_color": "DDEEF6", "entities": {"url": {"urls": [{"url": "https://t.co/Kk9cbJGm5N", "indices": [0, 23], "expanded_url": "http://www.softei.com", "display_url": "softei.com"}]}, "description": {"urls": [{"url": "https://t.co/lqUcCwtUef", "indices": [0, 23], "expanded_url": "http://Softei.com", "display_url": "Softei.com"}]}}, "followers_count": 1564, "profile_sidebar_border_color": "FFFFFF", "id_str": "951498600", "profile_background_color": "C0DEED", "listed_count": 23, "is_translation_enabled": false, "utc_offset": 0, "statuses_count": 28629, "description": "https://t.co/lqUcCwtUef For Whats New in the Electronics Industry, Promotions, Competitions plus the latest industry developments.", "friends_count": 3311, "location": "", "profile_link_color": "5E93CC", "profile_image_url": "http://pbs.twimg.com/profile_images/925769626243477504/VF5-Hj91_normal.jpg", "following": false, "geo_enabled": false, "profile_banner_url": "https://pbs.twimg.com/profile_banners/951498600/1509555656", "profile_background_image_url": "http://pbs.twimg.com/profile_background_images/812699188/e710a719643f0914c15e6020245034e5.png", "screen_name": "SofteiCom", "lang": "en", "profile_background_tile": false, "favourites_count": 9548, "name": "Softei.Com", "notifications": false, "url": "https://t.co/Kk9cbJGm5N", "created_at": "Fri Nov 16 11:33:08 +0000 2012", "contributors_enabled": false, "time_zone": "London", "protected": false, "default_profile": false, "is_translator": false}, "geo": null, "in_reply_to_user_id_str": null, "possibly_sensitive": false, "lang": "en", "created_at": "Sun Feb 11 15:40:25 +0000 2018", "in_reply_to_status_id_str": null, "place": null, "metadata": {"iso_language_code": "en", "result_type": "recent"}}, {"contributors": null, "truncated": false, "text": "RT @BanstinazoMan: #ElPuerto  hay que tener cojones que seguimos usando ese producto roundup ultraplus de Monsanto para fumigar zonas de el\u2026", "is_quote_status": false, "in_reply_to_status_id": null, "id": 962695493359988736, "favorite_count": 0, "retweeted": false, "coordinates": null, "source": "<a href=\"http://twitter.com/download/iphone\" rel=\"nofollow\">Twitter for iPhone</a>", "in_reply_to_screen_name": null, "in_reply_to_user_id": null, "retweet_count": 2, "id_str": "962695493359988736", "favorited": false, "retweeted_status": {"contributors": null, "truncated": true, "text": "#ElPuerto  hay que tener cojones que seguimos usando ese producto roundup ultraplus de Monsanto para fumigar zonas\u2026 https://t.co/cXJsSOiF4n", "is_quote_status": false, "in_reply_to_status_id": null, "id": 962627179434651648, "favorite_count": 1, "retweeted": false, "coordinates": null, "source": "<a href=\"http://twitter.com/download/android\" rel=\"nofollow\">Twitter for Android</a>", "in_reply_to_screen_name": null, "in_reply_to_user_id": null, "retweet_count": 2, "id_str": "962627179434651648", "favorited": false, "user": {"follow_request_sent": false, "has_extended_profile": false, "profile_use_background_image": true, "default_profile_image": false, "id": 826820088795901952, "profile_background_image_url_https": null, "verified": false, "translator_type": "none", "profile_text_color": "333333", "profile_image_url_https": "https://pbs.twimg.com/profile_images/826824536561709058/-CRdVSKu_normal.jpg", "profile_sidebar_fill_color": "DDEEF6", "entities": {"description": {"urls": []}}, "followers_count": 21, "profile_sidebar_border_color": "C0DEED", "id_str": "826820088795901952", "profile_background_color": "F5F8FA", "listed_count": 0, "is_translation_enabled": false, "utc_offset": null, "statuses_count": 263, "description": "Salvarnos! nos han dejado de rodillas en el ma\u00edz!", "friends_count": 159, "location": "El Puerto de Santa Mar\u00eda, Espa", "profile_link_color": "1DA1F2", "profile_image_url": "http://pbs.twimg.com/profile_images/826824536561709058/-CRdVSKu_normal.jpg", "following": false, "geo_enabled": false, "profile_banner_url": "https://pbs.twimg.com/profile_banners/826820088795901952/1485965373", "profile_background_image_url": null, "screen_name": "BanstinazoMan", "lang": "es", "profile_background_tile": false, "favourites_count": 56, "name": "BastinazoMan", "notifications": false, "url": null, "created_at": "Wed Feb 01 15:50:45 +0000 2017", "contributors_enabled": false, "time_zone": null, "protected": false, "default_profile": true, "is_translator": false}, "geo": null, "in_reply_to_user_id_str": null, "possibly_sensitive": false, "lang": "es", "created_at": "Sun Feb 11 09:59:38 +0000 2018", "in_reply_to_status_id_str": null, "place": null, "metadata": {"iso_language_code": "es", "result_type": "recent"}}, "user": {"follow_request_sent": false, "has_extended_profile": true, "profile_use_background_image": true, "default_profile_image": false, "id": 200823443, "profile_background_image_url_https": "https://abs.twimg.com/images/themes/theme13/bg.gif", "verified": false, "translator_type": "none", "profile_text_color": "333333", "profile_image_url_https": "https://pbs.twimg.com/profile_images/378800000851271321/42ada9b3a223c9279f85bb985bc70fdc_normal.jpeg", "profile_sidebar_fill_color": "FFFFFF", "entities": {"description": {"urls": []}}, "followers_count": 153, "profile_sidebar_border_color": "EEEEEE", "id_str": "200823443", "profile_background_color": "B2DFDA", "listed_count": 7, "is_translation_enabled": false, "utc_offset": -10800, "statuses_count": 10251, "description": "Con humor se puede decir todo, incluso la verdad. Jorobate Flanders", "friends_count": 265, "location": "Espa\u00f1a", "profile_link_color": "93A644", "profile_image_url": "http://pbs.twimg.com/profile_images/378800000851271321/42ada9b3a223c9279f85bb985bc70fdc_normal.jpeg", "following": false, "geo_enabled": true, "profile_banner_url": "https://pbs.twimg.com/profile_banners/200823443/1352911783", "profile_background_image_url": "http://abs.twimg.com/images/themes/theme13/bg.gif", "screen_name": "Yojoale", "lang": "es", "profile_background_tile": false, "favourites_count": 1457, "name": "Yojoale", "notifications": false, "url": null, "created_at": "Sun Oct 10 10:55:38 +0000 2010", "contributors_enabled": false, "time_zone": "Greenland", "protected": false, "default_profile": false, "is_translator": false}, "geo": null, "in_reply_to_user_id_str": null, "lang": "es", "created_at": "Sun Feb 11 14:31:06 +0000 2018", "in_reply_to_status_id_str": null, "place": null, "metadata": {"iso_language_code": "es", "result_type": "recent"}}, {"contributors": null, "truncated": false, "text": "RT @BanstinazoMan: #ElPuerto  hay que tener cojones que seguimos usando ese producto roundup ultraplus de Monsanto para fumigar zonas de el\u2026", "is_quote_status": false, "in_reply_to_status_id": null, "id": 962634911923474433, "favorite_count": 0, "retweeted": false, "coordinates": null, "source": "<a href=\"http://twitter.com/download/android\" rel=\"nofollow\">Twitter for Android</a>", "in_reply_to_screen_name": null, "in_reply_to_user_id": null, "retweet_count": 2, "id_str": "962634911923474433", "favorited": false, "retweeted_status": {"contributors": null, "truncated": true, "text": "#ElPuerto  hay que tener cojones que seguimos usando ese producto roundup ultraplus de Monsanto para fumigar zonas\u2026 https://t.co/cXJsSOiF4n", "is_quote_status": false, "in_reply_to_status_id": null, "id": 962627179434651648, "favorite_count": 1, "retweeted": false, "coordinates": null, "source": "<a href=\"http://twitter.com/download/android\" rel=\"nofollow\">Twitter for Android</a>", "in_reply_to_screen_name": null, "in_reply_to_user_id": null, "retweet_count": 2, "id_str": "962627179434651648", "favorited": false, "user": {"follow_request_sent": false, "has_extended_profile": false, "profile_use_background_image": true, "default_profile_image": false, "id": 826820088795901952, "profile_background_image_url_https": null, "verified": false, "translator_type": "none", "profile_text_color": "333333", "profile_image_url_https": "https://pbs.twimg.com/profile_images/826824536561709058/-CRdVSKu_normal.jpg", "profile_sidebar_fill_color": "DDEEF6", "entities": {"description": {"urls": []}}, "followers_count": 21, "profile_sidebar_border_color": "C0DEED", "id_str": "826820088795901952", "profile_background_color": "F5F8FA", "listed_count": 0, "is_translation_enabled": false, "utc_offset": null, "statuses_count": 263, "description": "Salvarnos! nos han dejado de rodillas en el ma\u00edz!", "friends_count": 159, "location": "El Puerto de Santa Mar\u00eda, Espa", "profile_link_color": "1DA1F2", "profile_image_url": "http://pbs.twimg.com/profile_images/826824536561709058/-CRdVSKu_normal.jpg", "following": false, "geo_enabled": false, "profile_banner_url": "https://pbs.twimg.com/profile_banners/826820088795901952/1485965373", "profile_background_image_url": null, "screen_name": "BanstinazoMan", "lang": "es", "profile_background_tile": false, "favourites_count": 56, "name": "BastinazoMan", "notifications": false, "url": null, "created_at": "Wed Feb 01 15:50:45 +0000 2017", "contributors_enabled": false, "time_zone": null, "protected": false, "default_profile": true, "is_translator": false}, "geo": null, "in_reply_to_user_id_str": null, "possibly_sensitive": false, "lang": "es", "created_at": "Sun Feb 11 09:59:38 +0000 2018", "in_reply_to_status_id_str": null, "place": null, "metadata": {"iso_language_code": "es", "result_type": "recent"}}, "user": {"follow_request_sent": false, "has_extended_profile": false, "profile_use_background_image": true, "default_profile_image": false, "id": 2243854640, "profile_background_image_url_https": "https://pbs.twimg.com/profile_background_images/378800000149874911/Nb8mmz6o.jpeg", "verified": false, "translator_type": "none", "profile_text_color": "333333", "profile_image_url_https": "https://pbs.twimg.com/profile_images/455738109377150978/fiflISMf_normal.jpeg", "profile_sidebar_fill_color": "DDEEF6", "entities": {"description": {"urls": []}}, "followers_count": 1063, "profile_sidebar_border_color": "000000", "id_str": "2243854640", "profile_background_color": "C0DEED", "listed_count": 19, "is_translation_enabled": false, "utc_offset": -28800, "statuses_count": 901, "description": "Exponemos la otra realidad de El Puerto mediante im\u00e1genes", "friends_count": 1984, "location": "El Puerto de Santa Mar\u00eda", "profile_link_color": "0084B4", "profile_image_url": "http://pbs.twimg.com/profile_images/455738109377150978/fiflISMf_normal.jpeg", "following": false, "geo_enabled": false, "profile_banner_url": "https://pbs.twimg.com/profile_banners/2243854640/1430904568", "profile_background_image_url": "http://pbs.twimg.com/profile_background_images/378800000149874911/Nb8mmz6o.jpeg", "screen_name": "ElPuertoEnRuina", "lang": "es", "profile_background_tile": true, "favourites_count": 655, "name": "El Puerto en Ruina", "notifications": false, "url": null, "created_at": "Fri Dec 13 12:40:46 +0000 2013", "contributors_enabled": false, "time_zone": "Pacific Time (US & Canada)", "protected": false, "default_profile": false, "is_translator": false}, "geo": null, "in_reply_to_user_id_str": null, "lang": "es", "created_at": "Sun Feb 11 10:30:22 +0000 2018", "in_reply_to_status_id_str": null, "place": null, "metadata": {"iso_language_code": "es", "result_type": "recent"}}, {"contributors": null, "truncated": true, "text": "#ElPuerto  hay que tener cojones que seguimos usando ese producto roundup ultraplus de Monsanto para fumigar zonas\u2026 https://t.co/cXJsSOiF4n", "is_quote_status": false, "in_reply_to_status_id": null, "id": 962627179434651648, "favorite_count": 1, "retweeted": false, "coordinates": null, "source": "<a href=\"http://twitter.com/download/android\" rel=\"nofollow\">Twitter for Android</a>", "in_reply_to_screen_name": null, "in_reply_to_user_id": null, "retweet_count": 2, "id_str": "962627179434651648", "favorited": false, "user": {"follow_request_sent": false, "has_extended_profile": false, "profile_use_background_image": true, "default_profile_image": false, "id": 826820088795901952, "profile_background_image_url_https": null, "verified": false, "translator_type": "none", "profile_text_color": "333333", "profile_image_url_https": "https://pbs.twimg.com/profile_images/826824536561709058/-CRdVSKu_normal.jpg", "profile_sidebar_fill_color": "DDEEF6", "entities": {"description": {"urls": []}}, "followers_count": 21, "profile_sidebar_border_color": "C0DEED", "id_str": "826820088795901952", "profile_background_color": "F5F8FA", "listed_count": 0, "is_translation_enabled": false, "utc_offset": null, "statuses_count": 263, "description": "Salvarnos! nos han dejado de rodillas en el ma\u00edz!", "friends_count": 159, "location": "El Puerto de Santa Mar\u00eda, Espa", "profile_link_color": "1DA1F2", "profile_image_url": "http://pbs.twimg.com/profile_images/826824536561709058/-CRdVSKu_normal.jpg", "following": false, "geo_enabled": false, "profile_banner_url": "https://pbs.twimg.com/profile_banners/826820088795901952/1485965373", "profile_background_image_url": null, "screen_name": "BanstinazoMan", "lang": "es", "profile_background_tile": false, "favourites_count": 56, "name": "BastinazoMan", "notifications": false, "url": null, "created_at": "Wed Feb 01 15:50:45 +0000 2017", "contributors_enabled": false, "time_zone": null, "protected": false, "default_profile": true, "is_translator": false}, "geo": null, "in_reply_to_user_id_str": null, "possibly_sensitive": false, "lang": "es", "created_at": "Sun Feb 11 09:59:38 +0000 2018", "in_reply_to_status_id_str": null, "place": null, "metadata": {"iso_language_code": "es", "result_type": "recent"}}, {"contributors": null, "truncated": true, "text": "@latticesemi iCEcube2 has an error in the chip config dialog; the iCE40 UltraPlus 5K has three IOBanks and three IO\u2026 https://t.co/0sWKdXp6sH", "is_quote_status": false, "in_reply_to_status_id": null, "id": 962183230559461376, "favorite_count": 0, "retweeted": false, "coordinates": null, "source": "<a href=\"http://twitter.com\" rel=\"nofollow\">Twitter Web Client</a>", "in_reply_to_screen_name": "latticesemi", "in_reply_to_user_id": 40975045, "retweet_count": 0, "id_str": "962183230559461376", "favorited": false, "user": {"follow_request_sent": false, "has_extended_profile": false, "profile_use_background_image": false, "default_profile_image": false, "id": 958538670377611264, "profile_background_image_url_https": "https://abs.twimg.com/images/themes/theme1/bg.png", "verified": false, "translator_type": "none", "profile_text_color": "000000", "profile_image_url_https": "https://pbs.twimg.com/profile_images/958544991957106688/2TeFq2Zl_normal.jpg", "profile_sidebar_fill_color": "000000", "entities": {"description": {"urls": []}}, "followers_count": 1, "profile_sidebar_border_color": "000000", "id_str": "958538670377611264", "profile_background_color": "000000", "listed_count": 0, "is_translation_enabled": false, "utc_offset": null, "statuses_count": 6, "description": "", "friends_count": 12, "location": "USA", "profile_link_color": "FFFFFF", "profile_image_url": "http://pbs.twimg.com/profile_images/958544991957106688/2TeFq2Zl_normal.jpg", "following": false, "geo_enabled": false, "profile_background_image_url": "http://abs.twimg.com/images/themes/theme1/bg.png", "screen_name": "dwarfpga", "lang": "en", "profile_background_tile": false, "favourites_count": 13, "name": "dwarfpga", "notifications": false, "url": null, "created_at": "Wed Jan 31 03:13:22 +0000 2018", "contributors_enabled": false, "time_zone": null, "protected": false, "default_profile": false, "is_translator": false}, "geo": null, "in_reply_to_user_id_str": "40975045", "lang": "en", "created_at": "Sat Feb 10 04:35:33 +0000 2018", "in_reply_to_status_id_str": null, "place": null, "metadata": {"iso_language_code": "en", "result_type": "recent"}}, {"contributors": null, "truncated": true, "text": "@DAVILACOLON Me parece q el Gobernador Ricardo ROSELLO est\u00e1 super..ultraplus... mal asesorado ..pero algo bueno va\u2026 https://t.co/WfOFnhwax1", "is_quote_status": false, "in_reply_to_status_id": 961710006386208770, "id": 961712556200026112, "favorite_count": 0, "retweeted": false, "coordinates": null, "source": "<a href=\"http://twitter.com/download/android\" rel=\"nofollow\">Twitter for Android</a>", "in_reply_to_screen_name": "Ruthy_Navarro", "in_reply_to_user_id": 349156742, "retweet_count": 0, "id_str": "961712556200026112", "favorited": false, "user": {"follow_request_sent": false, "has_extended_profile": true, "profile_use_background_image": true, "default_profile_image": false, "id": 349156742, "profile_background_image_url_https": "https://abs.twimg.com/images/themes/theme18/bg.gif", "verified": false, "translator_type": "none", "profile_text_color": "333333", "profile_image_url_https": "https://pbs.twimg.com/profile_images/1479486675/Campanitas_1_normal.jpg", "profile_sidebar_fill_color": "F6F6F6", "entities": {"description": {"urls": []}}, "followers_count": 211, "profile_sidebar_border_color": "EEEEEE", "id_str": "349156742", "profile_background_color": "ACDED6", "listed_count": 1, "is_translation_enabled": false, "utc_offset": null, "statuses_count": 1486, "description": "", "friends_count": 628, "location": "", "profile_link_color": "038543", "profile_image_url": "http://pbs.twimg.com/profile_images/1479486675/Campanitas_1_normal.jpg", "following": false, "geo_enabled": true, "profile_background_image_url": "http://abs.twimg.com/images/themes/theme18/bg.gif", "screen_name": "Ruthy_Navarro", "lang": "en", "profile_background_tile": false, "favourites_count": 473, "name": "Ruth Navarro", "notifications": false, "url": null, "created_at": "Fri Aug 05 17:05:03 +0000 2011", "contributors_enabled": false, "time_zone": null, "protected": false, "default_profile": false, "is_translator": false}, "geo": null, "in_reply_to_user_id_str": "349156742", "lang": "es", "created_at": "Thu Feb 08 21:25:15 +0000 2018", "in_reply_to_status_id_str": "961710006386208770", "place": null, "metadata": {"iso_language_code": "es", "result_type": "recent"}}, {"contributors": null, "truncated": true, "text": "@TinyFPGA @mvigliar @latticesemi They did remove all WARMBOOT functionality in the iCE40LM but it was reinstated fo\u2026 https://t.co/cWbfJw6L7R", "is_quote_status": false, "in_reply_to_status_id": 961623641396932609, "id": 961623890228338694, "favorite_count": 1, "retweeted": false, "coordinates": null, "source": "<a href=\"https://mobile.twitter.com\" rel=\"nofollow\">Twitter Lite</a>", "in_reply_to_screen_name": "TinyFPGA", "in_reply_to_user_id": 915976368571027457, "retweet_count": 0, "id_str": "961623890228338694", "favorited": false, "user": {"follow_request_sent": false, "has_extended_profile": false, "profile_use_background_image": true, "default_profile_image": false, "id": 933458054431035392, "profile_background_image_url_https": null, "verified": false, "translator_type": "none", "profile_text_color": "333333", "profile_image_url_https": "https://pbs.twimg.com/profile_images/933460253588557826/KIxDg_by_normal.jpg", "profile_sidebar_fill_color": "DDEEF6", "entities": {"url": {"urls": [{"url": "https://t.co/r642D39oX6", "indices": [0, 23], "expanded_url": "https://ds0.me", "display_url": "ds0.me"}]}, "description": {"urls": []}}, "followers_count": 307, "profile_sidebar_border_color": "C0DEED", "id_str": "933458054431035392", "profile_background_color": "F5F8FA", "listed_count": 5, "is_translation_enabled": false, "utc_offset": 0, "statuses_count": 186, "description": "Open Source Electronics, FPGA and Software developer. Contributor to Project Icestorm. Sometimes I dump and emulate crappy and obscure video games.", "friends_count": 189, "location": "London, England", "profile_link_color": "1DA1F2", "profile_image_url": "http://pbs.twimg.com/profile_images/933460253588557826/KIxDg_by_normal.jpg", "following": true, "geo_enabled": false, "profile_background_image_url": null, "screen_name": "fpga_dave", "lang": "en", "profile_background_tile": false, "favourites_count": 278, "name": "David Shah", "notifications": false, "url": "https://t.co/r642D39oX6", "created_at": "Wed Nov 22 22:11:57 +0000 2017", "contributors_enabled": false, "time_zone": "London", "protected": false, "default_profile": true, "is_translator": false}, "geo": null, "in_reply_to_user_id_str": "915976368571027457", "lang": "en", "created_at": "Thu Feb 08 15:32:56 +0000 2018", "in_reply_to_status_id_str": "961623641396932609", "place": null, "metadata": {"iso_language_code": "en", "result_type": "recent"}}, {"contributors": null, "truncated": false, "text": "Mouser ships Lattice Semiconductor\u2019s iCE40 Ult https://t.co/m8AxTqvxB1 #componentsconnectors #latestnews #technews https://t.co/djlcPyFtph", "is_quote_status": false, "in_reply_to_status_id": null, "id": 961403062781915138, "favorite_count": 0, "retweeted": false, "coordinates": null, "source": "<a href=\"http://www.ajaymatharu.com/\" rel=\"nofollow\">Tweet Old Post</a>", "in_reply_to_screen_name": null, "in_reply_to_user_id": null, "retweet_count": 0, "id_str": "961403062781915138", "favorited": false, "user": {"follow_request_sent": false, "has_extended_profile": false, "profile_use_background_image": false, "default_profile_image": false, "id": 951498600, "profile_background_image_url_https": "https://pbs.twimg.com/profile_background_images/812699188/e710a719643f0914c15e6020245034e5.png", "verified": false, "translator_type": "none", "profile_text_color": "333333", "profile_image_url_https": "https://pbs.twimg.com/profile_images/925769626243477504/VF5-Hj91_normal.jpg", "profile_sidebar_fill_color": "DDEEF6", "entities": {"url": {"urls": [{"url": "https://t.co/Kk9cbJGm5N", "indices": [0, 23], "expanded_url": "http://www.softei.com", "display_url": "softei.com"}]}, "description": {"urls": [{"url": "https://t.co/lqUcCwtUef", "indices": [0, 23], "expanded_url": "http://Softei.com", "display_url": "Softei.com"}]}}, "followers_count": 1564, "profile_sidebar_border_color": "FFFFFF", "id_str": "951498600", "profile_background_color": "C0DEED", "listed_count": 23, "is_translation_enabled": false, "utc_offset": 0, "statuses_count": 28629, "description": "https://t.co/lqUcCwtUef For Whats New in the Electronics Industry, Promotions, Competitions plus the latest industry developments.", "friends_count": 3311, "location": "", "profile_link_color": "5E93CC", "profile_image_url": "http://pbs.twimg.com/profile_images/925769626243477504/VF5-Hj91_normal.jpg", "following": false, "geo_enabled": false, "profile_banner_url": "https://pbs.twimg.com/profile_banners/951498600/1509555656", "profile_background_image_url": "http://pbs.twimg.com/profile_background_images/812699188/e710a719643f0914c15e6020245034e5.png", "screen_name": "SofteiCom", "lang": "en", "profile_background_tile": false, "favourites_count": 9548, "name": "Softei.Com", "notifications": false, "url": "https://t.co/Kk9cbJGm5N", "created_at": "Fri Nov 16 11:33:08 +0000 2012", "contributors_enabled": false, "time_zone": "London", "protected": false, "default_profile": false, "is_translator": false}, "geo": null, "in_reply_to_user_id_str": null, "possibly_sensitive": false, "lang": "en", "created_at": "Thu Feb 08 00:55:26 +0000 2018", "in_reply_to_status_id_str": null, "place": null, "metadata": {"iso_language_code": "en", "result_type": "recent"}}, {"contributors": null, "truncated": true, "text": "#Botox #Fillers #LookingCute #SkinCare #ByeByeWrinkles #Juvederm #Ultra #UltraPlus #Voluma #Volbella #Vollure\u2026 https://t.co/Yw7fiYmW02", "is_quote_status": false, "in_reply_to_status_id": 961085905237782528, "id": 961086552725073921, "favorite_count": 0, "retweeted": false, "coordinates": null, "source": "<a href=\"http://twitter.com/download/iphone\" rel=\"nofollow\">Twitter for iPhone</a>", "in_reply_to_screen_name": "simply_rhl", "in_reply_to_user_id": 4237663992, "retweet_count": 0, "id_str": "961086552725073921", "favorited": false, "user": {"follow_request_sent": false, "has_extended_profile": false, "profile_use_background_image": true, "default_profile_image": false, "id": 4237663992, "profile_background_image_url_https": "https://abs.twimg.com/images/themes/theme1/bg.png", "verified": false, "translator_type": "none", "profile_text_color": "333333", "profile_image_url_https": "https://pbs.twimg.com/profile_images/961087972803137536/IWzTRsY-_normal.jpg", "profile_sidebar_fill_color": "DDEEF6", "entities": {"description": {"urls": []}}, "followers_count": 43, "profile_sidebar_border_color": "C0DEED", "id_str": "4237663992", "profile_background_color": "C0DEED", "listed_count": 0, "is_translation_enabled": false, "utc_offset": null, "statuses_count": 297, "description": "Saving the world a patient at a time... \ud83d\udc69\ud83c\udffb\u200d\u2695\ufe0f\ud83d\udc8a\ud83d\udc89 Earth without art is just \u201ceh\u201d \ud83c\udf0e\ud83c\udfa8\ud83d\udc9c", "friends_count": 303, "location": "", "profile_link_color": "1DA1F2", "profile_image_url": "http://pbs.twimg.com/profile_images/961087972803137536/IWzTRsY-_normal.jpg", "following": false, "geo_enabled": false, "profile_banner_url": "https://pbs.twimg.com/profile_banners/4237663992/1513131652", "profile_background_image_url": "http://abs.twimg.com/images/themes/theme1/bg.png", "screen_name": "simply_rhl", "lang": "en", "profile_background_tile": false, "favourites_count": 124, "name": "Rach\u00ealle", "notifications": false, "url": null, "created_at": "Sat Nov 14 19:35:55 +0000 2015", "contributors_enabled": false, "time_zone": null, "protected": false, "default_profile": true, "is_translator": false}, "geo": null, "in_reply_to_user_id_str": "4237663992", "lang": "en", "created_at": "Wed Feb 07 03:57:44 +0000 2018", "in_reply_to_status_id_str": "961085905237782528", "place": null, "metadata": {"iso_language_code": "en", "result_type": "recent"}}, {"contributors": null, "truncated": false, "text": "\u3010\u30ea\u30bd\u30fc\u30b9\u30d1\u30c3\u30af\u3011Above The Clouds\n\u3010\u5f71mod\u3011MrMeepz-Shaders v05 UltraPlus\n\u3053\u306e\u30ea\u30bd\u30fc\u30b9\u30d1\u30c3\u30af\u3059\u3054\u304f\u7d20\u6575\u306a\u3093\u3060\u3051\u3069\u3001\u7a7a\u3092\u30aa\u30d5\u306b\u3067\u304d\u308b\u5f71mod\u3058\u3083\u306a\u3044\u3068\u7d44\u307f\u5408\u308f\u305b\u3089\u308c\u306a\u3044\u306e\u304c\u60b2\u3057\u3044\u3002 https://t.co/H68R7dR21C", "is_quote_status": false, "in_reply_to_status_id": null, "id": 960736212976746496, "favorite_count": 0, "retweeted": false, "coordinates": null, "source": "<a href=\"http://twitter.com\" rel=\"nofollow\">Twitter Web Client</a>", "in_reply_to_screen_name": null, "in_reply_to_user_id": null, "retweet_count": 0, "id_str": "960736212976746496", "favorited": false, "user": {"follow_request_sent": false, "has_extended_profile": false, "profile_use_background_image": false, "default_profile_image": false, "id": 561340789, "profile_background_image_url_https": "https://abs.twimg.com/images/themes/theme1/bg.png", "verified": false, "translator_type": "none", "profile_text_color": "000000", "profile_image_url_https": "https://pbs.twimg.com/profile_images/897184331566678016/mB1OxS3t_normal.jpg", "profile_sidebar_fill_color": "000000", "entities": {"url": {"urls": [{"url": "https://t.co/HMwDFgO7HL", "indices": [0, 23], "expanded_url": "http://nora-craft.seesaa.net/", "display_url": "nora-craft.seesaa.net"}]}, "description": {"urls": []}}, "followers_count": 17, "profile_sidebar_border_color": "000000", "id_str": "561340789", "profile_background_color": "000000", "listed_count": 0, "is_translation_enabled": false, "utc_offset": 32400, "statuses_count": 77, "description": "\u30de\u30a4\u30af\u30e9\u30d6\u30ed\u30b0\u300c\u306e\u3089\u30af\u30e9\u306b\u3063\u304d(-'\u30ed'-)\u300d\u306e\u66f4\u65b0\u60c5\u5831\u3092\u3064\u3076\u3084\u3044\u3066\u3044\u307e\u3059\u3002\u3088\u304b\u3063\u305f\u3089\u30d5\u30a9\u30ed\u30fc\u3057\u3066\u306d(*\u00b4\u03c9\uff40*)", "friends_count": 38, "location": "", "profile_link_color": "E81C4F", "profile_image_url": "http://pbs.twimg.com/profile_images/897184331566678016/mB1OxS3t_normal.jpg", "following": false, "geo_enabled": false, "profile_banner_url": "https://pbs.twimg.com/profile_banners/561340789/1517714587", "profile_background_image_url": "http://abs.twimg.com/images/themes/theme1/bg.png", "screen_name": "noracraft_", "lang": "ja", "profile_background_tile": false, "favourites_count": 104, "name": "\u307f\u3044\u3089(-'\u30ed'-)@\u4e7e\u71e5\u808c", "notifications": false, "url": "https://t.co/HMwDFgO7HL", "created_at": "Mon Apr 23 17:51:17 +0000 2012", "contributors_enabled": false, "time_zone": "Tokyo", "protected": false, "default_profile": false, "is_translator": false}, "geo": null, "in_reply_to_user_id_str": null, "possibly_sensitive": false, "lang": "ja", "created_at": "Tue Feb 06 04:45:37 +0000 2018", "in_reply_to_status_id_str": null, "place": null, "metadata": {"iso_language_code": "ja", "result_type": "recent"}}, {"contributors": null, "truncated": false, "text": "Mouser ships Lattice Semiconductor\u2019s iCE40 Ult https://t.co/m8AxTqN8sz #componentsconnectors #latestnews #technews https://t.co/UA9lfOg1Eq", "is_quote_status": false, "in_reply_to_status_id": null, "id": 959943330963443712, "favorite_count": 0, "retweeted": false, "coordinates": null, "source": "<a href=\"http://www.ajaymatharu.com/\" rel=\"nofollow\">Tweet Old Post</a>", "in_reply_to_screen_name": null, "in_reply_to_user_id": null, "retweet_count": 0, "id_str": "959943330963443712", "favorited": false, "user": {"follow_request_sent": false, "has_extended_profile": false, "profile_use_background_image": false, "default_profile_image": false, "id": 951498600, "profile_background_image_url_https": "https://pbs.twimg.com/profile_background_images/812699188/e710a719643f0914c15e6020245034e5.png", "verified": false, "translator_type": "none", "profile_text_color": "333333", "profile_image_url_https": "https://pbs.twimg.com/profile_images/925769626243477504/VF5-Hj91_normal.jpg", "profile_sidebar_fill_color": "DDEEF6", "entities": {"url": {"urls": [{"url": "https://t.co/Kk9cbJGm5N", "indices": [0, 23], "expanded_url": "http://www.softei.com", "display_url": "softei.com"}]}, "description": {"urls": [{"url": "https://t.co/lqUcCwtUef", "indices": [0, 23], "expanded_url": "http://Softei.com", "display_url": "Softei.com"}]}}, "followers_count": 1564, "profile_sidebar_border_color": "FFFFFF", "id_str": "951498600", "profile_background_color": "C0DEED", "listed_count": 23, "is_translation_enabled": false, "utc_offset": 0, "statuses_count": 28629, "description": "https://t.co/lqUcCwtUef For Whats New in the Electronics Industry, Promotions, Competitions plus the latest industry developments.", "friends_count": 3311, "location": "", "profile_link_color": "5E93CC", "profile_image_url": "http://pbs.twimg.com/profile_images/925769626243477504/VF5-Hj91_normal.jpg", "following": false, "geo_enabled": false, "profile_banner_url": "https://pbs.twimg.com/profile_banners/951498600/1509555656", "profile_background_image_url": "http://pbs.twimg.com/profile_background_images/812699188/e710a719643f0914c15e6020245034e5.png", "screen_name": "SofteiCom", "lang": "en", "profile_background_tile": false, "favourites_count": 9548, "name": "Softei.Com", "notifications": false, "url": "https://t.co/Kk9cbJGm5N", "created_at": "Fri Nov 16 11:33:08 +0000 2012", "contributors_enabled": false, "time_zone": "London", "protected": false, "default_profile": false, "is_translator": false}, "geo": null, "in_reply_to_user_id_str": null, "possibly_sensitive": false, "lang": "en", "created_at": "Sun Feb 04 00:14:59 +0000 2018", "in_reply_to_status_id_str": null, "place": null, "metadata": {"iso_language_code": "en", "result_type": "recent"}}, {"contributors": null, "truncated": true, "text": "While at the 2017 Agritechnica show, GKN R&amp;D Manager Martin Hector discusses the many features combined within the\u2026 https://t.co/HauYr0fMUd", "is_quote_status": false, "in_reply_to_status_id": null, "id": 959554635580235778, "favorite_count": 1, "retweeted": false, "coordinates": null, "source": "<a href=\"http://www.hootsuite.com\" rel=\"nofollow\">Hootsuite</a>", "in_reply_to_screen_name": null, "in_reply_to_user_id": null, "retweet_count": 0, "id_str": "959554635580235778", "favorited": false, "user": {"follow_request_sent": false, "has_extended_profile": false, "profile_use_background_image": true, "default_profile_image": false, "id": 62690057, "profile_background_image_url_https": "https://pbs.twimg.com/profile_background_images/166324136/FE_newtwitter.jpg", "verified": false, "translator_type": "none", "profile_text_color": "030000", "profile_image_url_https": "https://pbs.twimg.com/profile_images/600344856972496897/nW06YsZi_normal.png", "profile_sidebar_fill_color": "C0DFEC", "entities": {"url": {"urls": [{"url": "http://t.co/zcXuQRsDCp", "indices": [0, 22], "expanded_url": "http://www.farm-equipment.com", "display_url": "farm-equipment.com"}]}, "description": {"urls": []}}, "followers_count": 6199, "profile_sidebar_border_color": "073763", "id_str": "62690057", "profile_background_color": "073763", "listed_count": 143, "is_translation_enabled": false, "utc_offset": -21600, "statuses_count": 10583, "description": "Monitoring trends affecting North American farm equipment dealers and manufacturers", "friends_count": 1573, "location": "Brookfield, WI", "profile_link_color": "3A8BE8", "profile_image_url": "http://pbs.twimg.com/profile_images/600344856972496897/nW06YsZi_normal.png", "following": false, "geo_enabled": false, "profile_banner_url": "https://pbs.twimg.com/profile_banners/62690057/1517260507", "profile_background_image_url": "http://pbs.twimg.com/profile_background_images/166324136/FE_newtwitter.jpg", "screen_name": "FEeditors", "lang": "en", "profile_background_tile": false, "favourites_count": 28, "name": "Farm-Equipment.com", "notifications": false, "url": "http://t.co/zcXuQRsDCp", "created_at": "Tue Aug 04 02:14:03 +0000 2009", "contributors_enabled": false, "time_zone": "Central Time (US & Canada)", "protected": false, "default_profile": false, "is_translator": false}, "geo": null, "in_reply_to_user_id_str": null, "possibly_sensitive": false, "lang": "en", "created_at": "Fri Feb 02 22:30:27 +0000 2018", "in_reply_to_status_id_str": null, "place": null, "metadata": {"iso_language_code": "en", "result_type": "recent"}}]}