{"search_metadata": {"count": 100, "completed_in": 0.036, "max_id_str": "961620614778830849", "since_id_str": "0", "refresh_url": "?since_id=961620614778830849&q=TinyFPGA", "since_id": 0, "query": "TinyFPGA", "max_id": 961620614778830849}, "statuses": [{"contributors": null, "truncated": false, "text": "@TinyFPGA @fpga_dave Sure. Let's team up to make it work", "is_quote_status": false, "in_reply_to_status_id": 961619571059843073, "id": 961620186343333889, "favorite_count": 2, "retweeted": false, "coordinates": null, "source": "<a href=\"http://twitter.com/download/android\" rel=\"nofollow\">Twitter for Android</a>", "in_reply_to_screen_name": "TinyFPGA", "in_reply_to_user_id": 915976368571027457, "retweet_count": 0, "id_str": "961620186343333889", "favorited": false, "user": {"follow_request_sent": false, "has_extended_profile": false, "profile_use_background_image": true, "default_profile_image": false, "id": 630024602, "profile_background_image_url_https": "https://abs.twimg.com/images/themes/theme1/bg.png", "verified": false, "translator_type": "none", "profile_text_color": "333333", "profile_image_url_https": "https://pbs.twimg.com/profile_images/2378326735/mario_img_normal.jpg", "profile_sidebar_fill_color": "DDEEF6", "entities": {"description": {"urls": []}}, "followers_count": 183, "profile_sidebar_border_color": "C0DEED", "id_str": "630024602", "profile_background_color": "C0DEED", "listed_count": 9, "is_translation_enabled": false, "utc_offset": null, "statuses_count": 633, "description": "Artificial vision addicted, migrating from a SW education to the dark side of HW. Twisted, perverted, crippled (cit.)", "friends_count": 515, "location": "", "profile_link_color": "1DA1F2", "profile_image_url": "http://pbs.twimg.com/profile_images/2378326735/mario_img_normal.jpg", "following": false, "geo_enabled": true, "profile_banner_url": "https://pbs.twimg.com/profile_banners/630024602/1517155143", "profile_background_image_url": "http://abs.twimg.com/images/themes/theme1/bg.png", "screen_name": "mvigliar", "lang": "it", "profile_background_tile": false, "favourites_count": 421, "name": "Mario Vigliar", "notifications": false, "url": null, "created_at": "Sun Jul 08 08:17:41 +0000 2012", "contributors_enabled": false, "time_zone": null, "protected": false, "default_profile": true, "is_translator": false}, "geo": null, "in_reply_to_user_id_str": "915976368571027457", "lang": "en", "created_at": "Thu Feb 08 15:18:13 +0000 2018", "in_reply_to_status_id_str": "961619571059843073", "place": null, "metadata": {"iso_language_code": "en", "result_type": "recent"}}, {"contributors": null, "truncated": true, "text": "@TinyFPGA @fpga_dave We prepared the ground with care and attention. Our flash is big enough for 2-4 bitstreams, we\u2026 https://t.co/YpdHFs6pX4", "is_quote_status": false, "in_reply_to_status_id": 961619571059843073, "id": 961620041060974593, "favorite_count": 1, "retweeted": false, "coordinates": null, "source": "<a href=\"http://twitter.com/download/android\" rel=\"nofollow\">Twitter for Android</a>", "in_reply_to_screen_name": "TinyFPGA", "in_reply_to_user_id": 915976368571027457, "retweet_count": 0, "id_str": "961620041060974593", "favorited": false, "user": {"follow_request_sent": false, "has_extended_profile": false, "profile_use_background_image": true, "default_profile_image": false, "id": 630024602, "profile_background_image_url_https": "https://abs.twimg.com/images/themes/theme1/bg.png", "verified": false, "translator_type": "none", "profile_text_color": "333333", "profile_image_url_https": "https://pbs.twimg.com/profile_images/2378326735/mario_img_normal.jpg", "profile_sidebar_fill_color": "DDEEF6", "entities": {"description": {"urls": []}}, "followers_count": 183, "profile_sidebar_border_color": "C0DEED", "id_str": "630024602", "profile_background_color": "C0DEED", "listed_count": 9, "is_translation_enabled": false, "utc_offset": null, "statuses_count": 633, "description": "Artificial vision addicted, migrating from a SW education to the dark side of HW. Twisted, perverted, crippled (cit.)", "friends_count": 515, "location": "", "profile_link_color": "1DA1F2", "profile_image_url": "http://pbs.twimg.com/profile_images/2378326735/mario_img_normal.jpg", "following": false, "geo_enabled": true, "profile_banner_url": "https://pbs.twimg.com/profile_banners/630024602/1517155143", "profile_background_image_url": "http://abs.twimg.com/images/themes/theme1/bg.png", "screen_name": "mvigliar", "lang": "it", "profile_background_tile": false, "favourites_count": 421, "name": "Mario Vigliar", "notifications": false, "url": null, "created_at": "Sun Jul 08 08:17:41 +0000 2012", "contributors_enabled": false, "time_zone": null, "protected": false, "default_profile": true, "is_translator": false}, "geo": null, "in_reply_to_user_id_str": "915976368571027457", "lang": "en", "created_at": "Thu Feb 08 15:17:38 +0000 2018", "in_reply_to_status_id_str": "961619571059843073", "place": null, "metadata": {"iso_language_code": "en", "result_type": "recent"}}, {"contributors": null, "truncated": true, "text": "@mvigliar @fpga_dave @esden is also working on an iCE40UP5K board with the TinyFPGA bootloader and I\u2019m working on p\u2026 https://t.co/ol7z01GwA0", "is_quote_status": false, "in_reply_to_status_id": 961619571059843073, "id": 961620014049542144, "favorite_count": 1, "retweeted": false, "coordinates": null, "source": "<a href=\"http://twitter.com/download/iphone\" rel=\"nofollow\">Twitter for iPhone</a>", "in_reply_to_screen_name": "TinyFPGA", "in_reply_to_user_id": 915976368571027457, "retweet_count": 0, "id_str": "961620014049542144", "favorited": false, "user": {"follow_request_sent": false, "has_extended_profile": true, "profile_use_background_image": true, "default_profile_image": false, "id": 915976368571027457, "profile_background_image_url_https": null, "verified": false, "translator_type": "none", "profile_text_color": "333333", "profile_image_url_https": "https://pbs.twimg.com/profile_images/955217661255823360/UuopzrBw_normal.jpg", "profile_sidebar_fill_color": "DDEEF6", "entities": {"url": {"urls": [{"url": "https://t.co/4HGx6AsrEI", "indices": [0, 23], "expanded_url": "http://tinyfpga.com", "display_url": "tinyfpga.com"}]}, "description": {"urls": []}}, "followers_count": 764, "profile_sidebar_border_color": "C0DEED", "id_str": "915976368571027457", "profile_background_color": "F5F8FA", "listed_count": 11, "is_translation_enabled": false, "utc_offset": null, "statuses_count": 839, "description": "husband, father of two, hardware verification architect, TinyFPGA creator", "friends_count": 215, "location": "Sacramento, CA", "profile_link_color": "1DA1F2", "profile_image_url": "http://pbs.twimg.com/profile_images/955217661255823360/UuopzrBw_normal.jpg", "following": true, "geo_enabled": false, "profile_banner_url": "https://pbs.twimg.com/profile_banners/915976368571027457/1516576613", "profile_background_image_url": null, "screen_name": "TinyFPGA", "lang": "en", "profile_background_tile": false, "favourites_count": 732, "name": "Luke Valenty", "notifications": false, "url": "https://t.co/4HGx6AsrEI", "created_at": "Thu Oct 05 16:25:59 +0000 2017", "contributors_enabled": false, "time_zone": null, "protected": false, "default_profile": true, "is_translator": false}, "geo": null, "in_reply_to_user_id_str": "915976368571027457", "lang": "en", "created_at": "Thu Feb 08 15:17:32 +0000 2018", "in_reply_to_status_id_str": "961619571059843073", "place": null, "metadata": {"iso_language_code": "en", "result_type": "recent"}}, {"contributors": null, "truncated": true, "text": "@mvigliar @fpga_dave Looks great! A couple notes about the bootloader.  I haven\u2019t worked with them myself, but as I\u2026 https://t.co/QBCrU3uKbW", "is_quote_status": false, "in_reply_to_status_id": 961597438904631297, "id": 961619571059843073, "favorite_count": 0, "retweeted": false, "coordinates": null, "source": "<a href=\"http://twitter.com/download/iphone\" rel=\"nofollow\">Twitter for iPhone</a>", "in_reply_to_screen_name": "mvigliar", "in_reply_to_user_id": 630024602, "retweet_count": 0, "id_str": "961619571059843073", "favorited": false, "user": {"follow_request_sent": false, "has_extended_profile": true, "profile_use_background_image": true, "default_profile_image": false, "id": 915976368571027457, "profile_background_image_url_https": null, "verified": false, "translator_type": "none", "profile_text_color": "333333", "profile_image_url_https": "https://pbs.twimg.com/profile_images/955217661255823360/UuopzrBw_normal.jpg", "profile_sidebar_fill_color": "DDEEF6", "entities": {"url": {"urls": [{"url": "https://t.co/4HGx6AsrEI", "indices": [0, 23], "expanded_url": "http://tinyfpga.com", "display_url": "tinyfpga.com"}]}, "description": {"urls": []}}, "followers_count": 764, "profile_sidebar_border_color": "C0DEED", "id_str": "915976368571027457", "profile_background_color": "F5F8FA", "listed_count": 11, "is_translation_enabled": false, "utc_offset": null, "statuses_count": 839, "description": "husband, father of two, hardware verification architect, TinyFPGA creator", "friends_count": 215, "location": "Sacramento, CA", "profile_link_color": "1DA1F2", "profile_image_url": "http://pbs.twimg.com/profile_images/955217661255823360/UuopzrBw_normal.jpg", "following": true, "geo_enabled": false, "profile_banner_url": "https://pbs.twimg.com/profile_banners/915976368571027457/1516576613", "profile_background_image_url": null, "screen_name": "TinyFPGA", "lang": "en", "profile_background_tile": false, "favourites_count": 732, "name": "Luke Valenty", "notifications": false, "url": "https://t.co/4HGx6AsrEI", "created_at": "Thu Oct 05 16:25:59 +0000 2017", "contributors_enabled": false, "time_zone": null, "protected": false, "default_profile": true, "is_translator": false}, "geo": null, "in_reply_to_user_id_str": "630024602", "lang": "en", "created_at": "Thu Feb 08 15:15:46 +0000 2018", "in_reply_to_status_id_str": "961597438904631297", "place": null, "metadata": {"iso_language_code": "en", "result_type": "recent"}}, {"contributors": null, "truncated": true, "text": "@mvigliar @fpga_dave @TinyFPGA With your ARDUCAM2dualPMOD adapter, you could use https://t.co/Twv6a5W1Yp to display\u2026 https://t.co/QJ5GA41snH", "is_quote_status": true, "in_reply_to_status_id": 961597438904631297, "id": 961611009340461056, "favorite_count": 1, "quoted_status_id": 957976747961671682, "retweeted": false, "coordinates": null, "quoted_status": {"contributors": null, "truncated": false, "text": "3.5\" LCD PMOD boards now available as a shared project at @oshpark . https://t.co/kbk9CDGmmB https://t.co/9ykVQ33nPl", "is_quote_status": false, "in_reply_to_status_id": null, "id": 957976747961671682, "favorite_count": 14, "retweeted": false, "coordinates": null, "source": "<a href=\"http://twitter.com\" rel=\"nofollow\">Twitter Web Client</a>", "in_reply_to_screen_name": null, "in_reply_to_user_id": null, "retweet_count": 3, "id_str": "957976747961671682", "favorited": false, "user": {"follow_request_sent": false, "has_extended_profile": false, "profile_use_background_image": true, "default_profile_image": false, "id": 933458054431035392, "profile_background_image_url_https": null, "verified": false, "translator_type": "none", "profile_text_color": "333333", "profile_image_url_https": "https://pbs.twimg.com/profile_images/933460253588557826/KIxDg_by_normal.jpg", "profile_sidebar_fill_color": "DDEEF6", "entities": {"url": {"urls": [{"url": "https://t.co/r642D39oX6", "indices": [0, 23], "expanded_url": "https://ds0.me", "display_url": "ds0.me"}]}, "description": {"urls": []}}, "followers_count": 331, "profile_sidebar_border_color": "C0DEED", "id_str": "933458054431035392", "profile_background_color": "F5F8FA", "listed_count": 5, "is_translation_enabled": false, "utc_offset": 0, "statuses_count": 210, "description": "Open Source Electronics, FPGA and Software developer. Contributor to Project Icestorm. Sometimes I dump and emulate crappy and obscure video games.", "friends_count": 193, "location": "London, England", "profile_link_color": "1DA1F2", "profile_image_url": "http://pbs.twimg.com/profile_images/933460253588557826/KIxDg_by_normal.jpg", "following": true, "geo_enabled": false, "profile_background_image_url": null, "screen_name": "fpga_dave", "lang": "en", "profile_background_tile": false, "favourites_count": 339, "name": "David Shah", "notifications": false, "url": "https://t.co/r642D39oX6", "created_at": "Wed Nov 22 22:11:57 +0000 2017", "contributors_enabled": false, "time_zone": "London", "protected": false, "default_profile": true, "is_translator": false}, "geo": null, "in_reply_to_user_id_str": null, "possibly_sensitive": false, "lang": "en", "created_at": "Mon Jan 29 14:00:29 +0000 2018", "in_reply_to_status_id_str": null, "place": null, "metadata": {"iso_language_code": "en", "result_type": "recent"}}, "source": "<a href=\"http://twitter.com\" rel=\"nofollow\">Twitter Web Client</a>", "in_reply_to_screen_name": "mvigliar", "in_reply_to_user_id": 630024602, "retweet_count": 0, "id_str": "961611009340461056", "favorited": false, "user": {"follow_request_sent": false, "has_extended_profile": false, "profile_use_background_image": true, "default_profile_image": false, "id": 4784087996, "profile_background_image_url_https": "https://pbs.twimg.com/profile_background_images/689465172780408834/Uc1lwU-E.png", "verified": false, "translator_type": "none", "profile_text_color": "000000", "profile_image_url_https": "https://pbs.twimg.com/profile_images/689460000461221892/2qwdiB1o_normal.png", "profile_sidebar_fill_color": "000000", "entities": {"url": {"urls": [{"url": "https://t.co/maMK0lZDrN", "indices": [0, 23], "expanded_url": "http://www.icoboard.org", "display_url": "icoboard.org"}]}, "description": {"urls": []}}, "followers_count": 1467, "profile_sidebar_border_color": "000000", "id_str": "4784087996", "profile_background_color": "000000", "listed_count": 59, "is_translation_enabled": false, "utc_offset": 3600, "statuses_count": 5817, "description": "News about Yosys, ArachnePnR, icetools, SymbiFlow, SymbiYosys. Open Source FPGA tools for Lattice-ice40 and Xilinx-Series7 FPGAs  and boards.", "friends_count": 384, "location": "", "profile_link_color": "DD2E44", "profile_image_url": "http://pbs.twimg.com/profile_images/689460000461221892/2qwdiB1o_normal.png", "following": true, "geo_enabled": false, "profile_banner_url": "https://pbs.twimg.com/profile_banners/4784087996/1453216123", "profile_background_image_url": "http://pbs.twimg.com/profile_background_images/689465172780408834/Uc1lwU-E.png", "screen_name": "ico_TC", "lang": "de", "profile_background_tile": true, "favourites_count": 410, "name": "icoTC OSS for FPGAs", "notifications": false, "url": "https://t.co/maMK0lZDrN", "created_at": "Tue Jan 19 14:42:43 +0000 2016", "contributors_enabled": false, "time_zone": "Vienna", "protected": false, "default_profile": false, "is_translator": false}, "geo": null, "in_reply_to_user_id_str": "630024602", "possibly_sensitive": false, "lang": "en", "created_at": "Thu Feb 08 14:41:45 +0000 2018", "quoted_status_id_str": "957976747961671682", "in_reply_to_status_id_str": "961597438904631297", "place": null, "metadata": {"iso_language_code": "en", "result_type": "recent"}}, {"contributors": null, "truncated": true, "text": "@mvigliar @fpga_dave @TinyFPGA Nice, thanks for answer. Good idea for using bootloader from @TinyFPGA board, that c\u2026 https://t.co/OX4bpMIOAM", "is_quote_status": false, "in_reply_to_status_id": 961603698999865344, "id": 961606185630752769, "favorite_count": 0, "retweeted": false, "coordinates": null, "source": "<a href=\"http://twitter.com\" rel=\"nofollow\">Twitter Web Client</a>", "in_reply_to_screen_name": "mvigliar", "in_reply_to_user_id": 630024602, "retweet_count": 0, "id_str": "961606185630752769", "favorited": false, "user": {"follow_request_sent": false, "has_extended_profile": true, "profile_use_background_image": false, "default_profile_image": false, "id": 2321177005, "profile_background_image_url_https": "https://abs.twimg.com/images/themes/theme1/bg.png", "verified": false, "translator_type": "none", "profile_text_color": "000000", "profile_image_url_https": "https://pbs.twimg.com/profile_images/802054622089199616/oO3P7kq6_normal.jpg", "profile_sidebar_fill_color": "000000", "entities": {"url": {"urls": [{"url": "http://t.co/z3nzOswY75", "indices": [0, 22], "expanded_url": "http://www.mamedev.org/", "display_url": "mamedev.org"}]}, "description": {"urls": []}}, "followers_count": 491, "profile_sidebar_border_color": "000000", "id_str": "2321177005", "profile_background_color": "000000", "listed_count": 13, "is_translation_enabled": false, "utc_offset": 3600, "statuses_count": 887, "description": "Software developer,MAME project developer and emulation enthusiast", "friends_count": 339, "location": "Novi Sad , Serbia", "profile_link_color": "3B94D9", "profile_image_url": "http://pbs.twimg.com/profile_images/802054622089199616/oO3P7kq6_normal.jpg", "following": false, "geo_enabled": false, "profile_banner_url": "https://pbs.twimg.com/profile_banners/2321177005/1421306770", "profile_background_image_url": "http://abs.twimg.com/images/themes/theme1/bg.png", "screen_name": "micko_mame", "lang": "en", "profile_background_tile": false, "favourites_count": 1428, "name": "Miodrag Milanovic", "notifications": false, "url": "http://t.co/z3nzOswY75", "created_at": "Fri Jan 31 18:07:27 +0000 2014", "contributors_enabled": false, "time_zone": "Belgrade", "protected": false, "default_profile": false, "is_translator": false}, "geo": null, "in_reply_to_user_id_str": "630024602", "lang": "en", "created_at": "Thu Feb 08 14:22:35 +0000 2018", "in_reply_to_status_id_str": "961603698999865344", "place": null, "metadata": {"iso_language_code": "en", "result_type": "recent"}}, {"contributors": null, "truncated": false, "text": "@micko_mame @mvigliar @fpga_dave @TinyFPGA Are you referring to #FPGAWARS ? board looks cool do you have a link to details?", "is_quote_status": false, "in_reply_to_status_id": 961601442351140864, "id": 961605118843150337, "favorite_count": 0, "retweeted": false, "coordinates": null, "source": "<a href=\"http://twitter.com\" rel=\"nofollow\">Twitter Web Client</a>", "in_reply_to_screen_name": "micko_mame", "in_reply_to_user_id": 2321177005, "retweet_count": 0, "id_str": "961605118843150337", "favorited": false, "user": {"follow_request_sent": false, "has_extended_profile": false, "profile_use_background_image": true, "default_profile_image": false, "id": 805758, "profile_background_image_url_https": "https://abs.twimg.com/images/themes/theme14/bg.gif", "verified": false, "translator_type": "none", "profile_text_color": "333333", "profile_image_url_https": "https://pbs.twimg.com/profile_images/718343925/me-17-4-09_normal.jpg", "profile_sidebar_fill_color": "EFEFEF", "entities": {"url": {"urls": [{"url": "http://t.co/gLJFyuxXL4", "indices": [0, 22], "expanded_url": "http://folknologylabs.wordpress.com/", "display_url": "folknologylabs.wordpress.com"}]}, "description": {"urls": []}}, "followers_count": 1362, "profile_sidebar_border_color": "EEEEEE", "id_str": "805758", "profile_background_color": "131516", "listed_count": 79, "is_translation_enabled": false, "utc_offset": 0, "statuses_count": 9250, "description": "Engineer of opensource hardware & software, practitioner of robotics, ML & embedded electronics, speaker of technologies & bit wrangler XC,C,Verilog, Python...", "friends_count": 935, "location": "UK", "profile_link_color": "009999", "profile_image_url": "http://pbs.twimg.com/profile_images/718343925/me-17-4-09_normal.jpg", "following": false, "geo_enabled": true, "profile_banner_url": "https://pbs.twimg.com/profile_banners/805758/1399036064", "profile_background_image_url": "http://abs.twimg.com/images/themes/theme14/bg.gif", "screen_name": "folknology", "lang": "en-gb", "profile_background_tile": true, "favourites_count": 651, "name": "Al", "notifications": false, "url": "http://t.co/gLJFyuxXL4", "created_at": "Fri Mar 02 09:11:32 +0000 2007", "contributors_enabled": false, "time_zone": "London", "protected": false, "default_profile": false, "is_translator": false}, "geo": null, "in_reply_to_user_id_str": "2321177005", "lang": "en", "created_at": "Thu Feb 08 14:18:20 +0000 2018", "in_reply_to_status_id_str": "961601442351140864", "place": null, "metadata": {"iso_language_code": "en", "result_type": "recent"}}, {"contributors": null, "truncated": true, "text": "@micko_mame @fpga_dave @TinyFPGA Side connectors are for Arducam-like image sensors, and can be chained between 2 b\u2026 https://t.co/MQOFRVT3nZ", "is_quote_status": false, "in_reply_to_status_id": 961601442351140864, "id": 961603698999865344, "favorite_count": 1, "retweeted": false, "coordinates": null, "source": "<a href=\"http://twitter.com/download/android\" rel=\"nofollow\">Twitter for Android</a>", "in_reply_to_screen_name": "micko_mame", "in_reply_to_user_id": 2321177005, "retweet_count": 0, "id_str": "961603698999865344", "favorited": false, "user": {"follow_request_sent": false, "has_extended_profile": false, "profile_use_background_image": true, "default_profile_image": false, "id": 630024602, "profile_background_image_url_https": "https://abs.twimg.com/images/themes/theme1/bg.png", "verified": false, "translator_type": "none", "profile_text_color": "333333", "profile_image_url_https": "https://pbs.twimg.com/profile_images/2378326735/mario_img_normal.jpg", "profile_sidebar_fill_color": "DDEEF6", "entities": {"description": {"urls": []}}, "followers_count": 183, "profile_sidebar_border_color": "C0DEED", "id_str": "630024602", "profile_background_color": "C0DEED", "listed_count": 9, "is_translation_enabled": false, "utc_offset": null, "statuses_count": 633, "description": "Artificial vision addicted, migrating from a SW education to the dark side of HW. Twisted, perverted, crippled (cit.)", "friends_count": 515, "location": "", "profile_link_color": "1DA1F2", "profile_image_url": "http://pbs.twimg.com/profile_images/2378326735/mario_img_normal.jpg", "following": false, "geo_enabled": true, "profile_banner_url": "https://pbs.twimg.com/profile_banners/630024602/1517155143", "profile_background_image_url": "http://abs.twimg.com/images/themes/theme1/bg.png", "screen_name": "mvigliar", "lang": "it", "profile_background_tile": false, "favourites_count": 421, "name": "Mario Vigliar", "notifications": false, "url": null, "created_at": "Sun Jul 08 08:17:41 +0000 2012", "contributors_enabled": false, "time_zone": null, "protected": false, "default_profile": true, "is_translator": false}, "geo": null, "in_reply_to_user_id_str": "2321177005", "lang": "en", "created_at": "Thu Feb 08 14:12:42 +0000 2018", "in_reply_to_status_id_str": "961601442351140864", "place": null, "metadata": {"iso_language_code": "en", "result_type": "recent"}}, {"contributors": null, "truncated": true, "text": "@mvigliar @fpga_dave @TinyFPGA I see PMOD on top section, but what are the rest for ? (noticed CAM 0,1,2 text). Als\u2026 https://t.co/njjWVXIdmj", "is_quote_status": false, "in_reply_to_status_id": 961597438904631297, "id": 961601442351140864, "favorite_count": 0, "retweeted": false, "coordinates": null, "source": "<a href=\"http://twitter.com\" rel=\"nofollow\">Twitter Web Client</a>", "in_reply_to_screen_name": "mvigliar", "in_reply_to_user_id": 630024602, "retweet_count": 0, "id_str": "961601442351140864", "favorited": false, "user": {"follow_request_sent": false, "has_extended_profile": true, "profile_use_background_image": false, "default_profile_image": false, "id": 2321177005, "profile_background_image_url_https": "https://abs.twimg.com/images/themes/theme1/bg.png", "verified": false, "translator_type": "none", "profile_text_color": "000000", "profile_image_url_https": "https://pbs.twimg.com/profile_images/802054622089199616/oO3P7kq6_normal.jpg", "profile_sidebar_fill_color": "000000", "entities": {"url": {"urls": [{"url": "http://t.co/z3nzOswY75", "indices": [0, 22], "expanded_url": "http://www.mamedev.org/", "display_url": "mamedev.org"}]}, "description": {"urls": []}}, "followers_count": 491, "profile_sidebar_border_color": "000000", "id_str": "2321177005", "profile_background_color": "000000", "listed_count": 13, "is_translation_enabled": false, "utc_offset": 3600, "statuses_count": 887, "description": "Software developer,MAME project developer and emulation enthusiast", "friends_count": 339, "location": "Novi Sad , Serbia", "profile_link_color": "3B94D9", "profile_image_url": "http://pbs.twimg.com/profile_images/802054622089199616/oO3P7kq6_normal.jpg", "following": false, "geo_enabled": false, "profile_banner_url": "https://pbs.twimg.com/profile_banners/2321177005/1421306770", "profile_background_image_url": "http://abs.twimg.com/images/themes/theme1/bg.png", "screen_name": "micko_mame", "lang": "en", "profile_background_tile": false, "favourites_count": 1428, "name": "Miodrag Milanovic", "notifications": false, "url": "http://t.co/z3nzOswY75", "created_at": "Fri Jan 31 18:07:27 +0000 2014", "contributors_enabled": false, "time_zone": "Belgrade", "protected": false, "default_profile": false, "is_translator": false}, "geo": null, "in_reply_to_user_id_str": "630024602", "lang": "en", "created_at": "Thu Feb 08 14:03:44 +0000 2018", "in_reply_to_status_id_str": "961597438904631297", "place": null, "metadata": {"iso_language_code": "en", "result_type": "recent"}}, {"contributors": null, "truncated": false, "text": "@fpga_dave Now going to test simple bringup stuff. Then moving to @TinyFPGA bootloader :)", "is_quote_status": false, "in_reply_to_status_id": 961597045692911616, "id": 961597438904631297, "favorite_count": 0, "retweeted": false, "coordinates": null, "source": "<a href=\"http://twitter.com/download/android\" rel=\"nofollow\">Twitter for Android</a>", "in_reply_to_screen_name": "fpga_dave", "in_reply_to_user_id": 933458054431035392, "retweet_count": 0, "id_str": "961597438904631297", "favorited": false, "user": {"follow_request_sent": false, "has_extended_profile": false, "profile_use_background_image": true, "default_profile_image": false, "id": 630024602, "profile_background_image_url_https": "https://abs.twimg.com/images/themes/theme1/bg.png", "verified": false, "translator_type": "none", "profile_text_color": "333333", "profile_image_url_https": "https://pbs.twimg.com/profile_images/2378326735/mario_img_normal.jpg", "profile_sidebar_fill_color": "DDEEF6", "entities": {"description": {"urls": []}}, "followers_count": 183, "profile_sidebar_border_color": "C0DEED", "id_str": "630024602", "profile_background_color": "C0DEED", "listed_count": 9, "is_translation_enabled": false, "utc_offset": null, "statuses_count": 633, "description": "Artificial vision addicted, migrating from a SW education to the dark side of HW. Twisted, perverted, crippled (cit.)", "friends_count": 515, "location": "", "profile_link_color": "1DA1F2", "profile_image_url": "http://pbs.twimg.com/profile_images/2378326735/mario_img_normal.jpg", "following": false, "geo_enabled": true, "profile_banner_url": "https://pbs.twimg.com/profile_banners/630024602/1517155143", "profile_background_image_url": "http://abs.twimg.com/images/themes/theme1/bg.png", "screen_name": "mvigliar", "lang": "it", "profile_background_tile": false, "favourites_count": 421, "name": "Mario Vigliar", "notifications": false, "url": null, "created_at": "Sun Jul 08 08:17:41 +0000 2012", "contributors_enabled": false, "time_zone": null, "protected": false, "default_profile": true, "is_translator": false}, "geo": null, "in_reply_to_user_id_str": "933458054431035392", "lang": "en", "created_at": "Thu Feb 08 13:47:49 +0000 2018", "in_reply_to_status_id_str": "961597045692911616", "place": null, "metadata": {"iso_language_code": "en", "result_type": "recent"}}, {"contributors": null, "truncated": true, "text": "Hmm...the Diamond Deployment tool does not seem to be generating a valid ROM image for multi-boot.  Could also be u\u2026 https://t.co/vev6kp67Sm", "is_quote_status": false, "in_reply_to_status_id": 961474524226011136, "id": 961517376045924352, "favorite_count": 2, "retweeted": false, "coordinates": null, "source": "<a href=\"http://twitter.com/download/iphone\" rel=\"nofollow\">Twitter for iPhone</a>", "in_reply_to_screen_name": "TinyFPGA", "in_reply_to_user_id": 915976368571027457, "retweet_count": 0, "id_str": "961517376045924352", "favorited": false, "user": {"follow_request_sent": false, "has_extended_profile": true, "profile_use_background_image": true, "default_profile_image": false, "id": 915976368571027457, "profile_background_image_url_https": null, "verified": false, "translator_type": "none", "profile_text_color": "333333", "profile_image_url_https": "https://pbs.twimg.com/profile_images/955217661255823360/UuopzrBw_normal.jpg", "profile_sidebar_fill_color": "DDEEF6", "entities": {"url": {"urls": [{"url": "https://t.co/4HGx6AsrEI", "indices": [0, 23], "expanded_url": "http://tinyfpga.com", "display_url": "tinyfpga.com"}]}, "description": {"urls": []}}, "followers_count": 764, "profile_sidebar_border_color": "C0DEED", "id_str": "915976368571027457", "profile_background_color": "F5F8FA", "listed_count": 11, "is_translation_enabled": false, "utc_offset": null, "statuses_count": 839, "description": "husband, father of two, hardware verification architect, TinyFPGA creator", "friends_count": 215, "location": "Sacramento, CA", "profile_link_color": "1DA1F2", "profile_image_url": "http://pbs.twimg.com/profile_images/955217661255823360/UuopzrBw_normal.jpg", "following": true, "geo_enabled": false, "profile_banner_url": "https://pbs.twimg.com/profile_banners/915976368571027457/1516576613", "profile_background_image_url": null, "screen_name": "TinyFPGA", "lang": "en", "profile_background_tile": false, "favourites_count": 732, "name": "Luke Valenty", "notifications": false, "url": "https://t.co/4HGx6AsrEI", "created_at": "Thu Oct 05 16:25:59 +0000 2017", "contributors_enabled": false, "time_zone": null, "protected": false, "default_profile": true, "is_translator": false}, "geo": null, "in_reply_to_user_id_str": "915976368571027457", "lang": "en", "created_at": "Thu Feb 08 08:29:41 +0000 2018", "in_reply_to_status_id_str": "961474524226011136", "place": null, "metadata": {"iso_language_code": "en", "result_type": "recent"}}, {"contributors": null, "truncated": false, "text": "RT @TinyFPGA: Updated TinyFPGA AX1 and AX2 reference cards.  These will be included with the AX boards when they go on sale.  I've broken o\u2026", "is_quote_status": false, "in_reply_to_status_id": null, "id": 961496091865821184, "favorite_count": 0, "retweeted": false, "coordinates": null, "source": "<a href=\"http://twitter.com/download/android\" rel=\"nofollow\">Twitter for Android</a>", "in_reply_to_screen_name": null, "in_reply_to_user_id": null, "retweet_count": 4, "id_str": "961496091865821184", "favorited": false, "retweeted_status": {"contributors": null, "truncated": true, "text": "Updated TinyFPGA AX1 and AX2 reference cards.  These will be included with the AX boards when they go on sale.  I'v\u2026 https://t.co/lbcZdwFU6c", "is_quote_status": false, "in_reply_to_status_id": null, "id": 961447672430260224, "favorite_count": 18, "retweeted": false, "coordinates": null, "source": "<a href=\"http://twitter.com\" rel=\"nofollow\">Twitter Web Client</a>", "in_reply_to_screen_name": null, "in_reply_to_user_id": null, "retweet_count": 4, "id_str": "961447672430260224", "favorited": false, "user": {"follow_request_sent": false, "has_extended_profile": true, "profile_use_background_image": true, "default_profile_image": false, "id": 915976368571027457, "profile_background_image_url_https": null, "verified": false, "translator_type": "none", "profile_text_color": "333333", "profile_image_url_https": "https://pbs.twimg.com/profile_images/955217661255823360/UuopzrBw_normal.jpg", "profile_sidebar_fill_color": "DDEEF6", "entities": {"url": {"urls": [{"url": "https://t.co/4HGx6AsrEI", "indices": [0, 23], "expanded_url": "http://tinyfpga.com", "display_url": "tinyfpga.com"}]}, "description": {"urls": []}}, "followers_count": 764, "profile_sidebar_border_color": "C0DEED", "id_str": "915976368571027457", "profile_background_color": "F5F8FA", "listed_count": 11, "is_translation_enabled": false, "utc_offset": null, "statuses_count": 839, "description": "husband, father of two, hardware verification architect, TinyFPGA creator", "friends_count": 215, "location": "Sacramento, CA", "profile_link_color": "1DA1F2", "profile_image_url": "http://pbs.twimg.com/profile_images/955217661255823360/UuopzrBw_normal.jpg", "following": true, "geo_enabled": false, "profile_banner_url": "https://pbs.twimg.com/profile_banners/915976368571027457/1516576613", "profile_background_image_url": null, "screen_name": "TinyFPGA", "lang": "en", "profile_background_tile": false, "favourites_count": 732, "name": "Luke Valenty", "notifications": false, "url": "https://t.co/4HGx6AsrEI", "created_at": "Thu Oct 05 16:25:59 +0000 2017", "contributors_enabled": false, "time_zone": null, "protected": false, "default_profile": true, "is_translator": false}, "geo": null, "in_reply_to_user_id_str": null, "possibly_sensitive": false, "lang": "en", "created_at": "Thu Feb 08 03:52:42 +0000 2018", "in_reply_to_status_id_str": null, "place": null, "metadata": {"iso_language_code": "en", "result_type": "recent"}}, "user": {"follow_request_sent": false, "has_extended_profile": false, "profile_use_background_image": true, "default_profile_image": false, "id": 10179832, "profile_background_image_url_https": "https://abs.twimg.com/images/themes/theme1/bg.png", "verified": false, "translator_type": "none", "profile_text_color": "333333", "profile_image_url_https": "https://pbs.twimg.com/profile_images/55009798/kaback_normal.jpg", "profile_sidebar_fill_color": "DDEEF6", "entities": {"url": {"urls": [{"url": "https://t.co/uYp2IAIByM", "indices": [0, 23], "expanded_url": "https://isf.institute", "display_url": "isf.institute"}]}, "description": {"urls": []}}, "followers_count": 184, "profile_sidebar_border_color": "C0DEED", "id_str": "10179832", "profile_background_color": "C0DEED", "listed_count": 44, "is_translation_enabled": false, "utc_offset": 3600, "statuses_count": 2623, "description": "Institut f\u00fcr Situationsforschung", "friends_count": 249, "location": "Bern / Switzerland", "profile_link_color": "1DA1F2", "profile_image_url": "http://pbs.twimg.com/profile_images/55009798/kaback_normal.jpg", "following": false, "geo_enabled": true, "profile_banner_url": "https://pbs.twimg.com/profile_banners/10179832/1413889048", "profile_background_image_url": "http://abs.twimg.com/images/themes/theme1/bg.png", "screen_name": "kaback", "lang": "de", "profile_background_tile": false, "favourites_count": 612, "name": "kaback", "notifications": false, "url": "https://t.co/uYp2IAIByM", "created_at": "Mon Nov 12 13:11:02 +0000 2007", "contributors_enabled": false, "time_zone": "Berlin", "protected": false, "default_profile": true, "is_translator": false}, "geo": null, "in_reply_to_user_id_str": null, "lang": "en", "created_at": "Thu Feb 08 07:05:06 +0000 2018", "in_reply_to_status_id_str": null, "place": null, "metadata": {"iso_language_code": "en", "result_type": "recent"}}, {"contributors": null, "truncated": false, "text": "RT @TinyFPGA: TinyFPGA EX USB bootloader is one step closer to working.  It's currently able to program and verify flash successfully over\u2026", "is_quote_status": false, "in_reply_to_status_id": null, "id": 961480365306236928, "favorite_count": 0, "retweeted": false, "coordinates": null, "source": "<a href=\"http://twitter.com/download/android\" rel=\"nofollow\">Twitter for Android</a>", "in_reply_to_screen_name": null, "in_reply_to_user_id": null, "retweet_count": 2, "id_str": "961480365306236928", "favorited": false, "retweeted_status": {"contributors": null, "truncated": true, "text": "TinyFPGA EX USB bootloader is one step closer to working.  It's currently able to program and verify flash successf\u2026 https://t.co/RpsFAOtkq3", "is_quote_status": false, "in_reply_to_status_id": null, "id": 961474524226011136, "favorite_count": 21, "retweeted": false, "coordinates": null, "source": "<a href=\"http://twitter.com\" rel=\"nofollow\">Twitter Web Client</a>", "in_reply_to_screen_name": null, "in_reply_to_user_id": null, "retweet_count": 2, "id_str": "961474524226011136", "favorited": false, "user": {"follow_request_sent": false, "has_extended_profile": true, "profile_use_background_image": true, "default_profile_image": false, "id": 915976368571027457, "profile_background_image_url_https": null, "verified": false, "translator_type": "none", "profile_text_color": "333333", "profile_image_url_https": "https://pbs.twimg.com/profile_images/955217661255823360/UuopzrBw_normal.jpg", "profile_sidebar_fill_color": "DDEEF6", "entities": {"url": {"urls": [{"url": "https://t.co/4HGx6AsrEI", "indices": [0, 23], "expanded_url": "http://tinyfpga.com", "display_url": "tinyfpga.com"}]}, "description": {"urls": []}}, "followers_count": 764, "profile_sidebar_border_color": "C0DEED", "id_str": "915976368571027457", "profile_background_color": "F5F8FA", "listed_count": 11, "is_translation_enabled": false, "utc_offset": null, "statuses_count": 839, "description": "husband, father of two, hardware verification architect, TinyFPGA creator", "friends_count": 215, "location": "Sacramento, CA", "profile_link_color": "1DA1F2", "profile_image_url": "http://pbs.twimg.com/profile_images/955217661255823360/UuopzrBw_normal.jpg", "following": true, "geo_enabled": false, "profile_banner_url": "https://pbs.twimg.com/profile_banners/915976368571027457/1516576613", "profile_background_image_url": null, "screen_name": "TinyFPGA", "lang": "en", "profile_background_tile": false, "favourites_count": 732, "name": "Luke Valenty", "notifications": false, "url": "https://t.co/4HGx6AsrEI", "created_at": "Thu Oct 05 16:25:59 +0000 2017", "contributors_enabled": false, "time_zone": null, "protected": false, "default_profile": true, "is_translator": false}, "geo": null, "in_reply_to_user_id_str": null, "possibly_sensitive": false, "lang": "en", "created_at": "Thu Feb 08 05:39:24 +0000 2018", "in_reply_to_status_id_str": null, "place": null, "metadata": {"iso_language_code": "en", "result_type": "recent"}}, "user": {"follow_request_sent": false, "has_extended_profile": true, "profile_use_background_image": true, "default_profile_image": false, "id": 66116319, "profile_background_image_url_https": "https://abs.twimg.com/images/themes/theme1/bg.png", "verified": false, "translator_type": "none", "profile_text_color": "333333", "profile_image_url_https": "https://pbs.twimg.com/profile_images/730476123499462658/AqWMJF1b_normal.jpg", "profile_sidebar_fill_color": "DDEEF6", "entities": {"url": {"urls": [{"url": "http://t.co/OD4Q0qTc95", "indices": [0, 22], "expanded_url": "http://www.iearobotics.com", "display_url": "iearobotics.com"}]}, "description": {"urls": []}}, "followers_count": 6729, "profile_sidebar_border_color": "C0DEED", "id_str": "66116319", "profile_background_color": "C0DEED", "listed_count": 548, "is_translation_enabled": false, "utc_offset": 3600, "statuses_count": 30338, "description": "Hola! Soy Obijuan!\nI'm a researcher on robotics, but I define myself as a hacker. I really believe on the opensource spirit of sharing information", "friends_count": 391, "location": "Alcobendas (Madrid, Spain)", "profile_link_color": "1DA1F2", "profile_image_url": "http://pbs.twimg.com/profile_images/730476123499462658/AqWMJF1b_normal.jpg", "following": false, "geo_enabled": true, "profile_banner_url": "https://pbs.twimg.com/profile_banners/66116319/1443086795", "profile_background_image_url": "http://abs.twimg.com/images/themes/theme1/bg.png", "screen_name": "Obijuan_cube", "lang": "es", "profile_background_tile": false, "favourites_count": 19333, "name": "Juan Gonzalez", "notifications": false, "url": "http://t.co/OD4Q0qTc95", "created_at": "Sun Aug 16 13:40:46 +0000 2009", "contributors_enabled": false, "time_zone": "Amsterdam", "protected": false, "default_profile": true, "is_translator": false}, "geo": null, "in_reply_to_user_id_str": null, "lang": "en", "created_at": "Thu Feb 08 06:02:37 +0000 2018", "in_reply_to_status_id_str": null, "place": null, "metadata": {"iso_language_code": "en", "result_type": "recent"}}, {"contributors": null, "truncated": true, "text": "TinyFPGA EX USB bootloader is one step closer to working.  It's currently able to program and verify flash successf\u2026 https://t.co/RpsFAOtkq3", "is_quote_status": false, "in_reply_to_status_id": null, "id": 961474524226011136, "favorite_count": 21, "retweeted": false, "coordinates": null, "source": "<a href=\"http://twitter.com\" rel=\"nofollow\">Twitter Web Client</a>", "in_reply_to_screen_name": null, "in_reply_to_user_id": null, "retweet_count": 2, "id_str": "961474524226011136", "favorited": false, "user": {"follow_request_sent": false, "has_extended_profile": true, "profile_use_background_image": true, "default_profile_image": false, "id": 915976368571027457, "profile_background_image_url_https": null, "verified": false, "translator_type": "none", "profile_text_color": "333333", "profile_image_url_https": "https://pbs.twimg.com/profile_images/955217661255823360/UuopzrBw_normal.jpg", "profile_sidebar_fill_color": "DDEEF6", "entities": {"url": {"urls": [{"url": "https://t.co/4HGx6AsrEI", "indices": [0, 23], "expanded_url": "http://tinyfpga.com", "display_url": "tinyfpga.com"}]}, "description": {"urls": []}}, "followers_count": 764, "profile_sidebar_border_color": "C0DEED", "id_str": "915976368571027457", "profile_background_color": "F5F8FA", "listed_count": 11, "is_translation_enabled": false, "utc_offset": null, "statuses_count": 839, "description": "husband, father of two, hardware verification architect, TinyFPGA creator", "friends_count": 215, "location": "Sacramento, CA", "profile_link_color": "1DA1F2", "profile_image_url": "http://pbs.twimg.com/profile_images/955217661255823360/UuopzrBw_normal.jpg", "following": true, "geo_enabled": false, "profile_banner_url": "https://pbs.twimg.com/profile_banners/915976368571027457/1516576613", "profile_background_image_url": null, "screen_name": "TinyFPGA", "lang": "en", "profile_background_tile": false, "favourites_count": 732, "name": "Luke Valenty", "notifications": false, "url": "https://t.co/4HGx6AsrEI", "created_at": "Thu Oct 05 16:25:59 +0000 2017", "contributors_enabled": false, "time_zone": null, "protected": false, "default_profile": true, "is_translator": false}, "geo": null, "in_reply_to_user_id_str": null, "possibly_sensitive": false, "lang": "en", "created_at": "Thu Feb 08 05:39:24 +0000 2018", "in_reply_to_status_id_str": null, "place": null, "metadata": {"iso_language_code": "en", "result_type": "recent"}}, {"contributors": null, "truncated": false, "text": "RT @TinyFPGA: Updated TinyFPGA AX1 and AX2 reference cards.  These will be included with the AX boards when they go on sale.  I've broken o\u2026", "is_quote_status": false, "in_reply_to_status_id": null, "id": 961465908009971713, "favorite_count": 0, "retweeted": false, "coordinates": null, "source": "<a href=\"http://twitter.com\" rel=\"nofollow\">Twitter Web Client</a>", "in_reply_to_screen_name": null, "in_reply_to_user_id": null, "retweet_count": 4, "id_str": "961465908009971713", "favorited": false, "retweeted_status": {"contributors": null, "truncated": true, "text": "Updated TinyFPGA AX1 and AX2 reference cards.  These will be included with the AX boards when they go on sale.  I'v\u2026 https://t.co/lbcZdwFU6c", "is_quote_status": false, "in_reply_to_status_id": null, "id": 961447672430260224, "favorite_count": 18, "retweeted": false, "coordinates": null, "source": "<a href=\"http://twitter.com\" rel=\"nofollow\">Twitter Web Client</a>", "in_reply_to_screen_name": null, "in_reply_to_user_id": null, "retweet_count": 4, "id_str": "961447672430260224", "favorited": false, "user": {"follow_request_sent": false, "has_extended_profile": true, "profile_use_background_image": true, "default_profile_image": false, "id": 915976368571027457, "profile_background_image_url_https": null, "verified": false, "translator_type": "none", "profile_text_color": "333333", "profile_image_url_https": "https://pbs.twimg.com/profile_images/955217661255823360/UuopzrBw_normal.jpg", "profile_sidebar_fill_color": "DDEEF6", "entities": {"url": {"urls": [{"url": "https://t.co/4HGx6AsrEI", "indices": [0, 23], "expanded_url": "http://tinyfpga.com", "display_url": "tinyfpga.com"}]}, "description": {"urls": []}}, "followers_count": 764, "profile_sidebar_border_color": "C0DEED", "id_str": "915976368571027457", "profile_background_color": "F5F8FA", "listed_count": 11, "is_translation_enabled": false, "utc_offset": null, "statuses_count": 839, "description": "husband, father of two, hardware verification architect, TinyFPGA creator", "friends_count": 215, "location": "Sacramento, CA", "profile_link_color": "1DA1F2", "profile_image_url": "http://pbs.twimg.com/profile_images/955217661255823360/UuopzrBw_normal.jpg", "following": true, "geo_enabled": false, "profile_banner_url": "https://pbs.twimg.com/profile_banners/915976368571027457/1516576613", "profile_background_image_url": null, "screen_name": "TinyFPGA", "lang": "en", "profile_background_tile": false, "favourites_count": 732, "name": "Luke Valenty", "notifications": false, "url": "https://t.co/4HGx6AsrEI", "created_at": "Thu Oct 05 16:25:59 +0000 2017", "contributors_enabled": false, "time_zone": null, "protected": false, "default_profile": true, "is_translator": false}, "geo": null, "in_reply_to_user_id_str": null, "possibly_sensitive": false, "lang": "en", "created_at": "Thu Feb 08 03:52:42 +0000 2018", "in_reply_to_status_id_str": null, "place": null, "metadata": {"iso_language_code": "en", "result_type": "recent"}}, "user": {"follow_request_sent": false, "has_extended_profile": false, "profile_use_background_image": false, "default_profile_image": false, "id": 14159640, "profile_background_image_url_https": "https://abs.twimg.com/images/themes/theme1/bg.png", "verified": false, "translator_type": "none", "profile_text_color": "000000", "profile_image_url_https": "https://pbs.twimg.com/profile_images/875591045077114880/uaReijkQ_normal.jpg", "profile_sidebar_fill_color": "000000", "entities": {"url": {"urls": [{"url": "https://t.co/b6l6V7QMkv", "indices": [0, 23], "expanded_url": "http://1bitsquared.com", "display_url": "1bitsquared.com"}]}, "description": {"urls": [{"url": "https://t.co/slOfKQQY6T", "indices": [24, 47], "expanded_url": "http://1bit2.com", "display_url": "1bit2.com"}, {"url": "https://t.co/2K5qN5Sri0", "indices": [70, 93], "expanded_url": "http://black-magic.org", "display_url": "black-magic.org"}, {"url": "https://t.co/L3OIVmx8mN", "indices": [94, 117], "expanded_url": "http://1bitsy.org", "display_url": "1bitsy.org"}, {"url": "https://t.co/tClWvATImR", "indices": [136, 159], "expanded_url": "http://youtube.com/user/esdentem", "display_url": "youtube.com/user/esdentem"}]}}, "followers_count": 2031, "profile_sidebar_border_color": "000000", "id_str": "14159640", "profile_background_color": "000000", "listed_count": 88, "is_translation_enabled": false, "utc_offset": -28800, "statuses_count": 7725, "description": "Founder of @1BitSquared https://t.co/slOfKQQY6T Embedded Systems Eng. https://t.co/2K5qN5Sri0 https://t.co/L3OIVmx8mN @paparazziuav YT: https://t.co/tClWvATImR", "friends_count": 1174, "location": "Eugene, OR; Ingolstadt, DE; Warszawa, PL", "profile_link_color": "262B2F", "profile_image_url": "http://pbs.twimg.com/profile_images/875591045077114880/uaReijkQ_normal.jpg", "following": false, "geo_enabled": false, "profile_background_image_url": "http://abs.twimg.com/images/themes/theme1/bg.png", "screen_name": "esden", "lang": "en", "profile_background_tile": false, "favourites_count": 13247, "name": "Piotr Esden-Tempski", "notifications": false, "url": "https://t.co/b6l6V7QMkv", "created_at": "Sun Mar 16 21:55:24 +0000 2008", "contributors_enabled": false, "time_zone": "Pacific Time (US & Canada)", "protected": false, "default_profile": false, "is_translator": false}, "geo": null, "in_reply_to_user_id_str": null, "lang": "en", "created_at": "Thu Feb 08 05:05:10 +0000 2018", "in_reply_to_status_id_str": null, "place": null, "metadata": {"iso_language_code": "en", "result_type": "recent"}}]}