{"search_metadata": {"count": 100, "completed_in": 0.035, "max_id_str": "959319077746454530", "since_id_str": "0", "refresh_url": "?since_id=959319077746454530&q=icoprog", "since_id": 0, "query": "icoprog", "max_id": 959319077746454530}, "statuses": [{"contributors": null, "truncated": true, "text": "@esden @jamisnemo @OSHStencils @digikey @oshpark BTW the Jumper swapping is not needed, if you can keep HiZ one of\u2026 https://t.co/Y69shNsn6m", "is_quote_status": false, "in_reply_to_status_id": 959209937174806528, "id": 959319077746454530, "favorite_count": 2, "retweeted": false, "coordinates": null, "source": "<a href=\"http://twitter.com\" rel=\"nofollow\">Twitter Web Client</a>", "in_reply_to_screen_name": "esden", "in_reply_to_user_id": 14159640, "retweet_count": 0, "id_str": "959319077746454530", "favorited": false, "user": {"follow_request_sent": false, "has_extended_profile": false, "profile_use_background_image": true, "default_profile_image": false, "id": 4820664123, "profile_background_image_url_https": null, "verified": false, "translator_type": "none", "profile_text_color": "333333", "profile_image_url_https": "https://pbs.twimg.com/profile_images/689054604135301120/97W-wpbK_normal.jpg", "profile_sidebar_fill_color": "DDEEF6", "entities": {"description": {"urls": []}}, "followers_count": 3, "profile_sidebar_border_color": "C0DEED", "id_str": "4820664123", "profile_background_color": "F5F8FA", "listed_count": 0, "is_translation_enabled": false, "utc_offset": null, "statuses_count": 7, "description": "", "friends_count": 36, "location": "", "profile_link_color": "1DA1F2", "profile_image_url": "http://pbs.twimg.com/profile_images/689054604135301120/97W-wpbK_normal.jpg", "following": false, "geo_enabled": false, "profile_background_image_url": null, "screen_name": "be17068", "lang": "it", "profile_background_tile": false, "favourites_count": 3, "name": "andrea", "notifications": false, "url": null, "created_at": "Sun Jan 17 10:40:59 +0000 2016", "contributors_enabled": false, "time_zone": null, "protected": false, "default_profile": true, "is_translator": false}, "geo": null, "in_reply_to_user_id_str": "14159640", "lang": "en", "created_at": "Fri Feb 02 06:54:26 +0000 2018", "in_reply_to_status_id_str": "959209937174806528", "place": null, "metadata": {"iso_language_code": "en", "result_type": "recent"}}]}