{"search_metadata": {"count": 100, "completed_in": 0.065, "max_id_str": "966868202646011904", "since_id_str": "0", "refresh_url": "?since_id=966868202646011904&q=ice40", "since_id": 0, "query": "ice40", "max_id": 966868202646011904}, "statuses": [{"contributors": null, "truncated": false, "text": "Mouser ships Lattice Semiconductor\u2019s iCE40 Ult https://t.co/m8AxTqvxB1 #componentsconnectors #latestnews #technews https://t.co/epxFVGi0cz", "is_quote_status": false, "in_reply_to_status_id": null, "id": 966868202646011904, "favorite_count": 0, "retweeted": false, "coordinates": null, "source": "<a href=\"http://www.ajaymatharu.com/\" rel=\"nofollow\">Tweet Old Post</a>", "in_reply_to_screen_name": null, "in_reply_to_user_id": null, "retweet_count": 0, "id_str": "966868202646011904", "favorited": false, "user": {"follow_request_sent": false, "has_extended_profile": false, "profile_use_background_image": false, "default_profile_image": false, "id": 951498600, "profile_background_image_url_https": "https://pbs.twimg.com/profile_background_images/812699188/e710a719643f0914c15e6020245034e5.png", "verified": false, "translator_type": "none", "profile_text_color": "333333", "profile_image_url_https": "https://pbs.twimg.com/profile_images/925769626243477504/VF5-Hj91_normal.jpg", "profile_sidebar_fill_color": "DDEEF6", "entities": {"url": {"urls": [{"url": "https://t.co/Kk9cbJGm5N", "indices": [0, 23], "expanded_url": "http://www.softei.com", "display_url": "softei.com"}]}, "description": {"urls": [{"url": "https://t.co/lqUcCwtUef", "indices": [0, 23], "expanded_url": "http://Softei.com", "display_url": "Softei.com"}]}}, "followers_count": 1572, "profile_sidebar_border_color": "FFFFFF", "id_str": "951498600", "profile_background_color": "C0DEED", "listed_count": 25, "is_translation_enabled": false, "utc_offset": 0, "statuses_count": 30126, "description": "https://t.co/lqUcCwtUef For Whats New in the Electronics Industry, Promotions, Competitions plus the latest industry developments.", "friends_count": 3308, "location": "", "profile_link_color": "5E93CC", "profile_image_url": "http://pbs.twimg.com/profile_images/925769626243477504/VF5-Hj91_normal.jpg", "following": false, "geo_enabled": false, "profile_banner_url": "https://pbs.twimg.com/profile_banners/951498600/1509555656", "profile_background_image_url": "http://pbs.twimg.com/profile_background_images/812699188/e710a719643f0914c15e6020245034e5.png", "screen_name": "SofteiCom", "lang": "en", "profile_background_tile": false, "favourites_count": 9546, "name": "Softei.Com", "notifications": false, "url": "https://t.co/Kk9cbJGm5N", "created_at": "Fri Nov 16 11:33:08 +0000 2012", "contributors_enabled": false, "time_zone": "London", "protected": false, "default_profile": false, "is_translator": false}, "geo": null, "in_reply_to_user_id_str": null, "possibly_sensitive": false, "lang": "en", "created_at": "Fri Feb 23 02:51:57 +0000 2018", "in_reply_to_status_id_str": null, "place": null, "metadata": {"iso_language_code": "en", "result_type": "recent"}}, {"contributors": null, "truncated": false, "text": "@Foone should be entirely doable w/an ARM SoC or an iCE40 FPGA + a YM2608 or a YMF262.", "is_quote_status": false, "in_reply_to_status_id": 966831153888964608, "id": 966834871200047104, "favorite_count": 0, "retweeted": false, "coordinates": null, "source": "<a href=\"https://mobile.twitter.com\" rel=\"nofollow\">Twitter Lite</a>", "in_reply_to_screen_name": "Foone", "in_reply_to_user_id": 13502732, "retweet_count": 0, "id_str": "966834871200047104", "favorited": false, "user": {"follow_request_sent": false, "has_extended_profile": false, "profile_use_background_image": true, "default_profile_image": false, "id": 1424909737, "profile_background_image_url_https": "https://pbs.twimg.com/profile_background_images/902966409281589248/_d2ub6lZ.jpg", "verified": false, "translator_type": "none", "profile_text_color": "000000", "profile_image_url_https": "https://pbs.twimg.com/profile_images/3653375765/2182cad9c01d36a072b80784d9c66f59_normal.jpeg", "profile_sidebar_fill_color": "000000", "entities": {"description": {"urls": []}}, "followers_count": 916, "profile_sidebar_border_color": "000000", "id_str": "1424909737", "profile_background_color": "000000", "listed_count": 73, "is_translation_enabled": false, "utc_offset": -21600, "statuses_count": 37597, "description": "I largely tweet about: bad code, audio, numerical analysis, physics, chemistry, radio &amp; the Voyager space probes. Ace.", "friends_count": 499, "location": "", "profile_link_color": "000000", "profile_image_url": "http://pbs.twimg.com/profile_images/3653375765/2182cad9c01d36a072b80784d9c66f59_normal.jpeg", "following": false, "geo_enabled": false, "profile_banner_url": "https://pbs.twimg.com/profile_banners/1424909737/1504121158", "profile_background_image_url": "http://pbs.twimg.com/profile_background_images/902966409281589248/_d2ub6lZ.jpg", "screen_name": "bofh453", "lang": "en", "profile_background_tile": false, "favourites_count": 78984, "name": "Peter Barfuss \ud808\udc31", "notifications": false, "url": null, "created_at": "Mon May 13 07:44:22 +0000 2013", "contributors_enabled": false, "time_zone": "Central Time (US & Canada)", "protected": false, "default_profile": false, "is_translator": false}, "geo": null, "in_reply_to_user_id_str": "13502732", "lang": "en", "created_at": "Fri Feb 23 00:39:30 +0000 2018", "in_reply_to_status_id_str": "966831153888964608", "place": null, "metadata": {"iso_language_code": "en", "result_type": "recent"}}, {"contributors": null, "truncated": true, "text": "As I lay out the memory map for this 65C02 + lattice ICE40 system I'm designing, I realize this is going to be an i\u2026 https://t.co/f2Me3SMhdV", "is_quote_status": false, "in_reply_to_status_id": null, "id": 966392606589583360, "favorite_count": 1, "retweeted": false, "coordinates": null, "source": "<a href=\"http://twitter.com\" rel=\"nofollow\">Twitter Web Client</a>", "in_reply_to_screen_name": null, "in_reply_to_user_id": null, "retweet_count": 0, "id_str": "966392606589583360", "favorited": false, "user": {"follow_request_sent": false, "has_extended_profile": false, "profile_use_background_image": true, "default_profile_image": false, "id": 762386593697136641, "profile_background_image_url_https": null, "verified": false, "translator_type": "none", "profile_text_color": "333333", "profile_image_url_https": "https://pbs.twimg.com/profile_images/762389908262576129/LmgajM3S_normal.jpg", "profile_sidebar_fill_color": "DDEEF6", "entities": {"url": {"urls": [{"url": "https://t.co/YStCI9cr2E", "indices": [0, 23], "expanded_url": "http://Voidptr.org", "display_url": "Voidptr.org"}]}, "description": {"urls": []}}, "followers_count": 40, "profile_sidebar_border_color": "C0DEED", "id_str": "762386593697136641", "profile_background_color": "F5F8FA", "listed_count": 1, "is_translation_enabled": false, "utc_offset": -28800, "statuses_count": 317, "description": "", "friends_count": 74, "location": "", "profile_link_color": "1DA1F2", "profile_image_url": "http://pbs.twimg.com/profile_images/762389908262576129/LmgajM3S_normal.jpg", "following": false, "geo_enabled": false, "profile_background_image_url": null, "screen_name": "Errant_Libraria", "lang": "en", "profile_background_tile": false, "favourites_count": 286, "name": "Errant Librarian", "notifications": false, "url": "https://t.co/YStCI9cr2E", "created_at": "Sun Aug 07 20:35:03 +0000 2016", "contributors_enabled": false, "time_zone": "Pacific Time (US & Canada)", "protected": false, "default_profile": true, "is_translator": false}, "geo": null, "in_reply_to_user_id_str": null, "lang": "en", "created_at": "Wed Feb 21 19:22:06 +0000 2018", "in_reply_to_status_id_str": null, "place": null, "metadata": {"iso_language_code": "en", "result_type": "recent"}}, {"contributors": null, "truncated": false, "text": "RT @trc_wm: Finished the Verilog code for the PS/2 keyboard: @alangarf and I now have a stand-alone Apple 1 with BASIC. #FPGA #TerasicDE0 a\u2026", "is_quote_status": false, "in_reply_to_status_id": null, "id": 966333148954021889, "favorite_count": 0, "retweeted": false, "coordinates": null, "source": "<a href=\"http://twitter.com\" rel=\"nofollow\">Twitter Web Client</a>", "in_reply_to_screen_name": null, "in_reply_to_user_id": null, "retweet_count": 11, "id_str": "966333148954021889", "favorited": false, "retweeted_status": {"contributors": null, "truncated": true, "text": "Finished the Verilog code for the PS/2 keyboard: @alangarf and I now have a stand-alone Apple 1 with BASIC. #FPGA\u2026 https://t.co/BwD7rUgZat", "is_quote_status": false, "in_reply_to_status_id": null, "id": 961728584124633089, "favorite_count": 60, "retweeted": false, "coordinates": null, "source": "<a href=\"http://twitter.com\" rel=\"nofollow\">Twitter Web Client</a>", "in_reply_to_screen_name": null, "in_reply_to_user_id": null, "retweet_count": 11, "id_str": "961728584124633089", "favorited": false, "user": {"follow_request_sent": false, "has_extended_profile": false, "profile_use_background_image": false, "default_profile_image": false, "id": 128974633, "profile_background_image_url_https": "https://pbs.twimg.com/profile_background_images/88526950/background-clip-art-red.jpg", "verified": false, "translator_type": "none", "profile_text_color": "333333", "profile_image_url_https": "https://pbs.twimg.com/profile_images/901133865414209536/h5PlosXD_normal.jpg", "profile_sidebar_fill_color": "EFEFEF", "entities": {"url": {"urls": [{"url": "http://t.co/UPwGcYgL0Z", "indices": [0, 22], "expanded_url": "http://namoseley.wordpress.com/", "display_url": "namoseley.wordpress.com"}]}, "description": {"urls": []}}, "followers_count": 364, "profile_sidebar_border_color": "EEEEEE", "id_str": "128974633", "profile_background_color": "488FE0", "listed_count": 21, "is_translation_enabled": false, "utc_offset": -10800, "statuses_count": 7491, "description": "EE PhD, Audio/Synth/Wireless comms/DSP/Embedded/FPGA/ASIC/Retro enthusiast, PA1DSP, occasional musician. @MoseleyInstr", "friends_count": 297, "location": "Limbo", "profile_link_color": "009999", "profile_image_url": "http://pbs.twimg.com/profile_images/901133865414209536/h5PlosXD_normal.jpg", "following": false, "geo_enabled": false, "profile_background_image_url": "http://pbs.twimg.com/profile_background_images/88526950/background-clip-art-red.jpg", "screen_name": "trc_wm", "lang": "en", "profile_background_tile": false, "favourites_count": 3983, "name": "Niels Moseley", "notifications": false, "url": "http://t.co/UPwGcYgL0Z", "created_at": "Fri Apr 02 19:59:06 +0000 2010", "contributors_enabled": false, "time_zone": "Greenland", "protected": false, "default_profile": false, "is_translator": false}, "geo": null, "in_reply_to_user_id_str": null, "possibly_sensitive": false, "lang": "en", "created_at": "Thu Feb 08 22:28:57 +0000 2018", "in_reply_to_status_id_str": null, "place": null, "metadata": {"iso_language_code": "en", "result_type": "recent"}}, "user": {"follow_request_sent": false, "has_extended_profile": false, "profile_use_background_image": true, "default_profile_image": false, "id": 4784087996, "profile_background_image_url_https": "https://pbs.twimg.com/profile_background_images/689465172780408834/Uc1lwU-E.png", "verified": false, "translator_type": "none", "profile_text_color": "000000", "profile_image_url_https": "https://pbs.twimg.com/profile_images/689460000461221892/2qwdiB1o_normal.png", "profile_sidebar_fill_color": "000000", "entities": {"url": {"urls": [{"url": "https://t.co/maMK0lZDrN", "indices": [0, 23], "expanded_url": "http://www.icoboard.org", "display_url": "icoboard.org"}]}, "description": {"urls": []}}, "followers_count": 1486, "profile_sidebar_border_color": "000000", "id_str": "4784087996", "profile_background_color": "000000", "listed_count": 60, "is_translation_enabled": false, "utc_offset": 3600, "statuses_count": 5917, "description": "News about Yosys, ArachnePnR, icetools, SymbiFlow, SymbiYosys. Open Source FPGA tools for Lattice-ice40 and Xilinx-Series7 FPGAs  and boards.", "friends_count": 386, "location": "", "profile_link_color": "DD2E44", "profile_image_url": "http://pbs.twimg.com/profile_images/689460000461221892/2qwdiB1o_normal.png", "following": true, "geo_enabled": false, "profile_banner_url": "https://pbs.twimg.com/profile_banners/4784087996/1453216123", "profile_background_image_url": "http://pbs.twimg.com/profile_background_images/689465172780408834/Uc1lwU-E.png", "screen_name": "ico_TC", "lang": "de", "profile_background_tile": true, "favourites_count": 410, "name": "icoTC @EmbeddedWorld", "notifications": false, "url": "https://t.co/maMK0lZDrN", "created_at": "Tue Jan 19 14:42:43 +0000 2016", "contributors_enabled": false, "time_zone": "Vienna", "protected": false, "default_profile": false, "is_translator": false}, "geo": null, "in_reply_to_user_id_str": null, "lang": "en", "created_at": "Wed Feb 21 15:25:50 +0000 2018", "in_reply_to_status_id_str": null, "place": null, "metadata": {"iso_language_code": "en", "result_type": "recent"}}, {"contributors": null, "truncated": false, "text": "RT @trc_wm: Finished the Verilog code for the PS/2 keyboard: @alangarf and I now have a stand-alone Apple 1 with BASIC. #FPGA #TerasicDE0 a\u2026", "is_quote_status": false, "in_reply_to_status_id": null, "id": 966282068496928769, "favorite_count": 0, "retweeted": false, "coordinates": null, "source": "<a href=\"http://twitter.com/download/iphone\" rel=\"nofollow\">Twitter for iPhone</a>", "in_reply_to_screen_name": null, "in_reply_to_user_id": null, "retweet_count": 11, "id_str": "966282068496928769", "favorited": false, "retweeted_status": {"contributors": null, "truncated": true, "text": "Finished the Verilog code for the PS/2 keyboard: @alangarf and I now have a stand-alone Apple 1 with BASIC. #FPGA\u2026 https://t.co/BwD7rUgZat", "is_quote_status": false, "in_reply_to_status_id": null, "id": 961728584124633089, "favorite_count": 60, "retweeted": false, "coordinates": null, "source": "<a href=\"http://twitter.com\" rel=\"nofollow\">Twitter Web Client</a>", "in_reply_to_screen_name": null, "in_reply_to_user_id": null, "retweet_count": 11, "id_str": "961728584124633089", "favorited": false, "user": {"follow_request_sent": false, "has_extended_profile": false, "profile_use_background_image": false, "default_profile_image": false, "id": 128974633, "profile_background_image_url_https": "https://pbs.twimg.com/profile_background_images/88526950/background-clip-art-red.jpg", "verified": false, "translator_type": "none", "profile_text_color": "333333", "profile_image_url_https": "https://pbs.twimg.com/profile_images/901133865414209536/h5PlosXD_normal.jpg", "profile_sidebar_fill_color": "EFEFEF", "entities": {"url": {"urls": [{"url": "http://t.co/UPwGcYgL0Z", "indices": [0, 22], "expanded_url": "http://namoseley.wordpress.com/", "display_url": "namoseley.wordpress.com"}]}, "description": {"urls": []}}, "followers_count": 364, "profile_sidebar_border_color": "EEEEEE", "id_str": "128974633", "profile_background_color": "488FE0", "listed_count": 21, "is_translation_enabled": false, "utc_offset": -10800, "statuses_count": 7491, "description": "EE PhD, Audio/Synth/Wireless comms/DSP/Embedded/FPGA/ASIC/Retro enthusiast, PA1DSP, occasional musician. @MoseleyInstr", "friends_count": 297, "location": "Limbo", "profile_link_color": "009999", "profile_image_url": "http://pbs.twimg.com/profile_images/901133865414209536/h5PlosXD_normal.jpg", "following": false, "geo_enabled": false, "profile_background_image_url": "http://pbs.twimg.com/profile_background_images/88526950/background-clip-art-red.jpg", "screen_name": "trc_wm", "lang": "en", "profile_background_tile": false, "favourites_count": 3983, "name": "Niels Moseley", "notifications": false, "url": "http://t.co/UPwGcYgL0Z", "created_at": "Fri Apr 02 19:59:06 +0000 2010", "contributors_enabled": false, "time_zone": "Greenland", "protected": false, "default_profile": false, "is_translator": false}, "geo": null, "in_reply_to_user_id_str": null, "possibly_sensitive": false, "lang": "en", "created_at": "Thu Feb 08 22:28:57 +0000 2018", "in_reply_to_status_id_str": null, "place": null, "metadata": {"iso_language_code": "en", "result_type": "recent"}}, "user": {"follow_request_sent": false, "has_extended_profile": false, "profile_use_background_image": true, "default_profile_image": false, "id": 3045531, "profile_background_image_url_https": "https://pbs.twimg.com/profile_background_images/93534156/big5.jpg", "verified": false, "translator_type": "none", "profile_text_color": "333333", "profile_image_url_https": "https://pbs.twimg.com/profile_images/830263962868518912/TzSSP6aI_normal.jpg", "profile_sidebar_fill_color": "C0DFEC", "entities": {"description": {"urls": []}}, "followers_count": 368, "profile_sidebar_border_color": "A8C7F7", "id_str": "3045531", "profile_background_color": "022330", "listed_count": 298, "is_translation_enabled": false, "utc_offset": -18000, "statuses_count": 50009, "description": "Software, as one does. Experienced in real-time analytics, distributed systems, finance, embedded/medical. I like \u2615\ufe0f and new music. Opinions are my own.", "friends_count": 1987, "location": "3,045,531", "profile_link_color": "0084B4", "profile_image_url": "http://pbs.twimg.com/profile_images/830263962868518912/TzSSP6aI_normal.jpg", "following": false, "geo_enabled": false, "profile_banner_url": "https://pbs.twimg.com/profile_banners/3045531/1348583599", "profile_background_image_url": "http://pbs.twimg.com/profile_background_images/93534156/big5.jpg", "screen_name": "jmsl", "lang": "en", "profile_background_tile": false, "favourites_count": 2255, "name": "Mark to Markov Chain", "notifications": false, "url": null, "created_at": "Sat Mar 31 07:27:28 +0000 2007", "contributors_enabled": false, "time_zone": "Eastern Time (US & Canada)", "protected": false, "default_profile": false, "is_translator": false}, "geo": null, "in_reply_to_user_id_str": null, "lang": "en", "created_at": "Wed Feb 21 12:02:52 +0000 2018", "in_reply_to_status_id_str": null, "place": null, "metadata": {"iso_language_code": "en", "result_type": "recent"}}, {"contributors": null, "truncated": false, "text": "RT @trc_wm: Finished the Verilog code for the PS/2 keyboard: @alangarf and I now have a stand-alone Apple 1 with BASIC. #FPGA #TerasicDE0 a\u2026", "is_quote_status": false, "in_reply_to_status_id": null, "id": 966272702293184512, "favorite_count": 0, "retweeted": false, "coordinates": null, "source": "<a href=\"http://twitter.com/download/android\" rel=\"nofollow\">Twitter for Android</a>", "in_reply_to_screen_name": null, "in_reply_to_user_id": null, "retweet_count": 11, "id_str": "966272702293184512", "favorited": false, "retweeted_status": {"contributors": null, "truncated": true, "text": "Finished the Verilog code for the PS/2 keyboard: @alangarf and I now have a stand-alone Apple 1 with BASIC. #FPGA\u2026 https://t.co/BwD7rUgZat", "is_quote_status": false, "in_reply_to_status_id": null, "id": 961728584124633089, "favorite_count": 60, "retweeted": false, "coordinates": null, "source": "<a href=\"http://twitter.com\" rel=\"nofollow\">Twitter Web Client</a>", "in_reply_to_screen_name": null, "in_reply_to_user_id": null, "retweet_count": 11, "id_str": "961728584124633089", "favorited": false, "user": {"follow_request_sent": false, "has_extended_profile": false, "profile_use_background_image": false, "default_profile_image": false, "id": 128974633, "profile_background_image_url_https": "https://pbs.twimg.com/profile_background_images/88526950/background-clip-art-red.jpg", "verified": false, "translator_type": "none", "profile_text_color": "333333", "profile_image_url_https": "https://pbs.twimg.com/profile_images/901133865414209536/h5PlosXD_normal.jpg", "profile_sidebar_fill_color": "EFEFEF", "entities": {"url": {"urls": [{"url": "http://t.co/UPwGcYgL0Z", "indices": [0, 22], "expanded_url": "http://namoseley.wordpress.com/", "display_url": "namoseley.wordpress.com"}]}, "description": {"urls": []}}, "followers_count": 364, "profile_sidebar_border_color": "EEEEEE", "id_str": "128974633", "profile_background_color": "488FE0", "listed_count": 21, "is_translation_enabled": false, "utc_offset": -10800, "statuses_count": 7491, "description": "EE PhD, Audio/Synth/Wireless comms/DSP/Embedded/FPGA/ASIC/Retro enthusiast, PA1DSP, occasional musician. @MoseleyInstr", "friends_count": 297, "location": "Limbo", "profile_link_color": "009999", "profile_image_url": "http://pbs.twimg.com/profile_images/901133865414209536/h5PlosXD_normal.jpg", "following": false, "geo_enabled": false, "profile_background_image_url": "http://pbs.twimg.com/profile_background_images/88526950/background-clip-art-red.jpg", "screen_name": "trc_wm", "lang": "en", "profile_background_tile": false, "favourites_count": 3983, "name": "Niels Moseley", "notifications": false, "url": "http://t.co/UPwGcYgL0Z", "created_at": "Fri Apr 02 19:59:06 +0000 2010", "contributors_enabled": false, "time_zone": "Greenland", "protected": false, "default_profile": false, "is_translator": false}, "geo": null, "in_reply_to_user_id_str": null, "possibly_sensitive": false, "lang": "en", "created_at": "Thu Feb 08 22:28:57 +0000 2018", "in_reply_to_status_id_str": null, "place": null, "metadata": {"iso_language_code": "en", "result_type": "recent"}}, "user": {"follow_request_sent": false, "has_extended_profile": true, "profile_use_background_image": false, "default_profile_image": false, "id": 2821368996, "profile_background_image_url_https": "https://abs.twimg.com/images/themes/theme1/bg.png", "verified": false, "translator_type": "none", "profile_text_color": "000000", "profile_image_url_https": "https://pbs.twimg.com/profile_images/513243501031469056/XDXzTZMC_normal.png", "profile_sidebar_fill_color": "000000", "entities": {"url": {"urls": [{"url": "https://t.co/WNjfdYh7wz", "indices": [0, 23], "expanded_url": "http://www.clifford.at/", "display_url": "clifford.at"}]}, "description": {"urls": []}}, "followers_count": 2419, "profile_sidebar_border_color": "000000", "id_str": "2821368996", "profile_background_color": "ABB8C2", "listed_count": 48, "is_translation_enabled": false, "utc_offset": 3600, "statuses_count": 5243, "description": "FOSS | EE | C/C++, Verilog, Python | Math, CS | GPGPUs | FPGAs | RISC-V, PicoRV32 | SAT, SMT, ML | Yosys, IceStorm, OpenSCAD | eevidtron, cliffordvienna", "friends_count": 367, "location": "Vienna", "profile_link_color": "E81C4F", "profile_image_url": "http://pbs.twimg.com/profile_images/513243501031469056/XDXzTZMC_normal.png", "following": true, "geo_enabled": false, "profile_banner_url": "https://pbs.twimg.com/profile_banners/2821368996/1518875672", "profile_background_image_url": "http://abs.twimg.com/images/themes/theme1/bg.png", "screen_name": "oe1cxw", "lang": "en", "profile_background_tile": false, "favourites_count": 15491, "name": "Clifford Wolf", "notifications": false, "url": "https://t.co/WNjfdYh7wz", "created_at": "Sat Sep 20 08:23:07 +0000 2014", "contributors_enabled": false, "time_zone": "Ljubljana", "protected": false, "default_profile": false, "is_translator": false}, "geo": null, "in_reply_to_user_id_str": null, "lang": "en", "created_at": "Wed Feb 21 11:25:39 +0000 2018", "in_reply_to_status_id_str": null, "place": null, "metadata": {"iso_language_code": "en", "result_type": "recent"}}, {"contributors": null, "truncated": false, "text": "RT @njrabit: @Tursilion Never looked at their official tools but arachne-pnr/icestorm for the ice40 is a really exceptional toolset, full i\u2026", "is_quote_status": false, "in_reply_to_status_id": null, "id": 966272307743293440, "favorite_count": 0, "retweeted": false, "coordinates": null, "source": "<a href=\"http://twitter.com/download/android\" rel=\"nofollow\">Twitter for Android</a>", "in_reply_to_screen_name": null, "in_reply_to_user_id": null, "retweet_count": 1, "id_str": "966272307743293440", "favorited": false, "retweeted_status": {"contributors": null, "truncated": true, "text": "@Tursilion Never looked at their official tools but arachne-pnr/icestorm for the ice40 is a really exceptional tool\u2026 https://t.co/BUWR8Ts0rZ", "is_quote_status": false, "in_reply_to_status_id": 962584318043291649, "id": 962608670281314304, "favorite_count": 3, "retweeted": false, "coordinates": null, "source": "<a href=\"http://twitter.com/#!/download/ipad\" rel=\"nofollow\">Twitter for iPad</a>", "in_reply_to_screen_name": "Tursilion", "in_reply_to_user_id": 580749197, "retweet_count": 1, "id_str": "962608670281314304", "favorited": false, "user": {"follow_request_sent": false, "has_extended_profile": false, "profile_use_background_image": false, "default_profile_image": false, "id": 51980893, "profile_background_image_url_https": "https://abs.twimg.com/images/themes/theme19/bg.gif", "verified": false, "translator_type": "none", "profile_text_color": "000000", "profile_image_url_https": "https://pbs.twimg.com/profile_images/924457963670028289/VubkQnzT_normal.jpg", "profile_sidebar_fill_color": "000000", "entities": {"description": {"urls": []}}, "followers_count": 1026, "profile_sidebar_border_color": "000000", "id_str": "51980893", "profile_background_color": "000000", "listed_count": 72, "is_translation_enabled": false, "utc_offset": -28800, "statuses_count": 31706, "description": "#gamedev #guitar #fpga #electronics #fpga #notmypresident #notyourpresident #nobodiespresident #fucktheGOP", "friends_count": 2015, "location": "", "profile_link_color": "F58EA8", "profile_image_url": "http://pbs.twimg.com/profile_images/924457963670028289/VubkQnzT_normal.jpg", "following": false, "geo_enabled": true, "profile_banner_url": "https://pbs.twimg.com/profile_banners/51980893/1509242987", "profile_background_image_url": "http://abs.twimg.com/images/themes/theme19/bg.gif", "screen_name": "njrabit", "lang": "en", "profile_background_tile": false, "favourites_count": 3932, "name": "Bun E. Brewster", "notifications": false, "url": null, "created_at": "Mon Jun 29 06:20:52 +0000 2009", "contributors_enabled": false, "time_zone": "Pacific Time (US & Canada)", "protected": false, "default_profile": false, "is_translator": false}, "geo": null, "in_reply_to_user_id_str": "580749197", "lang": "en", "created_at": "Sun Feb 11 08:46:06 +0000 2018", "in_reply_to_status_id_str": "962584318043291649", "place": null, "metadata": {"iso_language_code": "en", "result_type": "recent"}}, "user": {"follow_request_sent": false, "has_extended_profile": true, "profile_use_background_image": false, "default_profile_image": false, "id": 2821368996, "profile_background_image_url_https": "https://abs.twimg.com/images/themes/theme1/bg.png", "verified": false, "translator_type": "none", "profile_text_color": "000000", "profile_image_url_https": "https://pbs.twimg.com/profile_images/513243501031469056/XDXzTZMC_normal.png", "profile_sidebar_fill_color": "000000", "entities": {"url": {"urls": [{"url": "https://t.co/WNjfdYh7wz", "indices": [0, 23], "expanded_url": "http://www.clifford.at/", "display_url": "clifford.at"}]}, "description": {"urls": []}}, "followers_count": 2419, "profile_sidebar_border_color": "000000", "id_str": "2821368996", "profile_background_color": "ABB8C2", "listed_count": 48, "is_translation_enabled": false, "utc_offset": 3600, "statuses_count": 5243, "description": "FOSS | EE | C/C++, Verilog, Python | Math, CS | GPGPUs | FPGAs | RISC-V, PicoRV32 | SAT, SMT, ML | Yosys, IceStorm, OpenSCAD | eevidtron, cliffordvienna", "friends_count": 367, "location": "Vienna", "profile_link_color": "E81C4F", "profile_image_url": "http://pbs.twimg.com/profile_images/513243501031469056/XDXzTZMC_normal.png", "following": true, "geo_enabled": false, "profile_banner_url": "https://pbs.twimg.com/profile_banners/2821368996/1518875672", "profile_background_image_url": "http://abs.twimg.com/images/themes/theme1/bg.png", "screen_name": "oe1cxw", "lang": "en", "profile_background_tile": false, "favourites_count": 15491, "name": "Clifford Wolf", "notifications": false, "url": "https://t.co/WNjfdYh7wz", "created_at": "Sat Sep 20 08:23:07 +0000 2014", "contributors_enabled": false, "time_zone": "Ljubljana", "protected": false, "default_profile": false, "is_translator": false}, "geo": null, "in_reply_to_user_id_str": null, "lang": "en", "created_at": "Wed Feb 21 11:24:05 +0000 2018", "in_reply_to_status_id_str": null, "place": null, "metadata": {"iso_language_code": "en", "result_type": "recent"}}, {"contributors": null, "truncated": false, "text": "Mouser ships Lattice Semiconductor\u2019s iCE40 Ult https://t.co/m8AxTqvxB1 #componentsconnectors #latestnews #technews https://t.co/YXStmdXJw4", "is_quote_status": false, "in_reply_to_status_id": null, "id": 965665075800477696, "favorite_count": 0, "retweeted": false, "coordinates": null, "source": "<a href=\"http://www.ajaymatharu.com/\" rel=\"nofollow\">Tweet Old Post</a>", "in_reply_to_screen_name": null, "in_reply_to_user_id": null, "retweet_count": 0, "id_str": "965665075800477696", "favorited": false, "user": {"follow_request_sent": false, "has_extended_profile": false, "profile_use_background_image": false, "default_profile_image": false, "id": 951498600, "profile_background_image_url_https": "https://pbs.twimg.com/profile_background_images/812699188/e710a719643f0914c15e6020245034e5.png", "verified": false, "translator_type": "none", "profile_text_color": "333333", "profile_image_url_https": "https://pbs.twimg.com/profile_images/925769626243477504/VF5-Hj91_normal.jpg", "profile_sidebar_fill_color": "DDEEF6", "entities": {"url": {"urls": [{"url": "https://t.co/Kk9cbJGm5N", "indices": [0, 23], "expanded_url": "http://www.softei.com", "display_url": "softei.com"}]}, "description": {"urls": [{"url": "https://t.co/lqUcCwtUef", "indices": [0, 23], "expanded_url": "http://Softei.com", "display_url": "Softei.com"}]}}, "followers_count": 1572, "profile_sidebar_border_color": "FFFFFF", "id_str": "951498600", "profile_background_color": "C0DEED", "listed_count": 25, "is_translation_enabled": false, "utc_offset": 0, "statuses_count": 30126, "description": "https://t.co/lqUcCwtUef For Whats New in the Electronics Industry, Promotions, Competitions plus the latest industry developments.", "friends_count": 3308, "location": "", "profile_link_color": "5E93CC", "profile_image_url": "http://pbs.twimg.com/profile_images/925769626243477504/VF5-Hj91_normal.jpg", "following": false, "geo_enabled": false, "profile_banner_url": "https://pbs.twimg.com/profile_banners/951498600/1509555656", "profile_background_image_url": "http://pbs.twimg.com/profile_background_images/812699188/e710a719643f0914c15e6020245034e5.png", "screen_name": "SofteiCom", "lang": "en", "profile_background_tile": false, "favourites_count": 9546, "name": "Softei.Com", "notifications": false, "url": "https://t.co/Kk9cbJGm5N", "created_at": "Fri Nov 16 11:33:08 +0000 2012", "contributors_enabled": false, "time_zone": "London", "protected": false, "default_profile": false, "is_translator": false}, "geo": null, "in_reply_to_user_id_str": null, "possibly_sensitive": false, "lang": "en", "created_at": "Mon Feb 19 19:11:09 +0000 2018", "in_reply_to_status_id_str": null, "place": null, "metadata": {"iso_language_code": "en", "result_type": "recent"}}, {"contributors": null, "truncated": false, "text": "RT @folknology: @TinyFPGA @mvigliar Thanks Luke I would love to get this working on #myStorm BlackIce II when you have made some more progr\u2026", "is_quote_status": false, "in_reply_to_status_id": null, "id": 965626217851424768, "favorite_count": 0, "retweeted": false, "coordinates": null, "source": "<a href=\"http://twitter.com/download/android\" rel=\"nofollow\">Twitter for Android</a>", "in_reply_to_screen_name": null, "in_reply_to_user_id": null, "retweet_count": 1, "id_str": "965626217851424768", "favorited": false, "retweeted_status": {"contributors": null, "truncated": true, "text": "@TinyFPGA @mvigliar Thanks Luke I would love to get this working on #myStorm BlackIce II when you have made some mo\u2026 https://t.co/cFNtOmghiw", "is_quote_status": false, "in_reply_to_status_id": 965610153587322880, "id": 965616938742419458, "favorite_count": 2, "retweeted": false, "coordinates": null, "source": "<a href=\"http://twitter.com\" rel=\"nofollow\">Twitter Web Client</a>", "in_reply_to_screen_name": "TinyFPGA", "in_reply_to_user_id": 915976368571027457, "retweet_count": 1, "id_str": "965616938742419458", "favorited": false, "user": {"follow_request_sent": false, "has_extended_profile": false, "profile_use_background_image": true, "default_profile_image": false, "id": 805758, "profile_background_image_url_https": "https://abs.twimg.com/images/themes/theme14/bg.gif", "verified": false, "translator_type": "none", "profile_text_color": "333333", "profile_image_url_https": "https://pbs.twimg.com/profile_images/718343925/me-17-4-09_normal.jpg", "profile_sidebar_fill_color": "EFEFEF", "entities": {"url": {"urls": [{"url": "http://t.co/gLJFyuxXL4", "indices": [0, 22], "expanded_url": "http://folknologylabs.wordpress.com/", "display_url": "folknologylabs.wordpress.com"}]}, "description": {"urls": []}}, "followers_count": 1370, "profile_sidebar_border_color": "EEEEEE", "id_str": "805758", "profile_background_color": "131516", "listed_count": 80, "is_translation_enabled": false, "utc_offset": 0, "statuses_count": 9265, "description": "Engineer of opensource hardware & software, practitioner of robotics, ML & embedded electronics, speaker of technologies & bit wrangler XC,C,Verilog, Python...", "friends_count": 937, "location": "UK", "profile_link_color": "009999", "profile_image_url": "http://pbs.twimg.com/profile_images/718343925/me-17-4-09_normal.jpg", "following": false, "geo_enabled": true, "profile_banner_url": "https://pbs.twimg.com/profile_banners/805758/1399036064", "profile_background_image_url": "http://abs.twimg.com/images/themes/theme14/bg.gif", "screen_name": "folknology", "lang": "en-gb", "profile_background_tile": true, "favourites_count": 666, "name": "Al", "notifications": false, "url": "http://t.co/gLJFyuxXL4", "created_at": "Fri Mar 02 09:11:32 +0000 2007", "contributors_enabled": false, "time_zone": "London", "protected": false, "default_profile": false, "is_translator": false}, "geo": null, "in_reply_to_user_id_str": "915976368571027457", "lang": "en", "created_at": "Mon Feb 19 15:59:53 +0000 2018", "in_reply_to_status_id_str": "965610153587322880", "place": null, "metadata": {"iso_language_code": "en", "result_type": "recent"}}, "user": {"follow_request_sent": false, "has_extended_profile": false, "profile_use_background_image": true, "default_profile_image": false, "id": 4784087996, "profile_background_image_url_https": "https://pbs.twimg.com/profile_background_images/689465172780408834/Uc1lwU-E.png", "verified": false, "translator_type": "none", "profile_text_color": "000000", "profile_image_url_https": "https://pbs.twimg.com/profile_images/689460000461221892/2qwdiB1o_normal.png", "profile_sidebar_fill_color": "000000", "entities": {"url": {"urls": [{"url": "https://t.co/maMK0lZDrN", "indices": [0, 23], "expanded_url": "http://www.icoboard.org", "display_url": "icoboard.org"}]}, "description": {"urls": []}}, "followers_count": 1486, "profile_sidebar_border_color": "000000", "id_str": "4784087996", "profile_background_color": "000000", "listed_count": 60, "is_translation_enabled": false, "utc_offset": 3600, "statuses_count": 5917, "description": "News about Yosys, ArachnePnR, icetools, SymbiFlow, SymbiYosys. Open Source FPGA tools for Lattice-ice40 and Xilinx-Series7 FPGAs  and boards.", "friends_count": 386, "location": "", "profile_link_color": "DD2E44", "profile_image_url": "http://pbs.twimg.com/profile_images/689460000461221892/2qwdiB1o_normal.png", "following": true, "geo_enabled": false, "profile_banner_url": "https://pbs.twimg.com/profile_banners/4784087996/1453216123", "profile_background_image_url": "http://pbs.twimg.com/profile_background_images/689465172780408834/Uc1lwU-E.png", "screen_name": "ico_TC", "lang": "de", "profile_background_tile": true, "favourites_count": 410, "name": "icoTC @EmbeddedWorld", "notifications": false, "url": "https://t.co/maMK0lZDrN", "created_at": "Tue Jan 19 14:42:43 +0000 2016", "contributors_enabled": false, "time_zone": "Vienna", "protected": false, "default_profile": false, "is_translator": false}, "geo": null, "in_reply_to_user_id_str": null, "lang": "en", "created_at": "Mon Feb 19 16:36:45 +0000 2018", "in_reply_to_status_id_str": null, "place": null, "metadata": {"iso_language_code": "en", "result_type": "recent"}}, {"contributors": null, "truncated": true, "text": "@TinyFPGA @mvigliar Thanks Luke I would love to get this working on #myStorm BlackIce II when you have made some mo\u2026 https://t.co/cFNtOmghiw", "is_quote_status": false, "in_reply_to_status_id": 965610153587322880, "id": 965616938742419458, "favorite_count": 2, "retweeted": false, "coordinates": null, "source": "<a href=\"http://twitter.com\" rel=\"nofollow\">Twitter Web Client</a>", "in_reply_to_screen_name": "TinyFPGA", "in_reply_to_user_id": 915976368571027457, "retweet_count": 1, "id_str": "965616938742419458", "favorited": false, "user": {"follow_request_sent": false, "has_extended_profile": false, "profile_use_background_image": true, "default_profile_image": false, "id": 805758, "profile_background_image_url_https": "https://abs.twimg.com/images/themes/theme14/bg.gif", "verified": false, "translator_type": "none", "profile_text_color": "333333", "profile_image_url_https": "https://pbs.twimg.com/profile_images/718343925/me-17-4-09_normal.jpg", "profile_sidebar_fill_color": "EFEFEF", "entities": {"url": {"urls": [{"url": "http://t.co/gLJFyuxXL4", "indices": [0, 22], "expanded_url": "http://folknologylabs.wordpress.com/", "display_url": "folknologylabs.wordpress.com"}]}, "description": {"urls": []}}, "followers_count": 1370, "profile_sidebar_border_color": "EEEEEE", "id_str": "805758", "profile_background_color": "131516", "listed_count": 80, "is_translation_enabled": false, "utc_offset": 0, "statuses_count": 9265, "description": "Engineer of opensource hardware & software, practitioner of robotics, ML & embedded electronics, speaker of technologies & bit wrangler XC,C,Verilog, Python...", "friends_count": 937, "location": "UK", "profile_link_color": "009999", "profile_image_url": "http://pbs.twimg.com/profile_images/718343925/me-17-4-09_normal.jpg", "following": false, "geo_enabled": true, "profile_banner_url": "https://pbs.twimg.com/profile_banners/805758/1399036064", "profile_background_image_url": "http://abs.twimg.com/images/themes/theme14/bg.gif", "screen_name": "folknology", "lang": "en-gb", "profile_background_tile": true, "favourites_count": 666, "name": "Al", "notifications": false, "url": "http://t.co/gLJFyuxXL4", "created_at": "Fri Mar 02 09:11:32 +0000 2007", "contributors_enabled": false, "time_zone": "London", "protected": false, "default_profile": false, "is_translator": false}, "geo": null, "in_reply_to_user_id_str": "915976368571027457", "lang": "en", "created_at": "Mon Feb 19 15:59:53 +0000 2018", "in_reply_to_status_id_str": "965610153587322880", "place": null, "metadata": {"iso_language_code": "en", "result_type": "recent"}}, {"contributors": null, "truncated": false, "text": "RT @latticesemi: Battery life is important to our connceted devices. With our iCE40 UltraPlus #FPGAs, you can extend the battery life of yo\u2026", "is_quote_status": false, "in_reply_to_status_id": null, "id": 965328121619730443, "favorite_count": 0, "retweeted": false, "coordinates": null, "source": "<a href=\"http://twitter.com/download/android\" rel=\"nofollow\">Twitter for Android</a>", "in_reply_to_screen_name": null, "in_reply_to_user_id": null, "retweet_count": 2, "id_str": "965328121619730443", "favorited": false, "retweeted_status": {"contributors": null, "truncated": true, "text": "Battery life is important to our connceted devices. With our iCE40 UltraPlus #FPGAs, you can extend the battery lif\u2026 https://t.co/jxJ9QGnIID", "is_quote_status": false, "in_reply_to_status_id": null, "id": 965323295792001025, "favorite_count": 3, "retweeted": false, "coordinates": null, "source": "<a href=\"http://sproutsocial.com\" rel=\"nofollow\">Sprout Social</a>", "in_reply_to_screen_name": null, "in_reply_to_user_id": null, "retweet_count": 2, "id_str": "965323295792001025", "favorited": false, "user": {"follow_request_sent": false, "has_extended_profile": true, "profile_use_background_image": true, "default_profile_image": false, "id": 40975045, "profile_background_image_url_https": "https://pbs.twimg.com/profile_background_images/423398696/Social-Media-Background-Image_2012.jpg", "verified": false, "translator_type": "none", "profile_text_color": "6E6868", "profile_image_url_https": "https://pbs.twimg.com/profile_images/1925947983/Lattice-Icon_bug-new_normal.png", "profile_sidebar_fill_color": "1F1A1B", "entities": {"url": {"urls": [{"url": "http://t.co/oWWZlheMH2", "indices": [0, 22], "expanded_url": "http://www.latticesemi.com", "display_url": "latticesemi.com"}]}, "description": {"urls": []}}, "followers_count": 4483, "profile_sidebar_border_color": "181A1E", "id_str": "40975045", "profile_background_color": "000000", "listed_count": 198, "is_translation_enabled": false, "utc_offset": -28800, "statuses_count": 2246, "description": "Lattice is the leading provider of ultra-low-power programmable ICs for smartphones, mobile devices, small-cells, industrial control, infotainment", "friends_count": 362, "location": "", "profile_link_color": "FFC222", "profile_image_url": "http://pbs.twimg.com/profile_images/1925947983/Lattice-Icon_bug-new_normal.png", "following": false, "geo_enabled": false, "profile_banner_url": "https://pbs.twimg.com/profile_banners/40975045/1487710600", "profile_background_image_url": "http://pbs.twimg.com/profile_background_images/423398696/Social-Media-Background-Image_2012.jpg", "screen_name": "latticesemi", "lang": "en", "profile_background_tile": false, "favourites_count": 391, "name": "Lattice Semi", "notifications": false, "url": "http://t.co/oWWZlheMH2", "created_at": "Mon May 18 21:37:22 +0000 2009", "contributors_enabled": false, "time_zone": "Pacific Time (US & Canada)", "protected": false, "default_profile": false, "is_translator": false}, "geo": null, "in_reply_to_user_id_str": null, "possibly_sensitive": false, "lang": "en", "created_at": "Sun Feb 18 20:33:03 +0000 2018", "in_reply_to_status_id_str": null, "place": null, "metadata": {"iso_language_code": "en", "result_type": "recent"}}, "user": {"follow_request_sent": false, "has_extended_profile": false, "profile_use_background_image": false, "default_profile_image": false, "id": 3397501899, "profile_background_image_url_https": "https://abs.twimg.com/images/themes/theme1/bg.png", "verified": false, "translator_type": "none", "profile_text_color": "000000", "profile_image_url_https": "https://pbs.twimg.com/profile_images/627240459673452544/IfY46zX0_normal.png", "profile_sidebar_fill_color": "000000", "entities": {"description": {"urls": []}}, "followers_count": 66, "profile_sidebar_border_color": "000000", "id_str": "3397501899", "profile_background_color": "000000", "listed_count": 1, "is_translation_enabled": false, "utc_offset": null, "statuses_count": 568, "description": "", "friends_count": 269, "location": "", "profile_link_color": "3B94D9", "profile_image_url": "http://pbs.twimg.com/profile_images/627240459673452544/IfY46zX0_normal.png", "following": false, "geo_enabled": false, "profile_banner_url": "https://pbs.twimg.com/profile_banners/3397501899/1438381287", "profile_background_image_url": "http://abs.twimg.com/images/themes/theme1/bg.png", "screen_name": "msgctl", "lang": "en", "profile_background_tile": false, "favourites_count": 490, "name": "Mateusz Zalega", "notifications": false, "url": null, "created_at": "Fri Jul 31 19:02:00 +0000 2015", "contributors_enabled": false, "time_zone": null, "protected": false, "default_profile": false, "is_translator": false}, "geo": null, "in_reply_to_user_id_str": null, "lang": "en", "created_at": "Sun Feb 18 20:52:13 +0000 2018", "in_reply_to_status_id_str": null, "place": null, "metadata": {"iso_language_code": "en", "result_type": "recent"}}, {"contributors": null, "truncated": true, "text": "Battery life is important to our connceted devices. With our iCE40 UltraPlus #FPGAs, you can extend the battery lif\u2026 https://t.co/jxJ9QGnIID", "is_quote_status": false, "in_reply_to_status_id": null, "id": 965323295792001025, "favorite_count": 3, "retweeted": false, "coordinates": null, "source": "<a href=\"http://sproutsocial.com\" rel=\"nofollow\">Sprout Social</a>", "in_reply_to_screen_name": null, "in_reply_to_user_id": null, "retweet_count": 2, "id_str": "965323295792001025", "favorited": false, "user": {"follow_request_sent": false, "has_extended_profile": true, "profile_use_background_image": true, "default_profile_image": false, "id": 40975045, "profile_background_image_url_https": "https://pbs.twimg.com/profile_background_images/423398696/Social-Media-Background-Image_2012.jpg", "verified": false, "translator_type": "none", "profile_text_color": "6E6868", "profile_image_url_https": "https://pbs.twimg.com/profile_images/1925947983/Lattice-Icon_bug-new_normal.png", "profile_sidebar_fill_color": "1F1A1B", "entities": {"url": {"urls": [{"url": "http://t.co/oWWZlheMH2", "indices": [0, 22], "expanded_url": "http://www.latticesemi.com", "display_url": "latticesemi.com"}]}, "description": {"urls": []}}, "followers_count": 4483, "profile_sidebar_border_color": "181A1E", "id_str": "40975045", "profile_background_color": "000000", "listed_count": 198, "is_translation_enabled": false, "utc_offset": -28800, "statuses_count": 2246, "description": "Lattice is the leading provider of ultra-low-power programmable ICs for smartphones, mobile devices, small-cells, industrial control, infotainment", "friends_count": 362, "location": "", "profile_link_color": "FFC222", "profile_image_url": "http://pbs.twimg.com/profile_images/1925947983/Lattice-Icon_bug-new_normal.png", "following": false, "geo_enabled": false, "profile_banner_url": "https://pbs.twimg.com/profile_banners/40975045/1487710600", "profile_background_image_url": "http://pbs.twimg.com/profile_background_images/423398696/Social-Media-Background-Image_2012.jpg", "screen_name": "latticesemi", "lang": "en", "profile_background_tile": false, "favourites_count": 391, "name": "Lattice Semi", "notifications": false, "url": "http://t.co/oWWZlheMH2", "created_at": "Mon May 18 21:37:22 +0000 2009", "contributors_enabled": false, "time_zone": "Pacific Time (US & Canada)", "protected": false, "default_profile": false, "is_translator": false}, "geo": null, "in_reply_to_user_id_str": null, "possibly_sensitive": false, "lang": "en", "created_at": "Sun Feb 18 20:33:03 +0000 2018", "in_reply_to_status_id_str": null, "place": null, "metadata": {"iso_language_code": "en", "result_type": "recent"}}, {"contributors": null, "truncated": false, "text": "Mouser ships Lattice Semiconductor\u2019s iCE40 Ult https://t.co/m8AxTqvxB1 #componentsconnectors #latestnews #technews https://t.co/uLLjplEUGh", "is_quote_status": false, "in_reply_to_status_id": null, "id": 965219956966215680, "favorite_count": 0, "retweeted": false, "coordinates": null, "source": "<a href=\"http://www.ajaymatharu.com/\" rel=\"nofollow\">Tweet Old Post</a>", "in_reply_to_screen_name": null, "in_reply_to_user_id": null, "retweet_count": 0, "id_str": "965219956966215680", "favorited": false, "user": {"follow_request_sent": false, "has_extended_profile": false, "profile_use_background_image": false, "default_profile_image": false, "id": 951498600, "profile_background_image_url_https": "https://pbs.twimg.com/profile_background_images/812699188/e710a719643f0914c15e6020245034e5.png", "verified": false, "translator_type": "none", "profile_text_color": "333333", "profile_image_url_https": "https://pbs.twimg.com/profile_images/925769626243477504/VF5-Hj91_normal.jpg", "profile_sidebar_fill_color": "DDEEF6", "entities": {"url": {"urls": [{"url": "https://t.co/Kk9cbJGm5N", "indices": [0, 23], "expanded_url": "http://www.softei.com", "display_url": "softei.com"}]}, "description": {"urls": [{"url": "https://t.co/lqUcCwtUef", "indices": [0, 23], "expanded_url": "http://Softei.com", "display_url": "Softei.com"}]}}, "followers_count": 1572, "profile_sidebar_border_color": "FFFFFF", "id_str": "951498600", "profile_background_color": "C0DEED", "listed_count": 25, "is_translation_enabled": false, "utc_offset": 0, "statuses_count": 30126, "description": "https://t.co/lqUcCwtUef For Whats New in the Electronics Industry, Promotions, Competitions plus the latest industry developments.", "friends_count": 3308, "location": "", "profile_link_color": "5E93CC", "profile_image_url": "http://pbs.twimg.com/profile_images/925769626243477504/VF5-Hj91_normal.jpg", "following": false, "geo_enabled": false, "profile_banner_url": "https://pbs.twimg.com/profile_banners/951498600/1509555656", "profile_background_image_url": "http://pbs.twimg.com/profile_background_images/812699188/e710a719643f0914c15e6020245034e5.png", "screen_name": "SofteiCom", "lang": "en", "profile_background_tile": false, "favourites_count": 9546, "name": "Softei.Com", "notifications": false, "url": "https://t.co/Kk9cbJGm5N", "created_at": "Fri Nov 16 11:33:08 +0000 2012", "contributors_enabled": false, "time_zone": "London", "protected": false, "default_profile": false, "is_translator": false}, "geo": null, "in_reply_to_user_id_str": null, "possibly_sensitive": false, "lang": "en", "created_at": "Sun Feb 18 13:42:25 +0000 2018", "in_reply_to_status_id_str": null, "place": null, "metadata": {"iso_language_code": "en", "result_type": "recent"}}, {"contributors": null, "truncated": false, "text": "RT @novenakosagi: Philipp G\u00fchring is organizing a production run of ICE40 FPGA add-in cards for Novena in owners who want a 100% open softw\u2026", "is_quote_status": false, "in_reply_to_status_id": null, "id": 964770755656511488, "favorite_count": 0, "retweeted": false, "coordinates": null, "source": "<a href=\"http://twitter.com\" rel=\"nofollow\">Twitter Web Client</a>", "in_reply_to_screen_name": null, "in_reply_to_user_id": null, "retweet_count": 9, "id_str": "964770755656511488", "favorited": false, "retweeted_status": {"contributors": null, "truncated": true, "text": "Philipp G\u00fchring is organizing a production run of ICE40 FPGA add-in cards for Novena in owners who want a 100% open\u2026 https://t.co/KH02riweln", "is_quote_status": false, "in_reply_to_status_id": null, "id": 952869733501751297, "favorite_count": 16, "retweeted": false, "coordinates": null, "source": "<a href=\"http://twitter.com/download/android\" rel=\"nofollow\">Twitter for Android</a>", "in_reply_to_screen_name": null, "in_reply_to_user_id": null, "retweet_count": 9, "id_str": "952869733501751297", "favorited": false, "user": {"follow_request_sent": false, "has_extended_profile": false, "profile_use_background_image": true, "default_profile_image": false, "id": 2275890979, "profile_background_image_url_https": "https://abs.twimg.com/images/themes/theme1/bg.png", "verified": false, "translator_type": "none", "profile_text_color": "333333", "profile_image_url_https": "https://pbs.twimg.com/profile_images/419408648482201601/K1kfts65_normal.png", "profile_sidebar_fill_color": "DDEEF6", "entities": {"url": {"urls": [{"url": "http://t.co/Se4T97M61r", "indices": [0, 22], "expanded_url": "http://www.kosagi.com/w/index.php?title=Novena_Main_Page", "display_url": "kosagi.com/w/index.php?ti\u2026"}]}, "description": {"urls": []}}, "followers_count": 3316, "profile_sidebar_border_color": "C0DEED", "id_str": "2275890979", "profile_background_color": "C0DEED", "listed_count": 64, "is_translation_enabled": false, "utc_offset": null, "statuses_count": 205, "description": "Open Hardware Mobile Computing Platform", "friends_count": 3, "location": "Singapore", "profile_link_color": "1DA1F2", "profile_image_url": "http://pbs.twimg.com/profile_images/419408648482201601/K1kfts65_normal.png", "following": false, "geo_enabled": false, "profile_background_image_url": "http://abs.twimg.com/images/themes/theme1/bg.png", "screen_name": "novenakosagi", "lang": "en", "profile_background_tile": false, "favourites_count": 43, "name": "Novena", "notifications": false, "url": "http://t.co/Se4T97M61r", "created_at": "Sat Jan 04 09:57:20 +0000 2014", "contributors_enabled": false, "time_zone": null, "protected": false, "default_profile": true, "is_translator": false}, "geo": null, "in_reply_to_user_id_str": null, "possibly_sensitive": false, "lang": "en", "created_at": "Mon Jan 15 11:47:02 +0000 2018", "in_reply_to_status_id_str": null, "place": null, "metadata": {"iso_language_code": "en", "result_type": "recent"}}, "user": {"follow_request_sent": false, "has_extended_profile": true, "profile_use_background_image": false, "default_profile_image": false, "id": 756264368241778690, "profile_background_image_url_https": "https://abs.twimg.com/images/themes/theme1/bg.png", "verified": false, "translator_type": "none", "profile_text_color": "000000", "profile_image_url_https": "https://pbs.twimg.com/profile_images/947879917944913920/oZRMj1FE_normal.jpg", "profile_sidebar_fill_color": "000000", "entities": {"url": {"urls": [{"url": "https://t.co/foKG3v5VuE", "indices": [0, 23], "expanded_url": "https://bitcoin.org/bitcoin.pdf", "display_url": "bitcoin.org/bitcoin.pdf"}]}, "description": {"urls": []}}, "followers_count": 3107, "profile_sidebar_border_color": "000000", "id_str": "756264368241778690", "profile_background_color": "000000", "listed_count": 40, "is_translation_enabled": false, "utc_offset": -28800, "statuses_count": 9372, "description": "Immutable, scarce, electronic, p2p, decentralized, scale-able, publicly audit-able BCH #MakeAcceptanceGoodAgain", "friends_count": 5001, "location": "Earth", "profile_link_color": "96070A", "profile_image_url": "http://pbs.twimg.com/profile_images/947879917944913920/oZRMj1FE_normal.jpg", "following": false, "geo_enabled": false, "profile_banner_url": "https://pbs.twimg.com/profile_banners/756264368241778690/1514827525", "profile_background_image_url": "http://abs.twimg.com/images/themes/theme1/bg.png", "screen_name": "TrumpCoinTweets", "lang": "en", "profile_background_tile": false, "favourites_count": 12354, "name": "Bitcoin cash trumps BCH [BCH/BCC/XBC]", "notifications": false, "url": "https://t.co/foKG3v5VuE", "created_at": "Thu Jul 21 23:07:30 +0000 2016", "contributors_enabled": false, "time_zone": "Pacific Time (US & Canada)", "protected": false, "default_profile": false, "is_translator": false}, "geo": null, "in_reply_to_user_id_str": null, "lang": "en", "created_at": "Sat Feb 17 07:57:27 +0000 2018", "in_reply_to_status_id_str": null, "place": null, "metadata": {"iso_language_code": "en", "result_type": "recent"}}, {"contributors": null, "truncated": false, "text": "Mouser ships Lattice Semiconductor\u2019s iCE40 Ult https://t.co/m8AxTqvxB1 #componentsconnectors #latestnews #technews https://t.co/Xm71cn8D7w", "is_quote_status": false, "in_reply_to_status_id": null, "id": 964273680800014337, "favorite_count": 0, "retweeted": false, "coordinates": null, "source": "<a href=\"http://www.ajaymatharu.com/\" rel=\"nofollow\">Tweet Old Post</a>", "in_reply_to_screen_name": null, "in_reply_to_user_id": null, "retweet_count": 0, "id_str": "964273680800014337", "favorited": false, "user": {"follow_request_sent": false, "has_extended_profile": false, "profile_use_background_image": false, "default_profile_image": false, "id": 951498600, "profile_background_image_url_https": "https://pbs.twimg.com/profile_background_images/812699188/e710a719643f0914c15e6020245034e5.png", "verified": false, "translator_type": "none", "profile_text_color": "333333", "profile_image_url_https": "https://pbs.twimg.com/profile_images/925769626243477504/VF5-Hj91_normal.jpg", "profile_sidebar_fill_color": "DDEEF6", "entities": {"url": {"urls": [{"url": "https://t.co/Kk9cbJGm5N", "indices": [0, 23], "expanded_url": "http://www.softei.com", "display_url": "softei.com"}]}, "description": {"urls": [{"url": "https://t.co/lqUcCwtUef", "indices": [0, 23], "expanded_url": "http://Softei.com", "display_url": "Softei.com"}]}}, "followers_count": 1572, "profile_sidebar_border_color": "FFFFFF", "id_str": "951498600", "profile_background_color": "C0DEED", "listed_count": 25, "is_translation_enabled": false, "utc_offset": 0, "statuses_count": 30126, "description": "https://t.co/lqUcCwtUef For Whats New in the Electronics Industry, Promotions, Competitions plus the latest industry developments.", "friends_count": 3308, "location": "", "profile_link_color": "5E93CC", "profile_image_url": "http://pbs.twimg.com/profile_images/925769626243477504/VF5-Hj91_normal.jpg", "following": false, "geo_enabled": false, "profile_banner_url": "https://pbs.twimg.com/profile_banners/951498600/1509555656", "profile_background_image_url": "http://pbs.twimg.com/profile_background_images/812699188/e710a719643f0914c15e6020245034e5.png", "screen_name": "SofteiCom", "lang": "en", "profile_background_tile": false, "favourites_count": 9546, "name": "Softei.Com", "notifications": false, "url": "https://t.co/Kk9cbJGm5N", "created_at": "Fri Nov 16 11:33:08 +0000 2012", "contributors_enabled": false, "time_zone": "London", "protected": false, "default_profile": false, "is_translator": false}, "geo": null, "in_reply_to_user_id_str": null, "possibly_sensitive": false, "lang": "en", "created_at": "Thu Feb 15 23:02:15 +0000 2018", "in_reply_to_status_id_str": null, "place": null, "metadata": {"iso_language_code": "en", "result_type": "recent"}}, {"contributors": null, "truncated": true, "text": "@mvigliar @TinyFPGA @esden If the timing is marginal in iCEcube, it's sadly unsurprising that it doesn't work on ic\u2026 https://t.co/btDBU3OVEQ", "is_quote_status": false, "in_reply_to_status_id": 963844160473174016, "id": 963851872242143233, "favorite_count": 0, "retweeted": false, "coordinates": null, "source": "<a href=\"http://twitter.com\" rel=\"nofollow\">Twitter Web Client</a>", "in_reply_to_screen_name": "mvigliar", "in_reply_to_user_id": 630024602, "retweet_count": 0, "id_str": "963851872242143233", "favorited": false, "user": {"follow_request_sent": false, "has_extended_profile": false, "profile_use_background_image": true, "default_profile_image": false, "id": 933458054431035392, "profile_background_image_url_https": null, "verified": false, "translator_type": "none", "profile_text_color": "333333", "profile_image_url_https": "https://pbs.twimg.com/profile_images/933460253588557826/KIxDg_by_normal.jpg", "profile_sidebar_fill_color": "DDEEF6", "entities": {"url": {"urls": [{"url": "https://t.co/r642D39oX6", "indices": [0, 23], "expanded_url": "https://ds0.me", "display_url": "ds0.me"}]}, "description": {"urls": []}}, "followers_count": 351, "profile_sidebar_border_color": "C0DEED", "id_str": "933458054431035392", "profile_background_color": "F5F8FA", "listed_count": 5, "is_translation_enabled": false, "utc_offset": 0, "statuses_count": 212, "description": "Open Source Electronics, FPGA and Software developer. Contributor to Project Icestorm. Sometimes I dump and emulate crappy and obscure video games.", "friends_count": 197, "location": "London, England", "profile_link_color": "1DA1F2", "profile_image_url": "http://pbs.twimg.com/profile_images/933460253588557826/KIxDg_by_normal.jpg", "following": true, "geo_enabled": false, "profile_background_image_url": null, "screen_name": "fpga_dave", "lang": "en", "profile_background_tile": false, "favourites_count": 380, "name": "David Shah", "notifications": false, "url": "https://t.co/r642D39oX6", "created_at": "Wed Nov 22 22:11:57 +0000 2017", "contributors_enabled": false, "time_zone": "London", "protected": false, "default_profile": true, "is_translator": false}, "geo": null, "in_reply_to_user_id_str": "630024602", "lang": "en", "created_at": "Wed Feb 14 19:06:08 +0000 2018", "in_reply_to_status_id_str": "963844160473174016", "place": null, "metadata": {"iso_language_code": "en", "result_type": "recent"}}]}