{"search_metadata": {"count": 100, "completed_in": 0.093, "max_id_str": "967344897484312576", "since_id_str": "0", "refresh_url": "?since_id=967344897484312576&q=icoBoard", "since_id": 0, "query": "icoBoard", "max_id": 967344897484312576}, "statuses": [{"contributors": null, "truncated": false, "text": "IcoBoard https://t.co/DfZqua6mgh https://t.co/158JYE0n2L", "is_quote_status": false, "in_reply_to_status_id": null, "id": 967344897484312576, "favorite_count": 0, "retweeted": false, "coordinates": null, "source": "<a href=\"http://publicize.wp.com/\" rel=\"nofollow\">WordPress.com</a>", "in_reply_to_screen_name": null, "in_reply_to_user_id": null, "retweet_count": 0, "id_str": "967344897484312576", "favorited": false, "user": {"follow_request_sent": false, "has_extended_profile": false, "profile_use_background_image": true, "default_profile_image": false, "id": 234495687, "profile_background_image_url_https": "https://abs.twimg.com/images/themes/theme17/bg.gif", "verified": false, "translator_type": "none", "profile_text_color": "333333", "profile_image_url_https": "https://pbs.twimg.com/profile_images/3110897390/7f0bc9a1c13d28a7c20233d4a9b4dfae_normal.jpeg", "profile_sidebar_fill_color": "E6F6F9", "entities": {"url": {"urls": [{"url": "http://t.co/Y5FFUXfAcu", "indices": [0, 22], "expanded_url": "http://kimmcel.com", "display_url": "kimmcel.com"}]}, "description": {"urls": []}}, "followers_count": 284, "profile_sidebar_border_color": "DBE9ED", "id_str": "234495687", "profile_background_color": "DBE9ED", "listed_count": 12, "is_translation_enabled": false, "utc_offset": -28800, "statuses_count": 147942, "description": "Professional Hospitality Consultant by day and a Fun loving, music driven, adrenaline junky by night.  Disco naps and live shows are my simple necessities.", "friends_count": 151, "location": "LAS VEGAS", "profile_link_color": "CC3366", "profile_image_url": "http://pbs.twimg.com/profile_images/3110897390/7f0bc9a1c13d28a7c20233d4a9b4dfae_normal.jpeg", "following": false, "geo_enabled": false, "profile_banner_url": "https://pbs.twimg.com/profile_banners/234495687/1403486381", "profile_background_image_url": "http://abs.twimg.com/images/themes/theme17/bg.gif", "screen_name": "1234goplay", "lang": "en", "profile_background_tile": false, "favourites_count": 16, "name": "Kimmcel Keno", "notifications": false, "url": "http://t.co/Y5FFUXfAcu", "created_at": "Wed Jan 05 20:13:23 +0000 2011", "contributors_enabled": false, "time_zone": "Pacific Time (US & Canada)", "protected": false, "default_profile": false, "is_translator": false}, "geo": null, "in_reply_to_user_id_str": null, "possibly_sensitive": false, "lang": "en", "created_at": "Sat Feb 24 10:26:10 +0000 2018", "in_reply_to_status_id_str": null, "place": null, "metadata": {"iso_language_code": "en", "result_type": "recent"}}, {"contributors": null, "truncated": false, "text": "IcoBoard https://t.co/zv1zsLjUMD", "is_quote_status": false, "in_reply_to_status_id": null, "id": 967341280706654209, "favorite_count": 0, "retweeted": false, "coordinates": null, "source": "<a href=\"http://publicize.wp.com/\" rel=\"nofollow\">WordPress.com</a>", "in_reply_to_screen_name": null, "in_reply_to_user_id": null, "retweet_count": 0, "id_str": "967341280706654209", "favorited": false, "user": {"follow_request_sent": false, "has_extended_profile": false, "profile_use_background_image": true, "default_profile_image": false, "id": 234495687, "profile_background_image_url_https": "https://abs.twimg.com/images/themes/theme17/bg.gif", "verified": false, "translator_type": "none", "profile_text_color": "333333", "profile_image_url_https": "https://pbs.twimg.com/profile_images/3110897390/7f0bc9a1c13d28a7c20233d4a9b4dfae_normal.jpeg", "profile_sidebar_fill_color": "E6F6F9", "entities": {"url": {"urls": [{"url": "http://t.co/Y5FFUXfAcu", "indices": [0, 22], "expanded_url": "http://kimmcel.com", "display_url": "kimmcel.com"}]}, "description": {"urls": []}}, "followers_count": 284, "profile_sidebar_border_color": "DBE9ED", "id_str": "234495687", "profile_background_color": "DBE9ED", "listed_count": 12, "is_translation_enabled": false, "utc_offset": -28800, "statuses_count": 147942, "description": "Professional Hospitality Consultant by day and a Fun loving, music driven, adrenaline junky by night.  Disco naps and live shows are my simple necessities.", "friends_count": 151, "location": "LAS VEGAS", "profile_link_color": "CC3366", "profile_image_url": "http://pbs.twimg.com/profile_images/3110897390/7f0bc9a1c13d28a7c20233d4a9b4dfae_normal.jpeg", "following": false, "geo_enabled": false, "profile_banner_url": "https://pbs.twimg.com/profile_banners/234495687/1403486381", "profile_background_image_url": "http://abs.twimg.com/images/themes/theme17/bg.gif", "screen_name": "1234goplay", "lang": "en", "profile_background_tile": false, "favourites_count": 16, "name": "Kimmcel Keno", "notifications": false, "url": "http://t.co/Y5FFUXfAcu", "created_at": "Wed Jan 05 20:13:23 +0000 2011", "contributors_enabled": false, "time_zone": "Pacific Time (US & Canada)", "protected": false, "default_profile": false, "is_translator": false}, "geo": null, "in_reply_to_user_id_str": null, "possibly_sensitive": false, "lang": "en", "created_at": "Sat Feb 24 10:11:48 +0000 2018", "in_reply_to_status_id_str": null, "place": null, "metadata": {"iso_language_code": "en", "result_type": "recent"}}, {"contributors": null, "truncated": false, "text": "I liked a @YouTube video https://t.co/EAvgxghVA5 [014] IcoBoard Software Defined Radio Project - Hardware", "is_quote_status": false, "in_reply_to_status_id": null, "id": 967295326892756992, "favorite_count": 0, "retweeted": false, "coordinates": null, "source": "<a href=\"http://www.google.com/\" rel=\"nofollow\">Google</a>", "in_reply_to_screen_name": null, "in_reply_to_user_id": null, "retweet_count": 0, "id_str": "967295326892756992", "favorited": false, "user": {"follow_request_sent": false, "has_extended_profile": false, "profile_use_background_image": true, "default_profile_image": true, "id": 742442245, "profile_background_image_url_https": "https://abs.twimg.com/images/themes/theme1/bg.png", "verified": false, "translator_type": "none", "profile_text_color": "333333", "profile_image_url_https": "https://abs.twimg.com/sticky/default_profile_images/default_profile_normal.png", "profile_sidebar_fill_color": "DDEEF6", "entities": {"description": {"urls": []}}, "followers_count": 0, "profile_sidebar_border_color": "C0DEED", "id_str": "742442245", "profile_background_color": "C0DEED", "listed_count": 0, "is_translation_enabled": false, "utc_offset": null, "statuses_count": 45, "description": "", "friends_count": 10, "location": "", "profile_link_color": "1DA1F2", "profile_image_url": "http://abs.twimg.com/sticky/default_profile_images/default_profile_normal.png", "following": false, "geo_enabled": false, "profile_background_image_url": "http://abs.twimg.com/images/themes/theme1/bg.png", "screen_name": "Fearless621", "lang": "en", "profile_background_tile": false, "favourites_count": 0, "name": "Fearless62", "notifications": false, "url": null, "created_at": "Tue Aug 07 08:12:11 +0000 2012", "contributors_enabled": false, "time_zone": null, "protected": false, "default_profile": true, "is_translator": false}, "geo": null, "in_reply_to_user_id_str": null, "possibly_sensitive": false, "lang": "en", "created_at": "Sat Feb 24 07:09:12 +0000 2018", "in_reply_to_status_id_str": null, "place": null, "metadata": {"iso_language_code": "en", "result_type": "recent"}}, {"contributors": null, "truncated": false, "text": "[014] IcoBoard Software Defined Radio Project \u2013\u00a0Hardware https://t.co/C1zirLJhly", "is_quote_status": false, "in_reply_to_status_id": null, "id": 966799923143462912, "favorite_count": 0, "retweeted": false, "coordinates": null, "source": "<a href=\"http://publicize.wp.com/\" rel=\"nofollow\">WordPress.com</a>", "in_reply_to_screen_name": null, "in_reply_to_user_id": null, "retweet_count": 0, "id_str": "966799923143462912", "favorited": false, "user": {"follow_request_sent": false, "has_extended_profile": false, "profile_use_background_image": true, "default_profile_image": false, "id": 98435078, "profile_background_image_url_https": "https://abs.twimg.com/images/themes/theme4/bg.gif", "verified": false, "translator_type": "none", "profile_text_color": "3C3940", "profile_image_url_https": "https://pbs.twimg.com/profile_images/706090010/gwd5_normal.jpg", "profile_sidebar_fill_color": "95E8EC", "entities": {"url": {"urls": [{"url": "http://t.co/dMW8sozIjj", "indices": [0, 22], "expanded_url": "http://gordenwebdesign.com", "display_url": "gordenwebdesign.com"}]}, "description": {"urls": []}}, "followers_count": 1376, "profile_sidebar_border_color": "5ED4DC", "id_str": "98435078", "profile_background_color": "0099B9", "listed_count": 44, "is_translation_enabled": false, "utc_offset": -25200, "statuses_count": 81890, "description": "At Gorden Web Design, we help you with an online presence you always wanted.", "friends_count": 2049, "location": "World Wide Web", "profile_link_color": "0099B9", "profile_image_url": "http://pbs.twimg.com/profile_images/706090010/gwd5_normal.jpg", "following": false, "geo_enabled": false, "profile_background_image_url": "http://abs.twimg.com/images/themes/theme4/bg.gif", "screen_name": "gordenwebdesign", "lang": "en", "profile_background_tile": false, "favourites_count": 17, "name": "Douglas Gorden, Jr.", "notifications": false, "url": "http://t.co/dMW8sozIjj", "created_at": "Mon Dec 21 18:02:36 +0000 2009", "contributors_enabled": false, "time_zone": "Arizona", "protected": false, "default_profile": false, "is_translator": false}, "geo": null, "in_reply_to_user_id_str": null, "possibly_sensitive": true, "lang": "en", "created_at": "Thu Feb 22 22:20:38 +0000 2018", "in_reply_to_status_id_str": null, "place": null, "metadata": {"iso_language_code": "en", "result_type": "recent"}}, {"contributors": null, "truncated": false, "text": "IcoBoard https://t.co/cjkLfpnmVn", "is_quote_status": false, "in_reply_to_status_id": null, "id": 966668969678647296, "favorite_count": 0, "retweeted": false, "coordinates": null, "source": "<a href=\"http://publicize.wp.com/\" rel=\"nofollow\">WordPress.com</a>", "in_reply_to_screen_name": null, "in_reply_to_user_id": null, "retweet_count": 0, "id_str": "966668969678647296", "favorited": false, "user": {"follow_request_sent": false, "has_extended_profile": false, "profile_use_background_image": true, "default_profile_image": false, "id": 234495687, "profile_background_image_url_https": "https://abs.twimg.com/images/themes/theme17/bg.gif", "verified": false, "translator_type": "none", "profile_text_color": "333333", "profile_image_url_https": "https://pbs.twimg.com/profile_images/3110897390/7f0bc9a1c13d28a7c20233d4a9b4dfae_normal.jpeg", "profile_sidebar_fill_color": "E6F6F9", "entities": {"url": {"urls": [{"url": "http://t.co/Y5FFUXfAcu", "indices": [0, 22], "expanded_url": "http://kimmcel.com", "display_url": "kimmcel.com"}]}, "description": {"urls": []}}, "followers_count": 284, "profile_sidebar_border_color": "DBE9ED", "id_str": "234495687", "profile_background_color": "DBE9ED", "listed_count": 12, "is_translation_enabled": false, "utc_offset": -28800, "statuses_count": 147942, "description": "Professional Hospitality Consultant by day and a Fun loving, music driven, adrenaline junky by night.  Disco naps and live shows are my simple necessities.", "friends_count": 151, "location": "LAS VEGAS", "profile_link_color": "CC3366", "profile_image_url": "http://pbs.twimg.com/profile_images/3110897390/7f0bc9a1c13d28a7c20233d4a9b4dfae_normal.jpeg", "following": false, "geo_enabled": false, "profile_banner_url": "https://pbs.twimg.com/profile_banners/234495687/1403486381", "profile_background_image_url": "http://abs.twimg.com/images/themes/theme17/bg.gif", "screen_name": "1234goplay", "lang": "en", "profile_background_tile": false, "favourites_count": 16, "name": "Kimmcel Keno", "notifications": false, "url": "http://t.co/Y5FFUXfAcu", "created_at": "Wed Jan 05 20:13:23 +0000 2011", "contributors_enabled": false, "time_zone": "Pacific Time (US & Canada)", "protected": false, "default_profile": false, "is_translator": false}, "geo": null, "in_reply_to_user_id_str": null, "possibly_sensitive": false, "lang": "en", "created_at": "Thu Feb 22 13:40:16 +0000 2018", "in_reply_to_status_id_str": null, "place": null, "metadata": {"iso_language_code": "en", "result_type": "recent"}}, {"contributors": null, "truncated": false, "text": "RT @OpenTechLabChan: New video is out: All about the hardware build for an SDR powered by the @ico_TC IcoBoard. https://t.co/EgaJpGTge0", "is_quote_status": false, "in_reply_to_status_id": null, "id": 966445468258578435, "favorite_count": 0, "retweeted": false, "coordinates": null, "source": "<a href=\"http://twitter.com\" rel=\"nofollow\">Twitter Web Client</a>", "in_reply_to_screen_name": null, "in_reply_to_user_id": null, "retweet_count": 1, "id_str": "966445468258578435", "favorited": false, "retweeted_status": {"contributors": null, "truncated": false, "text": "New video is out: All about the hardware build for an SDR powered by the @ico_TC IcoBoard. https://t.co/EgaJpGTge0", "is_quote_status": false, "in_reply_to_status_id": null, "id": 966442196667744257, "favorite_count": 5, "retweeted": false, "coordinates": null, "source": "<a href=\"http://twitter.com\" rel=\"nofollow\">Twitter Web Client</a>", "in_reply_to_screen_name": null, "in_reply_to_user_id": null, "retweet_count": 1, "id_str": "966442196667744257", "favorited": false, "user": {"follow_request_sent": false, "has_extended_profile": false, "profile_use_background_image": false, "default_profile_image": false, "id": 775778723517739009, "profile_background_image_url_https": "https://abs.twimg.com/images/themes/theme1/bg.png", "verified": false, "translator_type": "none", "profile_text_color": "000000", "profile_image_url_https": "https://pbs.twimg.com/profile_images/777286470033747968/RQJhTCRt_normal.jpg", "profile_sidebar_fill_color": "000000", "entities": {"url": {"urls": [{"url": "https://t.co/pDPKoTISTv", "indices": [0, 23], "expanded_url": "http://opentechlab.org.uk", "display_url": "opentechlab.org.uk"}]}, "description": {"urls": []}}, "followers_count": 249, "profile_sidebar_border_color": "000000", "id_str": "775778723517739009", "profile_background_color": "000000", "listed_count": 3, "is_translation_enabled": false, "utc_offset": null, "statuses_count": 441, "description": "A channel doing clever things with free/open source software, and low-cost hardware.", "friends_count": 185, "location": "", "profile_link_color": "00AA03", "profile_image_url": "http://pbs.twimg.com/profile_images/777286470033747968/RQJhTCRt_normal.jpg", "following": false, "geo_enabled": false, "profile_banner_url": "https://pbs.twimg.com/profile_banners/775778723517739009/1474154522", "profile_background_image_url": "http://abs.twimg.com/images/themes/theme1/bg.png", "screen_name": "OpenTechLabChan", "lang": "en", "profile_background_tile": false, "favourites_count": 254, "name": "OpenTechLab", "notifications": false, "url": "https://t.co/pDPKoTISTv", "created_at": "Tue Sep 13 19:30:35 +0000 2016", "contributors_enabled": false, "time_zone": null, "protected": false, "default_profile": false, "is_translator": false}, "geo": null, "in_reply_to_user_id_str": null, "possibly_sensitive": false, "lang": "en", "created_at": "Wed Feb 21 22:39:09 +0000 2018", "in_reply_to_status_id_str": null, "place": null, "metadata": {"iso_language_code": "en", "result_type": "recent"}}, "user": {"follow_request_sent": false, "has_extended_profile": false, "profile_use_background_image": true, "default_profile_image": false, "id": 4784087996, "profile_background_image_url_https": "https://pbs.twimg.com/profile_background_images/689465172780408834/Uc1lwU-E.png", "verified": false, "translator_type": "none", "profile_text_color": "000000", "profile_image_url_https": "https://pbs.twimg.com/profile_images/689460000461221892/2qwdiB1o_normal.png", "profile_sidebar_fill_color": "000000", "entities": {"url": {"urls": [{"url": "https://t.co/maMK0lZDrN", "indices": [0, 23], "expanded_url": "http://www.icoboard.org", "display_url": "icoboard.org"}]}, "description": {"urls": []}}, "followers_count": 1486, "profile_sidebar_border_color": "000000", "id_str": "4784087996", "profile_background_color": "000000", "listed_count": 60, "is_translation_enabled": false, "utc_offset": 3600, "statuses_count": 5917, "description": "News about Yosys, ArachnePnR, icetools, SymbiFlow, SymbiYosys. Open Source FPGA tools for Lattice-ice40 and Xilinx-Series7 FPGAs  and boards.", "friends_count": 386, "location": "", "profile_link_color": "DD2E44", "profile_image_url": "http://pbs.twimg.com/profile_images/689460000461221892/2qwdiB1o_normal.png", "following": true, "geo_enabled": false, "profile_banner_url": "https://pbs.twimg.com/profile_banners/4784087996/1453216123", "profile_background_image_url": "http://pbs.twimg.com/profile_background_images/689465172780408834/Uc1lwU-E.png", "screen_name": "ico_TC", "lang": "de", "profile_background_tile": true, "favourites_count": 410, "name": "icoTC @EmbeddedWorld", "notifications": false, "url": "https://t.co/maMK0lZDrN", "created_at": "Tue Jan 19 14:42:43 +0000 2016", "contributors_enabled": false, "time_zone": "Vienna", "protected": false, "default_profile": false, "is_translator": false}, "geo": null, "in_reply_to_user_id_str": null, "possibly_sensitive": false, "lang": "en", "created_at": "Wed Feb 21 22:52:09 +0000 2018", "in_reply_to_status_id_str": null, "place": null, "metadata": {"iso_language_code": "en", "result_type": "recent"}}, {"contributors": null, "truncated": false, "text": "New video is out: All about the hardware build for an SDR powered by the @ico_TC IcoBoard. https://t.co/EgaJpGTge0", "is_quote_status": false, "in_reply_to_status_id": null, "id": 966442196667744257, "favorite_count": 5, "retweeted": false, "coordinates": null, "source": "<a href=\"http://twitter.com\" rel=\"nofollow\">Twitter Web Client</a>", "in_reply_to_screen_name": null, "in_reply_to_user_id": null, "retweet_count": 1, "id_str": "966442196667744257", "favorited": false, "user": {"follow_request_sent": false, "has_extended_profile": false, "profile_use_background_image": false, "default_profile_image": false, "id": 775778723517739009, "profile_background_image_url_https": "https://abs.twimg.com/images/themes/theme1/bg.png", "verified": false, "translator_type": "none", "profile_text_color": "000000", "profile_image_url_https": "https://pbs.twimg.com/profile_images/777286470033747968/RQJhTCRt_normal.jpg", "profile_sidebar_fill_color": "000000", "entities": {"url": {"urls": [{"url": "https://t.co/pDPKoTISTv", "indices": [0, 23], "expanded_url": "http://opentechlab.org.uk", "display_url": "opentechlab.org.uk"}]}, "description": {"urls": []}}, "followers_count": 249, "profile_sidebar_border_color": "000000", "id_str": "775778723517739009", "profile_background_color": "000000", "listed_count": 3, "is_translation_enabled": false, "utc_offset": null, "statuses_count": 441, "description": "A channel doing clever things with free/open source software, and low-cost hardware.", "friends_count": 185, "location": "", "profile_link_color": "00AA03", "profile_image_url": "http://pbs.twimg.com/profile_images/777286470033747968/RQJhTCRt_normal.jpg", "following": false, "geo_enabled": false, "profile_banner_url": "https://pbs.twimg.com/profile_banners/775778723517739009/1474154522", "profile_background_image_url": "http://abs.twimg.com/images/themes/theme1/bg.png", "screen_name": "OpenTechLabChan", "lang": "en", "profile_background_tile": false, "favourites_count": 254, "name": "OpenTechLab", "notifications": false, "url": "https://t.co/pDPKoTISTv", "created_at": "Tue Sep 13 19:30:35 +0000 2016", "contributors_enabled": false, "time_zone": null, "protected": false, "default_profile": false, "is_translator": false}, "geo": null, "in_reply_to_user_id_str": null, "possibly_sensitive": false, "lang": "en", "created_at": "Wed Feb 21 22:39:09 +0000 2018", "in_reply_to_status_id_str": null, "place": null, "metadata": {"iso_language_code": "en", "result_type": "recent"}}, {"contributors": null, "truncated": true, "text": "@bikerglen @oshpark Yes. Holding off on installing Vivado @ BML until 7S6 and 7S15 are supported ( later this month\u2026 https://t.co/2L5PMjOArk", "is_quote_status": false, "in_reply_to_status_id": 965628769246392320, "id": 965632123221585921, "favorite_count": 0, "retweeted": false, "coordinates": null, "source": "<a href=\"http://twitter.com\" rel=\"nofollow\">Twitter Web Client</a>", "in_reply_to_screen_name": "bikerglen", "in_reply_to_user_id": 30744160, "retweet_count": 0, "id_str": "965632123221585921", "favorited": false, "user": {"follow_request_sent": false, "has_extended_profile": false, "profile_use_background_image": true, "default_profile_image": false, "id": 812829868895309824, "profile_background_image_url_https": null, "verified": false, "translator_type": "none", "profile_text_color": "333333", "profile_image_url_https": "https://pbs.twimg.com/profile_images/813023610273079296/nz_TeZqD_normal.jpg", "profile_sidebar_fill_color": "DDEEF6", "entities": {"url": {"urls": [{"url": "https://t.co/YBVVD9s7WL", "indices": [0, 23], "expanded_url": "http://blackmesalabs.wordpress.com", "display_url": "blackmesalabs.wordpress.com"}]}, "description": {"urls": []}}, "followers_count": 548, "profile_sidebar_border_color": "C0DEED", "id_str": "812829868895309824", "profile_background_color": "F5F8FA", "listed_count": 7, "is_translation_enabled": false, "utc_offset": null, "statuses_count": 520, "description": "EE | FOSS, OSH | Verilog, VHDL, Python, Perl, C | ASICs, FPGAs | PCBs |  RaspberryPi, Arduino | True Democracy, Free Speech, Equal Rights", "friends_count": 159, "location": "Seattle,Washington,USA,Earth", "profile_link_color": "1DA1F2", "profile_image_url": "http://pbs.twimg.com/profile_images/813023610273079296/nz_TeZqD_normal.jpg", "following": false, "geo_enabled": false, "profile_banner_url": "https://pbs.twimg.com/profile_banners/812829868895309824/1483137228", "profile_background_image_url": null, "screen_name": "bml_khubbard", "lang": "en", "profile_background_tile": false, "favourites_count": 625, "name": "Kevin Hubbard", "notifications": false, "url": "https://t.co/YBVVD9s7WL", "created_at": "Sun Dec 25 01:18:37 +0000 2016", "contributors_enabled": false, "time_zone": null, "protected": false, "default_profile": true, "is_translator": false}, "geo": null, "in_reply_to_user_id_str": "30744160", "lang": "en", "created_at": "Mon Feb 19 17:00:13 +0000 2018", "in_reply_to_status_id_str": "965628769246392320", "place": null, "metadata": {"iso_language_code": "en", "result_type": "recent"}}]}