{"search_metadata": {"count": 100, "completed_in": 0.171, "max_id_str": "965104846641577984", "since_id_str": "0", "refresh_url": "?since_id=965104846641577984&q=oe1cxw", "since_id": 0, "query": "oe1cxw", "max_id": 965104846641577984}, "statuses": [{"contributors": null, "truncated": false, "text": "@micko_mame @oe1cxw @fpga_dave @micropython Did you use the Icestorm toolchain to build the PicoRV32 bitstream for UP5K?", "is_quote_status": false, "in_reply_to_status_id": 964792057637298176, "id": 965100409911218177, "favorite_count": 1, "retweeted": false, "coordinates": null, "source": "<a href=\"http://twitter.com\" rel=\"nofollow\">Twitter Web Client</a>", "in_reply_to_screen_name": "micko_mame", "in_reply_to_user_id": 2321177005, "retweet_count": 0, "id_str": "965100409911218177", "favorited": false, "user": {"follow_request_sent": false, "has_extended_profile": false, "profile_use_background_image": true, "default_profile_image": false, "id": 95997325, "profile_background_image_url_https": "https://pbs.twimg.com/profile_background_images/61862915/ricshofs.jpg", "verified": false, "translator_type": "none", "profile_text_color": "333333", "profile_image_url_https": "https://pbs.twimg.com/profile_images/519654179090886657/bGzvguTS_normal.png", "profile_sidebar_fill_color": "98A9B3", "entities": {"url": {"urls": [{"url": "http://t.co/GCLckzxQrK", "indices": [0, 22], "expanded_url": "http://www.cfd-online.com/Wiki/Large_eddy_simulation_%28LES%29", "display_url": "cfd-online.com/Wiki/Large_edd\u2026"}]}, "description": {"urls": []}}, "followers_count": 49, "profile_sidebar_border_color": "000000", "id_str": "95997325", "profile_background_color": "000000", "listed_count": 5, "is_translation_enabled": false, "utc_offset": -18000, "statuses_count": 2156, "description": "Bloody typical, they've gone back to metric without telling us.", "friends_count": 82, "location": "In the footprints of giants", "profile_link_color": "BD5A2F", "profile_image_url": "http://pbs.twimg.com/profile_images/519654179090886657/bGzvguTS_normal.png", "following": false, "geo_enabled": false, "profile_banner_url": "https://pbs.twimg.com/profile_banners/95997325/1359711681", "profile_background_image_url": "http://pbs.twimg.com/profile_background_images/61862915/ricshofs.jpg", "screen_name": "LargeEddie", "lang": "en", "profile_background_tile": true, "favourites_count": 1984, "name": "Tim Victor", "notifications": false, "url": "http://t.co/GCLckzxQrK", "created_at": "Thu Dec 10 22:20:48 +0000 2009", "contributors_enabled": false, "time_zone": "Eastern Time (US & Canada)", "protected": false, "default_profile": false, "is_translator": false}, "geo": null, "in_reply_to_user_id_str": "2321177005", "lang": "en", "created_at": "Sun Feb 18 05:47:23 +0000 2018", "in_reply_to_status_id_str": "964792057637298176", "place": null, "metadata": {"iso_language_code": "en", "result_type": "recent"}}, {"contributors": null, "truncated": false, "text": "@micko_mame @oe1cxw @fpga_dave @micropython cool! now to implement an adventure game, the first task with any new hardware ;-)", "is_quote_status": false, "in_reply_to_status_id": 964792057637298176, "id": 965099483645145088, "favorite_count": 1, "retweeted": false, "coordinates": null, "source": "<a href=\"http://twitter.com\" rel=\"nofollow\">Twitter Web Client</a>", "in_reply_to_screen_name": "micko_mame", "in_reply_to_user_id": 2321177005, "retweet_count": 0, "id_str": "965099483645145088", "favorited": false, "user": {"follow_request_sent": false, "has_extended_profile": false, "profile_use_background_image": true, "default_profile_image": false, "id": 57346747, "profile_background_image_url_https": "https://pbs.twimg.com/profile_background_images/856507014/0dc63317741c794ae2a9e536722f62d2.jpeg", "verified": false, "translator_type": "none", "profile_text_color": "333333", "profile_image_url_https": "https://pbs.twimg.com/profile_images/828549423588216832/ZPYqJpG5_normal.jpg", "profile_sidebar_fill_color": "EFEFEF", "entities": {"url": {"urls": [{"url": "https://t.co/Z1KHNzajIN", "indices": [0, 23], "expanded_url": "https://jslee.io/", "display_url": "jslee.io"}]}, "description": {"urls": []}}, "followers_count": 586, "profile_sidebar_border_color": "FFFFFF", "id_str": "57346747", "profile_background_color": "131516", "listed_count": 51, "is_translation_enabled": false, "utc_offset": 39600, "statuses_count": 23619, "description": "Greens voter, Synth DIY, Unix, Opeth, Isis [the band], Vim, Ruby, Go. Putting things in boxes. My mind is a little cloudy. Work tweets are denoted and very rare", "friends_count": 1037, "location": "Munich", "profile_link_color": "FAB81E", "profile_image_url": "http://pbs.twimg.com/profile_images/828549423588216832/ZPYqJpG5_normal.jpg", "following": false, "geo_enabled": false, "profile_banner_url": "https://pbs.twimg.com/profile_banners/57346747/1398429798", "profile_background_image_url": "http://pbs.twimg.com/profile_background_images/856507014/0dc63317741c794ae2a9e536722f62d2.jpeg", "screen_name": "indigoid", "lang": "en-gb", "profile_background_tile": true, "favourites_count": 5105, "name": "John Bleep", "notifications": false, "url": "https://t.co/Z1KHNzajIN", "created_at": "Thu Jul 16 14:23:32 +0000 2009", "contributors_enabled": false, "time_zone": "Sydney", "protected": false, "default_profile": false, "is_translator": false}, "geo": null, "in_reply_to_user_id_str": "2321177005", "lang": "en", "created_at": "Sun Feb 18 05:43:42 +0000 2018", "in_reply_to_status_id_str": "964792057637298176", "place": null, "metadata": {"iso_language_code": "en", "result_type": "recent"}}, {"contributors": null, "truncated": true, "text": "@oe1cxw I am always talking about importance of type safety and tooling support with real-time error highlight.. pe\u2026 https://t.co/qHhHd7tPM8", "is_quote_status": false, "in_reply_to_status_id": 964907509122306049, "id": 965098774908448769, "favorite_count": 0, "retweeted": false, "coordinates": null, "source": "<a href=\"http://twitter.com\" rel=\"nofollow\">Twitter Web Client</a>", "in_reply_to_screen_name": "oe1cxw", "in_reply_to_user_id": 2821368996, "retweet_count": 0, "id_str": "965098774908448769", "favorited": false, "user": {"follow_request_sent": false, "has_extended_profile": true, "profile_use_background_image": true, "default_profile_image": false, "id": 3232031906, "profile_background_image_url_https": "https://abs.twimg.com/images/themes/theme1/bg.png", "verified": false, "translator_type": "none", "profile_text_color": "333333", "profile_image_url_https": "https://pbs.twimg.com/profile_images/820721578686062592/w5v0GJo7_normal.jpg", "profile_sidebar_fill_color": "DDEEF6", "entities": {"url": {"urls": [{"url": "https://t.co/FC0CeuHZwr", "indices": [0, 23], "expanded_url": "https://quokka-fpga.net", "display_url": "quokka-fpga.net"}]}, "description": {"urls": []}}, "followers_count": 99, "profile_sidebar_border_color": "C0DEED", "id_str": "3232031906", "profile_background_color": "C0DEED", "listed_count": 15, "is_translation_enabled": false, "utc_offset": null, "statuses_count": 201, "description": "Program #FPGA with C# in @VisualStudio. \nMaking FPGAs more accessible by developing easy to use C# toolkit and IP cores.\n#Software, #Hardware, #Robotics, #IoT", "friends_count": 323, "location": "Australia", "profile_link_color": "1DA1F2", "profile_image_url": "http://pbs.twimg.com/profile_images/820721578686062592/w5v0GJo7_normal.jpg", "following": false, "geo_enabled": false, "profile_background_image_url": "http://abs.twimg.com/images/themes/theme1/bg.png", "screen_name": "ITMayWorkDev", "lang": "en", "profile_background_tile": false, "favourites_count": 28, "name": "Evgeny Muryshkin", "notifications": false, "url": "https://t.co/FC0CeuHZwr", "created_at": "Sun May 31 23:18:22 +0000 2015", "contributors_enabled": false, "time_zone": null, "protected": false, "default_profile": true, "is_translator": false}, "geo": null, "in_reply_to_user_id_str": "2821368996", "lang": "en", "created_at": "Sun Feb 18 05:40:53 +0000 2018", "in_reply_to_status_id_str": "964907509122306049", "place": null, "metadata": {"iso_language_code": "en", "result_type": "recent"}}, {"contributors": null, "truncated": false, "text": "RT @micko_mame: Got micropython running on picorv32 core on upduino board.\nThis is just minimal version, but still it is run quite nice :)\u2026", "is_quote_status": false, "in_reply_to_status_id": null, "id": 965098719833096192, "favorite_count": 0, "retweeted": false, "coordinates": null, "source": "<a href=\"http://twitter.com/#!/download/ipad\" rel=\"nofollow\">Twitter for iPad</a>", "in_reply_to_screen_name": null, "in_reply_to_user_id": null, "retweet_count": 22, "id_str": "965098719833096192", "favorited": false, "retweeted_status": {"contributors": null, "truncated": true, "text": "Got micropython running on picorv32 core on upduino board.\nThis is just minimal version, but still it is run quite\u2026 https://t.co/yjCgAChmLi", "is_quote_status": false, "in_reply_to_status_id": null, "id": 964792057637298176, "favorite_count": 61, "retweeted": false, "coordinates": null, "source": "<a href=\"http://twitter.com\" rel=\"nofollow\">Twitter Web Client</a>", "in_reply_to_screen_name": null, "in_reply_to_user_id": null, "retweet_count": 22, "id_str": "964792057637298176", "favorited": false, "user": {"follow_request_sent": false, "has_extended_profile": true, "profile_use_background_image": false, "default_profile_image": false, "id": 2321177005, "profile_background_image_url_https": "https://abs.twimg.com/images/themes/theme1/bg.png", "verified": false, "translator_type": "none", "profile_text_color": "000000", "profile_image_url_https": "https://pbs.twimg.com/profile_images/802054622089199616/oO3P7kq6_normal.jpg", "profile_sidebar_fill_color": "000000", "entities": {"description": {"urls": []}}, "followers_count": 521, "profile_sidebar_border_color": "000000", "id_str": "2321177005", "profile_background_color": "000000", "listed_count": 13, "is_translation_enabled": false, "utc_offset": 3600, "statuses_count": 913, "description": "Software developer,MAME project developer and emulation enthusiast, interested in FPGA and hardware in general", "friends_count": 345, "location": "Novi Sad , Serbia", "profile_link_color": "3B94D9", "profile_image_url": "http://pbs.twimg.com/profile_images/802054622089199616/oO3P7kq6_normal.jpg", "following": false, "geo_enabled": false, "profile_banner_url": "https://pbs.twimg.com/profile_banners/2321177005/1421306770", "profile_background_image_url": "http://abs.twimg.com/images/themes/theme1/bg.png", "screen_name": "micko_mame", "lang": "en", "profile_background_tile": false, "favourites_count": 1497, "name": "Miodrag Milanovic", "notifications": false, "url": null, "created_at": "Fri Jan 31 18:07:27 +0000 2014", "contributors_enabled": false, "time_zone": "Belgrade", "protected": false, "default_profile": false, "is_translator": false}, "geo": null, "in_reply_to_user_id_str": null, "possibly_sensitive": false, "lang": "en", "created_at": "Sat Feb 17 09:22:06 +0000 2018", "in_reply_to_status_id_str": null, "place": null, "metadata": {"iso_language_code": "en", "result_type": "recent"}}, "user": {"follow_request_sent": false, "has_extended_profile": false, "profile_use_background_image": true, "default_profile_image": false, "id": 20731304, "profile_background_image_url_https": "https://pbs.twimg.com/profile_background_images/549550498072625152/rAWkSOs4.png", "verified": true, "translator_type": "none", "profile_text_color": "333333", "profile_image_url_https": "https://pbs.twimg.com/profile_images/459501419813302272/SCEy7D19_normal.png", "profile_sidebar_fill_color": "EFEFEF", "entities": {"url": {"urls": [{"url": "http://t.co/SZx5AMX0gq", "indices": [0, 22], "expanded_url": "http://www.adafruit.com/about/", "display_url": "adafruit.com/about/"}]}, "description": {"urls": []}}, "followers_count": 142836, "profile_sidebar_border_color": "FFFFFF", "id_str": "20731304", "profile_background_color": "131516", "listed_count": 4366, "is_translation_enabled": false, "utc_offset": -18000, "statuses_count": 83282, "description": "Limor Ladyada Fried - Teaching, sharing, engineering, DIY electronic kits, open source hardware, arduino, raspberry pi, art, hacking...", "friends_count": 590, "location": "New York, NY - USA", "profile_link_color": "009999", "profile_image_url": "http://pbs.twimg.com/profile_images/459501419813302272/SCEy7D19_normal.png", "following": false, "geo_enabled": true, "profile_banner_url": "https://pbs.twimg.com/profile_banners/20731304/1519056785", "profile_background_image_url": "http://pbs.twimg.com/profile_background_images/549550498072625152/rAWkSOs4.png", "screen_name": "adafruit", "lang": "en", "profile_background_tile": true, "favourites_count": 1158, "name": "adafruit industries", "notifications": false, "url": "http://t.co/SZx5AMX0gq", "created_at": "Thu Feb 12 23:26:36 +0000 2009", "contributors_enabled": false, "time_zone": "Eastern Time (US & Canada)", "protected": false, "default_profile": false, "is_translator": false}, "geo": null, "in_reply_to_user_id_str": null, "lang": "en", "created_at": "Sun Feb 18 05:40:40 +0000 2018", "in_reply_to_status_id_str": null, "place": null, "metadata": {"iso_language_code": "en", "result_type": "recent"}}, {"contributors": null, "truncated": false, "text": "RT @micko_mame: Got micropython running on picorv32 core on upduino board.\nThis is just minimal version, but still it is run quite nice :)\u2026", "is_quote_status": false, "in_reply_to_status_id": null, "id": 965096084249788418, "favorite_count": 0, "retweeted": false, "coordinates": null, "source": "<a href=\"http://twitter.com\" rel=\"nofollow\">Twitter Web Client</a>", "in_reply_to_screen_name": null, "in_reply_to_user_id": null, "retweet_count": 22, "id_str": "965096084249788418", "favorited": false, "retweeted_status": {"contributors": null, "truncated": true, "text": "Got micropython running on picorv32 core on upduino board.\nThis is just minimal version, but still it is run quite\u2026 https://t.co/yjCgAChmLi", "is_quote_status": false, "in_reply_to_status_id": null, "id": 964792057637298176, "favorite_count": 61, "retweeted": false, "coordinates": null, "source": "<a href=\"http://twitter.com\" rel=\"nofollow\">Twitter Web Client</a>", "in_reply_to_screen_name": null, "in_reply_to_user_id": null, "retweet_count": 22, "id_str": "964792057637298176", "favorited": false, "user": {"follow_request_sent": false, "has_extended_profile": true, "profile_use_background_image": false, "default_profile_image": false, "id": 2321177005, "profile_background_image_url_https": "https://abs.twimg.com/images/themes/theme1/bg.png", "verified": false, "translator_type": "none", "profile_text_color": "000000", "profile_image_url_https": "https://pbs.twimg.com/profile_images/802054622089199616/oO3P7kq6_normal.jpg", "profile_sidebar_fill_color": "000000", "entities": {"description": {"urls": []}}, "followers_count": 521, "profile_sidebar_border_color": "000000", "id_str": "2321177005", "profile_background_color": "000000", "listed_count": 13, "is_translation_enabled": false, "utc_offset": 3600, "statuses_count": 913, "description": "Software developer,MAME project developer and emulation enthusiast, interested in FPGA and hardware in general", "friends_count": 345, "location": "Novi Sad , Serbia", "profile_link_color": "3B94D9", "profile_image_url": "http://pbs.twimg.com/profile_images/802054622089199616/oO3P7kq6_normal.jpg", "following": false, "geo_enabled": false, "profile_banner_url": "https://pbs.twimg.com/profile_banners/2321177005/1421306770", "profile_background_image_url": "http://abs.twimg.com/images/themes/theme1/bg.png", "screen_name": "micko_mame", "lang": "en", "profile_background_tile": false, "favourites_count": 1497, "name": "Miodrag Milanovic", "notifications": false, "url": null, "created_at": "Fri Jan 31 18:07:27 +0000 2014", "contributors_enabled": false, "time_zone": "Belgrade", "protected": false, "default_profile": false, "is_translator": false}, "geo": null, "in_reply_to_user_id_str": null, "possibly_sensitive": false, "lang": "en", "created_at": "Sat Feb 17 09:22:06 +0000 2018", "in_reply_to_status_id_str": null, "place": null, "metadata": {"iso_language_code": "en", "result_type": "recent"}}, "user": {"follow_request_sent": false, "has_extended_profile": false, "profile_use_background_image": true, "default_profile_image": false, "id": 469174063, "profile_background_image_url_https": "https://abs.twimg.com/images/themes/theme1/bg.png", "verified": false, "translator_type": "none", "profile_text_color": "333333", "profile_image_url_https": "https://pbs.twimg.com/profile_images/378800000718725377/318d5815c80448e56687e59e54370f6c_normal.jpeg", "profile_sidebar_fill_color": "DDEEF6", "entities": {"url": {"urls": [{"url": "http://t.co/SZ2zIi0WZN", "indices": [0, 22], "expanded_url": "http://hamsterworks.co.nz", "display_url": "hamsterworks.co.nz"}]}, "description": {"urls": []}}, "followers_count": 860, "profile_sidebar_border_color": "C0DEED", "id_str": "469174063", "profile_background_color": "C0DEED", "listed_count": 47, "is_translation_enabled": false, "utc_offset": null, "statuses_count": 2715, "description": "I occasionally do FPGA stuff...", "friends_count": 795, "location": "Christchurch, NZ", "profile_link_color": "1DA1F2", "profile_image_url": "http://pbs.twimg.com/profile_images/378800000718725377/318d5815c80448e56687e59e54370f6c_normal.jpeg", "following": false, "geo_enabled": false, "profile_banner_url": "https://pbs.twimg.com/profile_banners/469174063/1384048774", "profile_background_image_url": "http://abs.twimg.com/images/themes/theme1/bg.png", "screen_name": "field_hamster", "lang": "en", "profile_background_tile": false, "favourites_count": 6442, "name": "Michael Field", "notifications": false, "url": "http://t.co/SZ2zIi0WZN", "created_at": "Fri Jan 20 09:41:08 +0000 2012", "contributors_enabled": false, "time_zone": null, "protected": false, "default_profile": true, "is_translator": false}, "geo": null, "in_reply_to_user_id_str": null, "lang": "en", "created_at": "Sun Feb 18 05:30:11 +0000 2018", "in_reply_to_status_id_str": null, "place": null, "metadata": {"iso_language_code": "en", "result_type": "recent"}}, {"contributors": null, "truncated": false, "text": "@jesslynnrose @oe1cxw beeping self-shutdown DDoS on my dad's HP-41. Not malicious, just amusing that I could.", "is_quote_status": false, "in_reply_to_status_id": 964449981070536705, "id": 965074599351410688, "favorite_count": 0, "retweeted": false, "coordinates": null, "source": "<a href=\"http://www.myplume.com/\" rel=\"nofollow\">Plume\u00a0for\u00a0Android</a>", "in_reply_to_screen_name": "jesslynnrose", "in_reply_to_user_id": 1530096708, "retweet_count": 0, "id_str": "965074599351410688", "favorited": false, "user": {"follow_request_sent": false, "has_extended_profile": false, "profile_use_background_image": true, "default_profile_image": false, "id": 28698804, "profile_background_image_url_https": "https://abs.twimg.com/images/themes/theme1/bg.png", "verified": false, "translator_type": "none", "profile_text_color": "333333", "profile_image_url_https": "https://pbs.twimg.com/profile_images/210456146/2283498520_ccbca60b99_t_normal.jpg", "profile_sidebar_fill_color": "DDEEF6", "entities": {"description": {"urls": []}}, "followers_count": 105, "profile_sidebar_border_color": "C0DEED", "id_str": "28698804", "profile_background_color": "C0DEED", "listed_count": 11, "is_translation_enabled": false, "utc_offset": -21600, "statuses_count": 4600, "description": "", "friends_count": 207, "location": "Wisconsin, USA", "profile_link_color": "1DA1F2", "profile_image_url": "http://pbs.twimg.com/profile_images/210456146/2283498520_ccbca60b99_t_normal.jpg", "following": false, "geo_enabled": false, "profile_background_image_url": "http://abs.twimg.com/images/themes/theme1/bg.png", "screen_name": "AMShea", "lang": "en", "profile_background_tile": false, "favourites_count": 3487, "name": "Adam Shea", "notifications": false, "url": null, "created_at": "Sat Apr 04 00:37:16 +0000 2009", "contributors_enabled": false, "time_zone": "Central Time (US & Canada)", "protected": false, "default_profile": true, "is_translator": false}, "geo": null, "in_reply_to_user_id_str": "1530096708", "lang": "en", "created_at": "Sun Feb 18 04:04:49 +0000 2018", "in_reply_to_status_id_str": "964449981070536705", "place": null, "metadata": {"iso_language_code": "en", "result_type": "recent"}}, {"contributors": null, "truncated": true, "text": "@oe1cxw @esden When I add the host reset detection logic back in I get timing results back.  But then I hit the bug\u2026 https://t.co/bEuiEO4jPi", "is_quote_status": false, "in_reply_to_status_id": 965015912712585216, "id": 965020512492519424, "favorite_count": 2, "retweeted": false, "coordinates": null, "source": "<a href=\"http://twitter.com\" rel=\"nofollow\">Twitter Web Client</a>", "in_reply_to_screen_name": "TinyFPGA", "in_reply_to_user_id": 915976368571027457, "retweet_count": 0, "id_str": "965020512492519424", "favorited": false, "user": {"follow_request_sent": false, "has_extended_profile": true, "profile_use_background_image": true, "default_profile_image": false, "id": 915976368571027457, "profile_background_image_url_https": null, "verified": false, "translator_type": "none", "profile_text_color": "333333", "profile_image_url_https": "https://pbs.twimg.com/profile_images/955217661255823360/UuopzrBw_normal.jpg", "profile_sidebar_fill_color": "DDEEF6", "entities": {"url": {"urls": [{"url": "https://t.co/4HGx6AsrEI", "indices": [0, 23], "expanded_url": "http://tinyfpga.com", "display_url": "tinyfpga.com"}]}, "description": {"urls": [{"url": "https://t.co/7hzJ8ifaKj", "indices": [76, 99], "expanded_url": "https://github.com/tinyfpga", "display_url": "github.com/tinyfpga"}, {"url": "https://t.co/mt6RNf5sb3", "indices": [102, 125], "expanded_url": "https://hackaday.io/projects/hacker/233933", "display_url": "hackaday.io/projects/hacke\u2026"}]}}, "followers_count": 847, "profile_sidebar_border_color": "C0DEED", "id_str": "915976368571027457", "profile_background_color": "F5F8FA", "listed_count": 14, "is_translation_enabled": false, "utc_offset": null, "statuses_count": 893, "description": "husband, father of two, hardware verification architect, TinyFPGA creator. [https://t.co/7hzJ8ifaKj] [https://t.co/mt6RNf5sb3]", "friends_count": 219, "location": "Sacramento, CA", "profile_link_color": "1DA1F2", "profile_image_url": "http://pbs.twimg.com/profile_images/955217661255823360/UuopzrBw_normal.jpg", "following": true, "geo_enabled": false, "profile_banner_url": "https://pbs.twimg.com/profile_banners/915976368571027457/1516576613", "profile_background_image_url": null, "screen_name": "TinyFPGA", "lang": "en", "profile_background_tile": false, "favourites_count": 783, "name": "Luke Valenty", "notifications": false, "url": "https://t.co/4HGx6AsrEI", "created_at": "Thu Oct 05 16:25:59 +0000 2017", "contributors_enabled": false, "time_zone": null, "protected": false, "default_profile": true, "is_translator": false}, "geo": null, "in_reply_to_user_id_str": "915976368571027457", "possibly_sensitive": false, "lang": "en", "created_at": "Sun Feb 18 00:29:54 +0000 2018", "in_reply_to_status_id_str": "965015912712585216", "place": null, "metadata": {"iso_language_code": "en", "result_type": "recent"}}, {"contributors": null, "truncated": true, "text": "@oe1cxw @esden I ran an experiment where I routed the USB RX and USB TX wires to different pins.  No tri-state used\u2026 https://t.co/t3Tc1NPJ2A", "is_quote_status": false, "in_reply_to_status_id": 965013004449325056, "id": 965015912712585216, "favorite_count": 1, "retweeted": false, "coordinates": null, "source": "<a href=\"http://twitter.com\" rel=\"nofollow\">Twitter Web Client</a>", "in_reply_to_screen_name": "TinyFPGA", "in_reply_to_user_id": 915976368571027457, "retweet_count": 0, "id_str": "965015912712585216", "favorited": false, "user": {"follow_request_sent": false, "has_extended_profile": true, "profile_use_background_image": true, "default_profile_image": false, "id": 915976368571027457, "profile_background_image_url_https": null, "verified": false, "translator_type": "none", "profile_text_color": "333333", "profile_image_url_https": "https://pbs.twimg.com/profile_images/955217661255823360/UuopzrBw_normal.jpg", "profile_sidebar_fill_color": "DDEEF6", "entities": {"url": {"urls": [{"url": "https://t.co/4HGx6AsrEI", "indices": [0, 23], "expanded_url": "http://tinyfpga.com", "display_url": "tinyfpga.com"}]}, "description": {"urls": [{"url": "https://t.co/7hzJ8ifaKj", "indices": [76, 99], "expanded_url": "https://github.com/tinyfpga", "display_url": "github.com/tinyfpga"}, {"url": "https://t.co/mt6RNf5sb3", "indices": [102, 125], "expanded_url": "https://hackaday.io/projects/hacker/233933", "display_url": "hackaday.io/projects/hacke\u2026"}]}}, "followers_count": 847, "profile_sidebar_border_color": "C0DEED", "id_str": "915976368571027457", "profile_background_color": "F5F8FA", "listed_count": 14, "is_translation_enabled": false, "utc_offset": null, "statuses_count": 893, "description": "husband, father of two, hardware verification architect, TinyFPGA creator. [https://t.co/7hzJ8ifaKj] [https://t.co/mt6RNf5sb3]", "friends_count": 219, "location": "Sacramento, CA", "profile_link_color": "1DA1F2", "profile_image_url": "http://pbs.twimg.com/profile_images/955217661255823360/UuopzrBw_normal.jpg", "following": true, "geo_enabled": false, "profile_banner_url": "https://pbs.twimg.com/profile_banners/915976368571027457/1516576613", "profile_background_image_url": null, "screen_name": "TinyFPGA", "lang": "en", "profile_background_tile": false, "favourites_count": 783, "name": "Luke Valenty", "notifications": false, "url": "https://t.co/4HGx6AsrEI", "created_at": "Thu Oct 05 16:25:59 +0000 2017", "contributors_enabled": false, "time_zone": null, "protected": false, "default_profile": true, "is_translator": false}, "geo": null, "in_reply_to_user_id_str": "915976368571027457", "lang": "en", "created_at": "Sun Feb 18 00:11:37 +0000 2018", "in_reply_to_status_id_str": "965013004449325056", "place": null, "metadata": {"iso_language_code": "en", "result_type": "recent"}}, {"contributors": null, "truncated": false, "text": "@oe1cxw @esden It could all be related to the same tristate issue.", "is_quote_status": false, "in_reply_to_status_id": 965012938917425153, "id": 965013004449325056, "favorite_count": 1, "retweeted": false, "coordinates": null, "source": "<a href=\"http://twitter.com\" rel=\"nofollow\">Twitter Web Client</a>", "in_reply_to_screen_name": "TinyFPGA", "in_reply_to_user_id": 915976368571027457, "retweet_count": 0, "id_str": "965013004449325056", "favorited": false, "user": {"follow_request_sent": false, "has_extended_profile": true, "profile_use_background_image": true, "default_profile_image": false, "id": 915976368571027457, "profile_background_image_url_https": null, "verified": false, "translator_type": "none", "profile_text_color": "333333", "profile_image_url_https": "https://pbs.twimg.com/profile_images/955217661255823360/UuopzrBw_normal.jpg", "profile_sidebar_fill_color": "DDEEF6", "entities": {"url": {"urls": [{"url": "https://t.co/4HGx6AsrEI", "indices": [0, 23], "expanded_url": "http://tinyfpga.com", "display_url": "tinyfpga.com"}]}, "description": {"urls": [{"url": "https://t.co/7hzJ8ifaKj", "indices": [76, 99], "expanded_url": "https://github.com/tinyfpga", "display_url": "github.com/tinyfpga"}, {"url": "https://t.co/mt6RNf5sb3", "indices": [102, 125], "expanded_url": "https://hackaday.io/projects/hacker/233933", "display_url": "hackaday.io/projects/hacke\u2026"}]}}, "followers_count": 847, "profile_sidebar_border_color": "C0DEED", "id_str": "915976368571027457", "profile_background_color": "F5F8FA", "listed_count": 14, "is_translation_enabled": false, "utc_offset": null, "statuses_count": 893, "description": "husband, father of two, hardware verification architect, TinyFPGA creator. [https://t.co/7hzJ8ifaKj] [https://t.co/mt6RNf5sb3]", "friends_count": 219, "location": "Sacramento, CA", "profile_link_color": "1DA1F2", "profile_image_url": "http://pbs.twimg.com/profile_images/955217661255823360/UuopzrBw_normal.jpg", "following": true, "geo_enabled": false, "profile_banner_url": "https://pbs.twimg.com/profile_banners/915976368571027457/1516576613", "profile_background_image_url": null, "screen_name": "TinyFPGA", "lang": "en", "profile_background_tile": false, "favourites_count": 783, "name": "Luke Valenty", "notifications": false, "url": "https://t.co/4HGx6AsrEI", "created_at": "Thu Oct 05 16:25:59 +0000 2017", "contributors_enabled": false, "time_zone": null, "protected": false, "default_profile": true, "is_translator": false}, "geo": null, "in_reply_to_user_id_str": "915976368571027457", "lang": "en", "created_at": "Sun Feb 18 00:00:03 +0000 2018", "in_reply_to_status_id_str": "965012938917425153", "place": null, "metadata": {"iso_language_code": "en", "result_type": "recent"}}, {"contributors": null, "truncated": true, "text": "@oe1cxw @esden I'm also continuing to get an issue with my host reset detection logic.  Whenever I enable the reset\u2026 https://t.co/CNnDXp9X5s", "is_quote_status": false, "in_reply_to_status_id": 965012203744018432, "id": 965012938917425153, "favorite_count": 1, "retweeted": false, "coordinates": null, "source": "<a href=\"http://twitter.com\" rel=\"nofollow\">Twitter Web Client</a>", "in_reply_to_screen_name": "TinyFPGA", "in_reply_to_user_id": 915976368571027457, "retweet_count": 0, "id_str": "965012938917425153", "favorited": false, "user": {"follow_request_sent": false, "has_extended_profile": true, "profile_use_background_image": true, "default_profile_image": false, "id": 915976368571027457, "profile_background_image_url_https": null, "verified": false, "translator_type": "none", "profile_text_color": "333333", "profile_image_url_https": "https://pbs.twimg.com/profile_images/955217661255823360/UuopzrBw_normal.jpg", "profile_sidebar_fill_color": "DDEEF6", "entities": {"url": {"urls": [{"url": "https://t.co/4HGx6AsrEI", "indices": [0, 23], "expanded_url": "http://tinyfpga.com", "display_url": "tinyfpga.com"}]}, "description": {"urls": [{"url": "https://t.co/7hzJ8ifaKj", "indices": [76, 99], "expanded_url": "https://github.com/tinyfpga", "display_url": "github.com/tinyfpga"}, {"url": "https://t.co/mt6RNf5sb3", "indices": [102, 125], "expanded_url": "https://hackaday.io/projects/hacker/233933", "display_url": "hackaday.io/projects/hacke\u2026"}]}}, "followers_count": 847, "profile_sidebar_border_color": "C0DEED", "id_str": "915976368571027457", "profile_background_color": "F5F8FA", "listed_count": 14, "is_translation_enabled": false, "utc_offset": null, "statuses_count": 893, "description": "husband, father of two, hardware verification architect, TinyFPGA creator. [https://t.co/7hzJ8ifaKj] [https://t.co/mt6RNf5sb3]", "friends_count": 219, "location": "Sacramento, CA", "profile_link_color": "1DA1F2", "profile_image_url": "http://pbs.twimg.com/profile_images/955217661255823360/UuopzrBw_normal.jpg", "following": true, "geo_enabled": false, "profile_banner_url": "https://pbs.twimg.com/profile_banners/915976368571027457/1516576613", "profile_background_image_url": null, "screen_name": "TinyFPGA", "lang": "en", "profile_background_tile": false, "favourites_count": 783, "name": "Luke Valenty", "notifications": false, "url": "https://t.co/4HGx6AsrEI", "created_at": "Thu Oct 05 16:25:59 +0000 2017", "contributors_enabled": false, "time_zone": null, "protected": false, "default_profile": true, "is_translator": false}, "geo": null, "in_reply_to_user_id_str": "915976368571027457", "lang": "en", "created_at": "Sat Feb 17 23:59:48 +0000 2018", "in_reply_to_status_id_str": "965012203744018432", "place": null, "metadata": {"iso_language_code": "en", "result_type": "recent"}}, {"contributors": null, "truncated": true, "text": "@oe1cxw @esden Could this be related to the tristate outputs on USB?  It might look like a logic loop to icestorm s\u2026 https://t.co/N1kpPVT17y", "is_quote_status": false, "in_reply_to_status_id": 965010891191173120, "id": 965012203744018432, "favorite_count": 1, "retweeted": false, "coordinates": null, "source": "<a href=\"http://twitter.com\" rel=\"nofollow\">Twitter Web Client</a>", "in_reply_to_screen_name": "TinyFPGA", "in_reply_to_user_id": 915976368571027457, "retweet_count": 0, "id_str": "965012203744018432", "favorited": false, "user": {"follow_request_sent": false, "has_extended_profile": true, "profile_use_background_image": true, "default_profile_image": false, "id": 915976368571027457, "profile_background_image_url_https": null, "verified": false, "translator_type": "none", "profile_text_color": "333333", "profile_image_url_https": "https://pbs.twimg.com/profile_images/955217661255823360/UuopzrBw_normal.jpg", "profile_sidebar_fill_color": "DDEEF6", "entities": {"url": {"urls": [{"url": "https://t.co/4HGx6AsrEI", "indices": [0, 23], "expanded_url": "http://tinyfpga.com", "display_url": "tinyfpga.com"}]}, "description": {"urls": [{"url": "https://t.co/7hzJ8ifaKj", "indices": [76, 99], "expanded_url": "https://github.com/tinyfpga", "display_url": "github.com/tinyfpga"}, {"url": "https://t.co/mt6RNf5sb3", "indices": [102, 125], "expanded_url": "https://hackaday.io/projects/hacker/233933", "display_url": "hackaday.io/projects/hacke\u2026"}]}}, "followers_count": 847, "profile_sidebar_border_color": "C0DEED", "id_str": "915976368571027457", "profile_background_color": "F5F8FA", "listed_count": 14, "is_translation_enabled": false, "utc_offset": null, "statuses_count": 893, "description": "husband, father of two, hardware verification architect, TinyFPGA creator. [https://t.co/7hzJ8ifaKj] [https://t.co/mt6RNf5sb3]", "friends_count": 219, "location": "Sacramento, CA", "profile_link_color": "1DA1F2", "profile_image_url": "http://pbs.twimg.com/profile_images/955217661255823360/UuopzrBw_normal.jpg", "following": true, "geo_enabled": false, "profile_banner_url": "https://pbs.twimg.com/profile_banners/915976368571027457/1516576613", "profile_background_image_url": null, "screen_name": "TinyFPGA", "lang": "en", "profile_background_tile": false, "favourites_count": 783, "name": "Luke Valenty", "notifications": false, "url": "https://t.co/4HGx6AsrEI", "created_at": "Thu Oct 05 16:25:59 +0000 2017", "contributors_enabled": false, "time_zone": null, "protected": false, "default_profile": true, "is_translator": false}, "geo": null, "in_reply_to_user_id_str": "915976368571027457", "lang": "en", "created_at": "Sat Feb 17 23:56:53 +0000 2018", "in_reply_to_status_id_str": "965010891191173120", "place": null, "metadata": {"iso_language_code": "en", "result_type": "recent"}}, {"contributors": null, "truncated": true, "text": "@oe1cxw @esden It looks like its reporting a logic loop.  I'm not quite sure how to find the source of the loop fro\u2026 https://t.co/jidJMQUuCW", "is_quote_status": false, "in_reply_to_status_id": 965009598750085125, "id": 965010891191173120, "favorite_count": 1, "retweeted": false, "coordinates": null, "source": "<a href=\"http://twitter.com\" rel=\"nofollow\">Twitter Web Client</a>", "in_reply_to_screen_name": "oe1cxw", "in_reply_to_user_id": 2821368996, "retweet_count": 0, "id_str": "965010891191173120", "favorited": false, "user": {"follow_request_sent": false, "has_extended_profile": true, "profile_use_background_image": true, "default_profile_image": false, "id": 915976368571027457, "profile_background_image_url_https": null, "verified": false, "translator_type": "none", "profile_text_color": "333333", "profile_image_url_https": "https://pbs.twimg.com/profile_images/955217661255823360/UuopzrBw_normal.jpg", "profile_sidebar_fill_color": "DDEEF6", "entities": {"url": {"urls": [{"url": "https://t.co/4HGx6AsrEI", "indices": [0, 23], "expanded_url": "http://tinyfpga.com", "display_url": "tinyfpga.com"}]}, "description": {"urls": [{"url": "https://t.co/7hzJ8ifaKj", "indices": [76, 99], "expanded_url": "https://github.com/tinyfpga", "display_url": "github.com/tinyfpga"}, {"url": "https://t.co/mt6RNf5sb3", "indices": [102, 125], "expanded_url": "https://hackaday.io/projects/hacker/233933", "display_url": "hackaday.io/projects/hacke\u2026"}]}}, "followers_count": 847, "profile_sidebar_border_color": "C0DEED", "id_str": "915976368571027457", "profile_background_color": "F5F8FA", "listed_count": 14, "is_translation_enabled": false, "utc_offset": null, "statuses_count": 893, "description": "husband, father of two, hardware verification architect, TinyFPGA creator. [https://t.co/7hzJ8ifaKj] [https://t.co/mt6RNf5sb3]", "friends_count": 219, "location": "Sacramento, CA", "profile_link_color": "1DA1F2", "profile_image_url": "http://pbs.twimg.com/profile_images/955217661255823360/UuopzrBw_normal.jpg", "following": true, "geo_enabled": false, "profile_banner_url": "https://pbs.twimg.com/profile_banners/915976368571027457/1516576613", "profile_background_image_url": null, "screen_name": "TinyFPGA", "lang": "en", "profile_background_tile": false, "favourites_count": 783, "name": "Luke Valenty", "notifications": false, "url": "https://t.co/4HGx6AsrEI", "created_at": "Thu Oct 05 16:25:59 +0000 2017", "contributors_enabled": false, "time_zone": null, "protected": false, "default_profile": true, "is_translator": false}, "geo": null, "in_reply_to_user_id_str": "2821368996", "possibly_sensitive": false, "lang": "en", "created_at": "Sat Feb 17 23:51:40 +0000 2018", "in_reply_to_status_id_str": "965009598750085125", "place": null, "metadata": {"iso_language_code": "en", "result_type": "recent"}}, {"contributors": null, "truncated": false, "text": "RT @jesslynnrose: Tech Twitter: Where was the first place you did anything with code? Even if it was a little html tweak?\n\nRT for reach? I'\u2026", "is_quote_status": false, "in_reply_to_status_id": null, "id": 965010328328200192, "favorite_count": 0, "retweeted": false, "coordinates": null, "source": "<a href=\"http://twitter.com/download/android\" rel=\"nofollow\">Twitter for Android</a>", "in_reply_to_screen_name": null, "in_reply_to_user_id": null, "retweet_count": 818, "id_str": "965010328328200192", "favorited": false, "retweeted_status": {"contributors": null, "truncated": true, "text": "Tech Twitter: Where was the first place you did anything with code? Even if it was a little html tweak?\n\nRT for rea\u2026 https://t.co/waN1fQGrKJ", "is_quote_status": false, "in_reply_to_status_id": null, "id": 964449981070536705, "favorite_count": 761, "retweeted": false, "coordinates": null, "source": "<a href=\"https://about.twitter.com/products/tweetdeck\" rel=\"nofollow\">TweetDeck</a>", "in_reply_to_screen_name": null, "in_reply_to_user_id": null, "retweet_count": 818, "id_str": "964449981070536705", "favorited": false, "user": {"follow_request_sent": false, "has_extended_profile": true, "profile_use_background_image": true, "default_profile_image": false, "id": 1530096708, "profile_background_image_url_https": "https://abs.twimg.com/images/themes/theme1/bg.png", "verified": false, "translator_type": "none", "profile_text_color": "333333", "profile_image_url_https": "https://pbs.twimg.com/profile_images/891163987861061632/vvlLmrbe_normal.jpg", "profile_sidebar_fill_color": "DDEEF6", "entities": {"url": {"urls": [{"url": "https://t.co/WXPi0Gcgn5", "indices": [0, 23], "expanded_url": "http://jessica.tech", "display_url": "jessica.tech"}]}, "description": {"urls": []}}, "followers_count": 14366, "profile_sidebar_border_color": "C0DEED", "id_str": "1530096708", "profile_background_color": "C0DEED", "listed_count": 581, "is_translation_enabled": false, "utc_offset": -28800, "statuses_count": 35434, "description": "Not angry, just disappointed. Does cool things w/ @pursuitpod, @pocketsbot, @opencodeclub, @trans_code & @watchingbuffy DMs open\ud83d\udc96", "friends_count": 2352, "location": "Birmingham/\u3069\u3053\u3067\u3082", "profile_link_color": "007AB3", "profile_image_url": "http://pbs.twimg.com/profile_images/891163987861061632/vvlLmrbe_normal.jpg", "following": false, "geo_enabled": false, "profile_banner_url": "https://pbs.twimg.com/profile_banners/1530096708/1448497747", "profile_background_image_url": "http://abs.twimg.com/images/themes/theme1/bg.png", "screen_name": "jesslynnrose", "lang": "en", "profile_background_tile": false, "favourites_count": 23634, "name": "Jessica Rose", "notifications": false, "url": "https://t.co/WXPi0Gcgn5", "created_at": "Wed Jun 19 07:56:27 +0000 2013", "contributors_enabled": false, "time_zone": "Pacific Time (US & Canada)", "protected": false, "default_profile": false, "is_translator": false}, "geo": null, "in_reply_to_user_id_str": null, "lang": "en", "created_at": "Fri Feb 16 10:42:48 +0000 2018", "in_reply_to_status_id_str": null, "place": null, "metadata": {"iso_language_code": "en", "result_type": "recent"}}, "user": {"follow_request_sent": false, "has_extended_profile": true, "profile_use_background_image": false, "default_profile_image": false, "id": 2821368996, "profile_background_image_url_https": "https://abs.twimg.com/images/themes/theme1/bg.png", "verified": false, "translator_type": "none", "profile_text_color": "000000", "profile_image_url_https": "https://pbs.twimg.com/profile_images/513243501031469056/XDXzTZMC_normal.png", "profile_sidebar_fill_color": "000000", "entities": {"url": {"urls": [{"url": "https://t.co/WNjfdYh7wz", "indices": [0, 23], "expanded_url": "http://www.clifford.at/", "display_url": "clifford.at"}]}, "description": {"urls": []}}, "followers_count": 2425, "profile_sidebar_border_color": "000000", "id_str": "2821368996", "profile_background_color": "ABB8C2", "listed_count": 48, "is_translation_enabled": false, "utc_offset": 3600, "statuses_count": 5271, "description": "FOSS | EE | C/C++, Verilog, Python | Math, CS | GPGPUs | FPGAs | RISC-V, PicoRV32 | SAT, SMT, ML | Yosys, IceStorm, OpenSCAD | eevidtron, cliffordvienna", "friends_count": 367, "location": "Vienna", "profile_link_color": "E81C4F", "profile_image_url": "http://pbs.twimg.com/profile_images/513243501031469056/XDXzTZMC_normal.png", "following": true, "geo_enabled": false, "profile_banner_url": "https://pbs.twimg.com/profile_banners/2821368996/1518875672", "profile_background_image_url": "http://abs.twimg.com/images/themes/theme1/bg.png", "screen_name": "oe1cxw", "lang": "en", "profile_background_tile": false, "favourites_count": 15603, "name": "Clifford Wolf", "notifications": false, "url": "https://t.co/WNjfdYh7wz", "created_at": "Sat Sep 20 08:23:07 +0000 2014", "contributors_enabled": false, "time_zone": "Ljubljana", "protected": false, "default_profile": false, "is_translator": false}, "geo": null, "in_reply_to_user_id_str": null, "lang": "en", "created_at": "Sat Feb 17 23:49:25 +0000 2018", "in_reply_to_status_id_str": null, "place": null, "metadata": {"iso_language_code": "en", "result_type": "recent"}}, {"contributors": null, "truncated": false, "text": "@TinyFPGA @esden Does icetime tell you it meets timing?", "is_quote_status": false, "in_reply_to_status_id": 965008149345267712, "id": 965009598750085125, "favorite_count": 1, "retweeted": false, "coordinates": null, "source": "<a href=\"http://twitter.com/download/android\" rel=\"nofollow\">Twitter for Android</a>", "in_reply_to_screen_name": "TinyFPGA", "in_reply_to_user_id": 915976368571027457, "retweet_count": 0, "id_str": "965009598750085125", "favorited": false, "user": {"follow_request_sent": false, "has_extended_profile": true, "profile_use_background_image": false, "default_profile_image": false, "id": 2821368996, "profile_background_image_url_https": "https://abs.twimg.com/images/themes/theme1/bg.png", "verified": false, "translator_type": "none", "profile_text_color": "000000", "profile_image_url_https": "https://pbs.twimg.com/profile_images/513243501031469056/XDXzTZMC_normal.png", "profile_sidebar_fill_color": "000000", "entities": {"url": {"urls": [{"url": "https://t.co/WNjfdYh7wz", "indices": [0, 23], "expanded_url": "http://www.clifford.at/", "display_url": "clifford.at"}]}, "description": {"urls": []}}, "followers_count": 2425, "profile_sidebar_border_color": "000000", "id_str": "2821368996", "profile_background_color": "ABB8C2", "listed_count": 48, "is_translation_enabled": false, "utc_offset": 3600, "statuses_count": 5271, "description": "FOSS | EE | C/C++, Verilog, Python | Math, CS | GPGPUs | FPGAs | RISC-V, PicoRV32 | SAT, SMT, ML | Yosys, IceStorm, OpenSCAD | eevidtron, cliffordvienna", "friends_count": 367, "location": "Vienna", "profile_link_color": "E81C4F", "profile_image_url": "http://pbs.twimg.com/profile_images/513243501031469056/XDXzTZMC_normal.png", "following": true, "geo_enabled": false, "profile_banner_url": "https://pbs.twimg.com/profile_banners/2821368996/1518875672", "profile_background_image_url": "http://abs.twimg.com/images/themes/theme1/bg.png", "screen_name": "oe1cxw", "lang": "en", "profile_background_tile": false, "favourites_count": 15603, "name": "Clifford Wolf", "notifications": false, "url": "https://t.co/WNjfdYh7wz", "created_at": "Sat Sep 20 08:23:07 +0000 2014", "contributors_enabled": false, "time_zone": "Ljubljana", "protected": false, "default_profile": false, "is_translator": false}, "geo": null, "in_reply_to_user_id_str": "915976368571027457", "lang": "en", "created_at": "Sat Feb 17 23:46:32 +0000 2018", "in_reply_to_status_id_str": "965008149345267712", "place": null, "metadata": {"iso_language_code": "en", "result_type": "recent"}}, {"contributors": null, "truncated": true, "text": "@TinyFPGA Uhh ok, I guess this is something for @fpga_dave and maybe even @oe1cxw to look into. I will try to repro\u2026 https://t.co/KC49uD7j03", "is_quote_status": false, "in_reply_to_status_id": 965008149345267712, "id": 965009003586596864, "favorite_count": 2, "retweeted": false, "coordinates": null, "source": "<a href=\"http://tapbots.com/software/tweetbot/mac\" rel=\"nofollow\">Tweetbot for Mac</a>", "in_reply_to_screen_name": "TinyFPGA", "in_reply_to_user_id": 915976368571027457, "retweet_count": 0, "id_str": "965009003586596864", "favorited": false, "user": {"follow_request_sent": false, "has_extended_profile": false, "profile_use_background_image": false, "default_profile_image": false, "id": 14159640, "profile_background_image_url_https": "https://abs.twimg.com/images/themes/theme1/bg.png", "verified": false, "translator_type": "none", "profile_text_color": "000000", "profile_image_url_https": "https://pbs.twimg.com/profile_images/875591045077114880/uaReijkQ_normal.jpg", "profile_sidebar_fill_color": "000000", "entities": {"url": {"urls": [{"url": "https://t.co/b6l6V7QMkv", "indices": [0, 23], "expanded_url": "http://1bitsquared.com", "display_url": "1bitsquared.com"}]}, "description": {"urls": [{"url": "https://t.co/slOfKQQY6T", "indices": [24, 47], "expanded_url": "http://1bit2.com", "display_url": "1bit2.com"}, {"url": "https://t.co/2K5qN5Sri0", "indices": [70, 93], "expanded_url": "http://black-magic.org", "display_url": "black-magic.org"}, {"url": "https://t.co/L3OIVmx8mN", "indices": [94, 117], "expanded_url": "http://1bitsy.org", "display_url": "1bitsy.org"}, {"url": "https://t.co/tClWvATImR", "indices": [136, 159], "expanded_url": "http://youtube.com/user/esdentem", "display_url": "youtube.com/user/esdentem"}]}}, "followers_count": 2047, "profile_sidebar_border_color": "000000", "id_str": "14159640", "profile_background_color": "000000", "listed_count": 87, "is_translation_enabled": false, "utc_offset": -28800, "statuses_count": 7799, "description": "Founder of @1BitSquared https://t.co/slOfKQQY6T Embedded Systems Eng. https://t.co/2K5qN5Sri0 https://t.co/L3OIVmx8mN @paparazziuav YT: https://t.co/tClWvATImR", "friends_count": 1180, "location": "Eugene, OR; Ingolstadt, DE; Warszawa, PL", "profile_link_color": "262B2F", "profile_image_url": "http://pbs.twimg.com/profile_images/875591045077114880/uaReijkQ_normal.jpg", "following": false, "geo_enabled": false, "profile_background_image_url": "http://abs.twimg.com/images/themes/theme1/bg.png", "screen_name": "esden", "lang": "en", "profile_background_tile": false, "favourites_count": 13488, "name": "Piotr Esden-Tempski", "notifications": false, "url": "https://t.co/b6l6V7QMkv", "created_at": "Sun Mar 16 21:55:24 +0000 2008", "contributors_enabled": false, "time_zone": "Pacific Time (US & Canada)", "protected": false, "default_profile": false, "is_translator": false}, "geo": null, "in_reply_to_user_id_str": "915976368571027457", "lang": "en", "created_at": "Sat Feb 17 23:44:10 +0000 2018", "in_reply_to_status_id_str": "965008149345267712", "place": null, "metadata": {"iso_language_code": "en", "result_type": "recent"}}, {"contributors": null, "truncated": true, "text": "@kc8apf That was a PhD student from the institute for technical informatics, the computer science department at TU\u2026 https://t.co/rdeLXixHnt", "is_quote_status": false, "in_reply_to_status_id": 964994471120310272, "id": 964995048969564160, "favorite_count": 0, "retweeted": false, "coordinates": null, "source": "<a href=\"http://twitter.com/download/android\" rel=\"nofollow\">Twitter for Android</a>", "in_reply_to_screen_name": "oe1cxw", "in_reply_to_user_id": 2821368996, "retweet_count": 0, "id_str": "964995048969564160", "favorited": false, "user": {"follow_request_sent": false, "has_extended_profile": true, "profile_use_background_image": false, "default_profile_image": false, "id": 2821368996, "profile_background_image_url_https": "https://abs.twimg.com/images/themes/theme1/bg.png", "verified": false, "translator_type": "none", "profile_text_color": "000000", "profile_image_url_https": "https://pbs.twimg.com/profile_images/513243501031469056/XDXzTZMC_normal.png", "profile_sidebar_fill_color": "000000", "entities": {"url": {"urls": [{"url": "https://t.co/WNjfdYh7wz", "indices": [0, 23], "expanded_url": "http://www.clifford.at/", "display_url": "clifford.at"}]}, "description": {"urls": []}}, "followers_count": 2425, "profile_sidebar_border_color": "000000", "id_str": "2821368996", "profile_background_color": "ABB8C2", "listed_count": 48, "is_translation_enabled": false, "utc_offset": 3600, "statuses_count": 5271, "description": "FOSS | EE | C/C++, Verilog, Python | Math, CS | GPGPUs | FPGAs | RISC-V, PicoRV32 | SAT, SMT, ML | Yosys, IceStorm, OpenSCAD | eevidtron, cliffordvienna", "friends_count": 367, "location": "Vienna", "profile_link_color": "E81C4F", "profile_image_url": "http://pbs.twimg.com/profile_images/513243501031469056/XDXzTZMC_normal.png", "following": true, "geo_enabled": false, "profile_banner_url": "https://pbs.twimg.com/profile_banners/2821368996/1518875672", "profile_background_image_url": "http://abs.twimg.com/images/themes/theme1/bg.png", "screen_name": "oe1cxw", "lang": "en", "profile_background_tile": false, "favourites_count": 15603, "name": "Clifford Wolf", "notifications": false, "url": "https://t.co/WNjfdYh7wz", "created_at": "Sat Sep 20 08:23:07 +0000 2014", "contributors_enabled": false, "time_zone": "Ljubljana", "protected": false, "default_profile": false, "is_translator": false}, "geo": null, "in_reply_to_user_id_str": "2821368996", "lang": "en", "created_at": "Sat Feb 17 22:48:43 +0000 2018", "in_reply_to_status_id_str": "964994471120310272", "place": null, "metadata": {"iso_language_code": "en", "result_type": "recent"}}, {"contributors": null, "truncated": true, "text": "@kc8apf Uni lecture for freshman computer science students where they take apart a computer. Lecturer takes out the\u2026 https://t.co/zZxg3ti5PT", "is_quote_status": false, "in_reply_to_status_id": 964978596128243713, "id": 964994471120310272, "favorite_count": 2, "retweeted": false, "coordinates": null, "source": "<a href=\"http://twitter.com/download/android\" rel=\"nofollow\">Twitter for Android</a>", "in_reply_to_screen_name": "kc8apf", "in_reply_to_user_id": 14956580, "retweet_count": 0, "id_str": "964994471120310272", "favorited": false, "user": {"follow_request_sent": false, "has_extended_profile": true, "profile_use_background_image": false, "default_profile_image": false, "id": 2821368996, "profile_background_image_url_https": "https://abs.twimg.com/images/themes/theme1/bg.png", "verified": false, "translator_type": "none", "profile_text_color": "000000", "profile_image_url_https": "https://pbs.twimg.com/profile_images/513243501031469056/XDXzTZMC_normal.png", "profile_sidebar_fill_color": "000000", "entities": {"url": {"urls": [{"url": "https://t.co/WNjfdYh7wz", "indices": [0, 23], "expanded_url": "http://www.clifford.at/", "display_url": "clifford.at"}]}, "description": {"urls": []}}, "followers_count": 2425, "profile_sidebar_border_color": "000000", "id_str": "2821368996", "profile_background_color": "ABB8C2", "listed_count": 48, "is_translation_enabled": false, "utc_offset": 3600, "statuses_count": 5271, "description": "FOSS | EE | C/C++, Verilog, Python | Math, CS | GPGPUs | FPGAs | RISC-V, PicoRV32 | SAT, SMT, ML | Yosys, IceStorm, OpenSCAD | eevidtron, cliffordvienna", "friends_count": 367, "location": "Vienna", "profile_link_color": "E81C4F", "profile_image_url": "http://pbs.twimg.com/profile_images/513243501031469056/XDXzTZMC_normal.png", "following": true, "geo_enabled": false, "profile_banner_url": "https://pbs.twimg.com/profile_banners/2821368996/1518875672", "profile_background_image_url": "http://abs.twimg.com/images/themes/theme1/bg.png", "screen_name": "oe1cxw", "lang": "en", "profile_background_tile": false, "favourites_count": 15603, "name": "Clifford Wolf", "notifications": false, "url": "https://t.co/WNjfdYh7wz", "created_at": "Sat Sep 20 08:23:07 +0000 2014", "contributors_enabled": false, "time_zone": "Ljubljana", "protected": false, "default_profile": false, "is_translator": false}, "geo": null, "in_reply_to_user_id_str": "14956580", "lang": "en", "created_at": "Sat Feb 17 22:46:25 +0000 2018", "in_reply_to_status_id_str": "964978596128243713", "place": null, "metadata": {"iso_language_code": "en", "result_type": "recent"}}, {"contributors": null, "truncated": false, "text": "RT @micko_mame: Got micropython running on picorv32 core on upduino board.\nThis is just minimal version, but still it is run quite nice :)\u2026", "is_quote_status": false, "in_reply_to_status_id": null, "id": 964988975583698945, "favorite_count": 0, "retweeted": false, "coordinates": null, "source": "<a href=\"http://twitter.com/download/android\" rel=\"nofollow\">Twitter for Android</a>", "in_reply_to_screen_name": null, "in_reply_to_user_id": null, "retweet_count": 22, "id_str": "964988975583698945", "favorited": false, "retweeted_status": {"contributors": null, "truncated": true, "text": "Got micropython running on picorv32 core on upduino board.\nThis is just minimal version, but still it is run quite\u2026 https://t.co/yjCgAChmLi", "is_quote_status": false, "in_reply_to_status_id": null, "id": 964792057637298176, "favorite_count": 61, "retweeted": false, "coordinates": null, "source": "<a href=\"http://twitter.com\" rel=\"nofollow\">Twitter Web Client</a>", "in_reply_to_screen_name": null, "in_reply_to_user_id": null, "retweet_count": 22, "id_str": "964792057637298176", "favorited": false, "user": {"follow_request_sent": false, "has_extended_profile": true, "profile_use_background_image": false, "default_profile_image": false, "id": 2321177005, "profile_background_image_url_https": "https://abs.twimg.com/images/themes/theme1/bg.png", "verified": false, "translator_type": "none", "profile_text_color": "000000", "profile_image_url_https": "https://pbs.twimg.com/profile_images/802054622089199616/oO3P7kq6_normal.jpg", "profile_sidebar_fill_color": "000000", "entities": {"description": {"urls": []}}, "followers_count": 521, "profile_sidebar_border_color": "000000", "id_str": "2321177005", "profile_background_color": "000000", "listed_count": 13, "is_translation_enabled": false, "utc_offset": 3600, "statuses_count": 913, "description": "Software developer,MAME project developer and emulation enthusiast, interested in FPGA and hardware in general", "friends_count": 345, "location": "Novi Sad , Serbia", "profile_link_color": "3B94D9", "profile_image_url": "http://pbs.twimg.com/profile_images/802054622089199616/oO3P7kq6_normal.jpg", "following": false, "geo_enabled": false, "profile_banner_url": "https://pbs.twimg.com/profile_banners/2321177005/1421306770", "profile_background_image_url": "http://abs.twimg.com/images/themes/theme1/bg.png", "screen_name": "micko_mame", "lang": "en", "profile_background_tile": false, "favourites_count": 1497, "name": "Miodrag Milanovic", "notifications": false, "url": null, "created_at": "Fri Jan 31 18:07:27 +0000 2014", "contributors_enabled": false, "time_zone": "Belgrade", "protected": false, "default_profile": false, "is_translator": false}, "geo": null, "in_reply_to_user_id_str": null, "possibly_sensitive": false, "lang": "en", "created_at": "Sat Feb 17 09:22:06 +0000 2018", "in_reply_to_status_id_str": null, "place": null, "metadata": {"iso_language_code": "en", "result_type": "recent"}}, "user": {"follow_request_sent": false, "has_extended_profile": true, "profile_use_background_image": true, "default_profile_image": false, "id": 44628933, "profile_background_image_url_https": "https://abs.twimg.com/images/themes/theme1/bg.png", "verified": false, "translator_type": "none", "profile_text_color": "333333", "profile_image_url_https": "https://pbs.twimg.com/profile_images/931742368864264193/nTpVVBMV_normal.jpg", "profile_sidebar_fill_color": "DDEEF6", "entities": {"url": {"urls": [{"url": "https://t.co/cddpuzHb3Q", "indices": [0, 23], "expanded_url": "http://abhishekntu.github.io/", "display_url": "abhishekntu.github.io"}]}, "description": {"urls": []}}, "followers_count": 187, "profile_sidebar_border_color": "C0DEED", "id_str": "44628933", "profile_background_color": "C0DEED", "listed_count": 16, "is_translation_enabled": false, "utc_offset": null, "statuses_count": 908, "description": "Postdoctoral Research Staff Member, Lawrence Livermore National Lab", "friends_count": 328, "location": "Livermore, CA", "profile_link_color": "1DA1F2", "profile_image_url": "http://pbs.twimg.com/profile_images/931742368864264193/nTpVVBMV_normal.jpg", "following": false, "geo_enabled": true, "profile_background_image_url": "http://abs.twimg.com/images/themes/theme1/bg.png", "screen_name": "jainabhishek123", "lang": "en", "profile_background_tile": false, "favourites_count": 2044, "name": "Abhishek Jain", "notifications": false, "url": "https://t.co/cddpuzHb3Q", "created_at": "Thu Jun 04 14:36:37 +0000 2009", "contributors_enabled": false, "time_zone": null, "protected": false, "default_profile": true, "is_translator": false}, "geo": null, "in_reply_to_user_id_str": null, "lang": "en", "created_at": "Sat Feb 17 22:24:35 +0000 2018", "in_reply_to_status_id_str": null, "place": null, "metadata": {"iso_language_code": "en", "result_type": "recent"}}]}