{"search_metadata": {"count": 100, "completed_in": 0.042, "max_id_str": "966123692139847687", "since_id_str": "0", "refresh_url": "?since_id=966123692139847687&q=icecube2", "since_id": 0, "query": "icecube2", "max_id": 966123692139847687}, "statuses": [{"contributors": null, "truncated": false, "text": "Lattice iCEcube2\u306e\u30e9\u30a4\u30bb\u30f3\u30b9\u8981\u6c42\u3092\u3057\u305f\u3089\u3001Active-HDL\u30e9\u30a4\u30bb\u30f3\u30b9\u304c\u7121\u52b9\u306a\u30e9\u30a4\u30bb\u30f3\u30b9\u30d5\u30a1\u30a4\u30eb\u304c\u9001\u3089\u308c\u3066\u304d\u305f\u3002\u6563\u3005\u8abf\u67fb\u3057\u3066\u65e5\u3092\u7f6e\u3044\u3066\u518d\u5ea6\u8981\u6c42\u3057\u305f\u3089\u6b63\u3057\u3044\u30d5\u30a1\u30a4\u30eb\u304c\u9001\u3089\u308c\u3066\u304d\u305f\u3002\u3053\u3046\u3044\u3046\u3053\u3068\u3067\u3082\u52b4\u50cd\u6642\u9593\u524a\u6e1b\u306e\u969c\u58c1\u306b\u306a\u3063\u3066\u3044\u308b\u3053\u3068\u3092\u89e3\u3063\u3066\u307b\u3057\u3044\u3002", "is_quote_status": false, "in_reply_to_status_id": null, "id": 966123692139847687, "favorite_count": 0, "retweeted": false, "coordinates": null, "source": "<a href=\"http://twitter.com\" rel=\"nofollow\">Twitter Web Client</a>", "in_reply_to_screen_name": null, "in_reply_to_user_id": null, "retweet_count": 0, "id_str": "966123692139847687", "favorited": false, "user": {"follow_request_sent": false, "has_extended_profile": false, "profile_use_background_image": true, "default_profile_image": false, "id": 89188020, "profile_background_image_url_https": "https://pbs.twimg.com/profile_background_images/100167622/W20100510232100928.jpg", "verified": false, "translator_type": "none", "profile_text_color": "634047", "profile_image_url_https": "https://pbs.twimg.com/profile_images/647622839818825732/IQIv9l6q_normal.jpg", "profile_sidebar_fill_color": "E3E2DE", "entities": {"url": {"urls": [{"url": "http://t.co/k9Sse977q7", "indices": [0, 22], "expanded_url": "http://ef6318.blog.fc2.com/", "display_url": "ef6318.blog.fc2.com"}]}, "description": {"urls": [{"url": "https://t.co/B0KLEh2vqN", "indices": [77, 100], "expanded_url": "http://toolmaster.blog.fc2.com/", "display_url": "toolmaster.blog.fc2.com"}]}}, "followers_count": 256, "profile_sidebar_border_color": "D3D2CF", "id_str": "89188020", "profile_background_color": "EDECE9", "listed_count": 6, "is_translation_enabled": false, "utc_offset": 32400, "statuses_count": 10852, "description": "\u98a8\u524d\u306e\u706f\u706b\u3001\u7d44\u8fbc\u307f\u30b7\u30b9\u30c6\u30e0\u30cf\u30a6\u30b9(\u6b7b\u8a9e)\u306eH/W\u5c4b\u3001\u56de\u8def/HDL\u8a2d\u8a08\u3088\u308a\u3082\u96d1\u52d9\u3067\u5fd9\u6bba\u3002\u5c11\u3057\u3067\u3082\u9593\u53e3\u5e83\u3052\u308b\u70ba\u306b\u3082\u9670\u3067PSoC/NiosII\u3067\u30bd\u30d5\u30c8\u72ec\u5b66\u4e2d\u3002 https://t.co/B0KLEh2vqN \u64ae\u308a\u9244/\u4e57\u308a\u9244/\u8857\u6b69\u304d", "friends_count": 323, "location": "\u6a2a\u6d5c\u5e02", "profile_link_color": "088253", "profile_image_url": "http://pbs.twimg.com/profile_images/647622839818825732/IQIv9l6q_normal.jpg", "following": false, "geo_enabled": false, "profile_banner_url": "https://pbs.twimg.com/profile_banners/89188020/1398658399", "profile_background_image_url": "http://pbs.twimg.com/profile_background_images/100167622/W20100510232100928.jpg", "screen_name": "hyoutantugi", "lang": "ja", "profile_background_tile": true, "favourites_count": 1732, "name": "\u4eba\u751f\u3092BootCamp\u3002", "notifications": false, "url": "http://t.co/k9Sse977q7", "created_at": "Wed Nov 11 13:48:20 +0000 2009", "contributors_enabled": false, "time_zone": "Tokyo", "protected": false, "default_profile": false, "is_translator": false}, "geo": null, "in_reply_to_user_id_str": null, "lang": "ja", "created_at": "Wed Feb 21 01:33:32 +0000 2018", "in_reply_to_status_id_str": null, "place": null, "metadata": {"iso_language_code": "ja", "result_type": "recent"}}, {"contributors": null, "truncated": false, "text": "Lattice\u306e\u958b\u767a\u7528\u30bd\u30d5\u30c8iCEcube2\u3092\u30c0\u30a6\u30f3\u30ed\u30fc\u30c9\u3057\u3088\u3046\u3068\u3057\u305f\u306e\u3060\u3051\u308c\u3069\u3001\u8a00\u8a9e\u8a2d\u5b9a\u3092\u82f1\u8a9e\u4ee5\u5916\u306b\u3057\u3066\u3044\u308b\u3068\u3001\u30c0\u30a6\u30f3\u30ed\u30fc\u30c9\u30ea\u30f3\u30af\u304c\u8868\u793a\u3055\u308c\u306a\u3044\u3002Diamond\u306f\u666e\u901a\u306b\u30c0\u30a6\u30f3\u30ed\u30fc\u30c9\u3067\u304d\u308b\u3002\u30db\u30f3\u30c8\u3053\u3046\u3044\u3046\u30e0\u30c0\u306a\u30c8\u30e9\u30c3\u30d7\u8981\u3089\u306a\u3044\u3002", "is_quote_status": false, "in_reply_to_status_id": null, "id": 965401037984034818, "favorite_count": 0, "retweeted": false, "coordinates": null, "source": "<a href=\"http://twitter.com\" rel=\"nofollow\">Twitter Web Client</a>", "in_reply_to_screen_name": null, "in_reply_to_user_id": null, "retweet_count": 0, "id_str": "965401037984034818", "favorited": false, "user": {"follow_request_sent": false, "has_extended_profile": false, "profile_use_background_image": true, "default_profile_image": false, "id": 89188020, "profile_background_image_url_https": "https://pbs.twimg.com/profile_background_images/100167622/W20100510232100928.jpg", "verified": false, "translator_type": "none", "profile_text_color": "634047", "profile_image_url_https": "https://pbs.twimg.com/profile_images/647622839818825732/IQIv9l6q_normal.jpg", "profile_sidebar_fill_color": "E3E2DE", "entities": {"url": {"urls": [{"url": "http://t.co/k9Sse977q7", "indices": [0, 22], "expanded_url": "http://ef6318.blog.fc2.com/", "display_url": "ef6318.blog.fc2.com"}]}, "description": {"urls": [{"url": "https://t.co/B0KLEh2vqN", "indices": [77, 100], "expanded_url": "http://toolmaster.blog.fc2.com/", "display_url": "toolmaster.blog.fc2.com"}]}}, "followers_count": 256, "profile_sidebar_border_color": "D3D2CF", "id_str": "89188020", "profile_background_color": "EDECE9", "listed_count": 6, "is_translation_enabled": false, "utc_offset": 32400, "statuses_count": 10852, "description": "\u98a8\u524d\u306e\u706f\u706b\u3001\u7d44\u8fbc\u307f\u30b7\u30b9\u30c6\u30e0\u30cf\u30a6\u30b9(\u6b7b\u8a9e)\u306eH/W\u5c4b\u3001\u56de\u8def/HDL\u8a2d\u8a08\u3088\u308a\u3082\u96d1\u52d9\u3067\u5fd9\u6bba\u3002\u5c11\u3057\u3067\u3082\u9593\u53e3\u5e83\u3052\u308b\u70ba\u306b\u3082\u9670\u3067PSoC/NiosII\u3067\u30bd\u30d5\u30c8\u72ec\u5b66\u4e2d\u3002 https://t.co/B0KLEh2vqN \u64ae\u308a\u9244/\u4e57\u308a\u9244/\u8857\u6b69\u304d", "friends_count": 323, "location": "\u6a2a\u6d5c\u5e02", "profile_link_color": "088253", "profile_image_url": "http://pbs.twimg.com/profile_images/647622839818825732/IQIv9l6q_normal.jpg", "following": false, "geo_enabled": false, "profile_banner_url": "https://pbs.twimg.com/profile_banners/89188020/1398658399", "profile_background_image_url": "http://pbs.twimg.com/profile_background_images/100167622/W20100510232100928.jpg", "screen_name": "hyoutantugi", "lang": "ja", "profile_background_tile": true, "favourites_count": 1732, "name": "\u4eba\u751f\u3092BootCamp\u3002", "notifications": false, "url": "http://t.co/k9Sse977q7", "created_at": "Wed Nov 11 13:48:20 +0000 2009", "contributors_enabled": false, "time_zone": "Tokyo", "protected": false, "default_profile": false, "is_translator": false}, "geo": null, "in_reply_to_user_id_str": null, "lang": "ja", "created_at": "Mon Feb 19 01:41:58 +0000 2018", "in_reply_to_status_id_str": null, "place": null, "metadata": {"iso_language_code": "ja", "result_type": "recent"}}, {"contributors": null, "truncated": true, "text": "@esden I have good news and bad news.  The good news: it works!  The bad news: it doesn't currently work with icest\u2026 https://t.co/uu9lrUUkBV", "is_quote_status": false, "in_reply_to_status_id": 964993014455128064, "id": 965008149345267712, "favorite_count": 4, "retweeted": false, "coordinates": null, "source": "<a href=\"http://twitter.com\" rel=\"nofollow\">Twitter Web Client</a>", "in_reply_to_screen_name": "TinyFPGA", "in_reply_to_user_id": 915976368571027457, "retweet_count": 0, "id_str": "965008149345267712", "favorited": false, "user": {"follow_request_sent": false, "has_extended_profile": true, "profile_use_background_image": true, "default_profile_image": false, "id": 915976368571027457, "profile_background_image_url_https": null, "verified": false, "translator_type": "none", "profile_text_color": "333333", "profile_image_url_https": "https://pbs.twimg.com/profile_images/955217661255823360/UuopzrBw_normal.jpg", "profile_sidebar_fill_color": "DDEEF6", "entities": {"url": {"urls": [{"url": "https://t.co/4HGx6AsrEI", "indices": [0, 23], "expanded_url": "http://tinyfpga.com", "display_url": "tinyfpga.com"}]}, "description": {"urls": []}}, "followers_count": 829, "profile_sidebar_border_color": "C0DEED", "id_str": "915976368571027457", "profile_background_color": "F5F8FA", "listed_count": 13, "is_translation_enabled": false, "utc_offset": null, "statuses_count": 874, "description": "husband, father of two, hardware verification architect, TinyFPGA creator", "friends_count": 219, "location": "Sacramento, CA", "profile_link_color": "1DA1F2", "profile_image_url": "http://pbs.twimg.com/profile_images/955217661255823360/UuopzrBw_normal.jpg", "following": true, "geo_enabled": false, "profile_banner_url": "https://pbs.twimg.com/profile_banners/915976368571027457/1516576613", "profile_background_image_url": null, "screen_name": "TinyFPGA", "lang": "en", "profile_background_tile": false, "favourites_count": 768, "name": "Luke Valenty", "notifications": false, "url": "https://t.co/4HGx6AsrEI", "created_at": "Thu Oct 05 16:25:59 +0000 2017", "contributors_enabled": false, "time_zone": null, "protected": false, "default_profile": true, "is_translator": false}, "geo": null, "in_reply_to_user_id_str": "915976368571027457", "possibly_sensitive": false, "lang": "en", "created_at": "Sat Feb 17 23:40:46 +0000 2018", "in_reply_to_status_id_str": "964993014455128064", "place": null, "metadata": {"iso_language_code": "en", "result_type": "recent"}}]}