{"search_metadata": {"count": 100, "completed_in": 0.16, "max_id_str": "967460098355314688", "since_id_str": "0", "refresh_url": "?since_id=967460098355314688&q=ultraplus", "since_id": 0, "query": "ultraplus", "max_id": 967460098355314688}, "statuses": [{"contributors": null, "truncated": true, "text": "@VICMAN1307 \u00c9l PRIAN se ha ganado el primer lugar ultraplus de la CORRUPCI\u00d3N PRAGMATICA con reconocimiento del mund\u2026 https://t.co/3yBoyOgmAO", "is_quote_status": false, "in_reply_to_status_id": 967394566604177409, "id": 967460098355314688, "favorite_count": 0, "retweeted": false, "coordinates": null, "source": "<a href=\"http://twitter.com/download/android\" rel=\"nofollow\">Twitter for Android</a>", "in_reply_to_screen_name": "VICMAN1307", "in_reply_to_user_id": 141393222, "retweet_count": 0, "id_str": "967460098355314688", "favorited": false, "user": {"follow_request_sent": false, "has_extended_profile": false, "profile_use_background_image": true, "default_profile_image": false, "id": 3082955954, "profile_background_image_url_https": "https://abs.twimg.com/images/themes/theme1/bg.png", "verified": false, "translator_type": "none", "profile_text_color": "333333", "profile_image_url_https": "https://pbs.twimg.com/profile_images/831896661165105152/7seG-XBT_normal.jpg", "profile_sidebar_fill_color": "DDEEF6", "entities": {"description": {"urls": []}}, "followers_count": 563, "profile_sidebar_border_color": "C0DEED", "id_str": "3082955954", "profile_background_color": "C0DEED", "listed_count": 6, "is_translation_enabled": false, "utc_offset": null, "statuses_count": 10593, "description": "Mucho que decir, pero de 140 en 140 caracteres voy levantando la mano para soltarlo todo.", "friends_count": 1553, "location": "", "profile_link_color": "1DA1F2", "profile_image_url": "http://pbs.twimg.com/profile_images/831896661165105152/7seG-XBT_normal.jpg", "following": false, "geo_enabled": true, "profile_banner_url": "https://pbs.twimg.com/profile_banners/3082955954/1426381203", "profile_background_image_url": "http://abs.twimg.com/images/themes/theme1/bg.png", "screen_name": "AlexMoreiraR", "lang": "es", "profile_background_tile": false, "favourites_count": 7226, "name": "Alejandro Moreira", "notifications": false, "url": null, "created_at": "Sun Mar 15 00:51:08 +0000 2015", "contributors_enabled": false, "time_zone": null, "protected": false, "default_profile": true, "is_translator": false}, "geo": null, "in_reply_to_user_id_str": "141393222", "possibly_sensitive": false, "lang": "es", "created_at": "Sat Feb 24 18:03:56 +0000 2018", "in_reply_to_status_id_str": "967394566604177409", "place": null, "metadata": {"iso_language_code": "es", "result_type": "recent"}}, {"contributors": null, "truncated": false, "text": "Mouser ships Lattice Semiconductor\u2019s iCE40 Ult https://t.co/m8AxTqvxB1 #componentsconnectors #latestnews #technews https://t.co/epxFVGi0cz", "is_quote_status": false, "in_reply_to_status_id": null, "id": 966868202646011904, "favorite_count": 0, "retweeted": false, "coordinates": null, "source": "<a href=\"http://www.ajaymatharu.com/\" rel=\"nofollow\">Tweet Old Post</a>", "in_reply_to_screen_name": null, "in_reply_to_user_id": null, "retweet_count": 0, "id_str": "966868202646011904", "favorited": false, "user": {"follow_request_sent": false, "has_extended_profile": false, "profile_use_background_image": false, "default_profile_image": false, "id": 951498600, "profile_background_image_url_https": "https://pbs.twimg.com/profile_background_images/812699188/e710a719643f0914c15e6020245034e5.png", "verified": false, "translator_type": "none", "profile_text_color": "333333", "profile_image_url_https": "https://pbs.twimg.com/profile_images/925769626243477504/VF5-Hj91_normal.jpg", "profile_sidebar_fill_color": "DDEEF6", "entities": {"url": {"urls": [{"url": "https://t.co/Kk9cbJGm5N", "indices": [0, 23], "expanded_url": "http://www.softei.com", "display_url": "softei.com"}]}, "description": {"urls": [{"url": "https://t.co/lqUcCwtUef", "indices": [0, 23], "expanded_url": "http://Softei.com", "display_url": "Softei.com"}]}}, "followers_count": 1572, "profile_sidebar_border_color": "FFFFFF", "id_str": "951498600", "profile_background_color": "C0DEED", "listed_count": 25, "is_translation_enabled": false, "utc_offset": 0, "statuses_count": 30126, "description": "https://t.co/lqUcCwtUef For Whats New in the Electronics Industry, Promotions, Competitions plus the latest industry developments.", "friends_count": 3308, "location": "", "profile_link_color": "5E93CC", "profile_image_url": "http://pbs.twimg.com/profile_images/925769626243477504/VF5-Hj91_normal.jpg", "following": false, "geo_enabled": false, "profile_banner_url": "https://pbs.twimg.com/profile_banners/951498600/1509555656", "profile_background_image_url": "http://pbs.twimg.com/profile_background_images/812699188/e710a719643f0914c15e6020245034e5.png", "screen_name": "SofteiCom", "lang": "en", "profile_background_tile": false, "favourites_count": 9546, "name": "Softei.Com", "notifications": false, "url": "https://t.co/Kk9cbJGm5N", "created_at": "Fri Nov 16 11:33:08 +0000 2012", "contributors_enabled": false, "time_zone": "London", "protected": false, "default_profile": false, "is_translator": false}, "geo": null, "in_reply_to_user_id_str": null, "possibly_sensitive": false, "lang": "en", "created_at": "Fri Feb 23 02:51:57 +0000 2018", "in_reply_to_status_id_str": null, "place": null, "metadata": {"iso_language_code": "en", "result_type": "recent"}}, {"contributors": null, "truncated": false, "text": "Beauty Skin UltraPlus Device | Skin Care Tienda https://t.co/QDxBxOA8H5", "is_quote_status": false, "in_reply_to_status_id": null, "id": 966399981266481152, "favorite_count": 0, "retweeted": false, "coordinates": null, "source": "<a href=\"http://twitter.com\" rel=\"nofollow\">Twitter Web Client</a>", "in_reply_to_screen_name": null, "in_reply_to_user_id": null, "retweet_count": 0, "id_str": "966399981266481152", "favorited": false, "user": {"follow_request_sent": false, "has_extended_profile": false, "profile_use_background_image": true, "default_profile_image": false, "id": 377415491, "profile_background_image_url_https": "https://pbs.twimg.com/profile_background_images/458975838/TWITERGRGEDITADO.jpg", "verified": false, "translator_type": "none", "profile_text_color": "3C3940", "profile_image_url_https": "https://pbs.twimg.com/profile_images/1553395718/yo_rec_normal.png", "profile_sidebar_fill_color": "95E8EC", "entities": {"url": {"urls": [{"url": "http://t.co/He1EtjbCUp", "indices": [0, 22], "expanded_url": "http://www.giselarodriguezg.com", "display_url": "giselarodriguezg.com"}]}, "description": {"urls": []}}, "followers_count": 622, "profile_sidebar_border_color": "5ED4DC", "id_str": "377415491", "profile_background_color": "010149", "listed_count": 24, "is_translation_enabled": false, "utc_offset": null, "statuses_count": 4560, "description": "Madre, economista, emprendedora, apasionada de: mi familia, los negocios online, los viajes, los libros, las manualidades, el mar , aprender y compartir", "friends_count": 720, "location": "espana", "profile_link_color": "0084B4", "profile_image_url": "http://pbs.twimg.com/profile_images/1553395718/yo_rec_normal.png", "following": false, "geo_enabled": false, "profile_background_image_url": "http://pbs.twimg.com/profile_background_images/458975838/TWITERGRGEDITADO.jpg", "screen_name": "GiselaERG", "lang": "es", "profile_background_tile": false, "favourites_count": 17, "name": "gisela rodriguez g", "notifications": false, "url": "http://t.co/He1EtjbCUp", "created_at": "Wed Sep 21 14:57:59 +0000 2011", "contributors_enabled": false, "time_zone": null, "protected": false, "default_profile": false, "is_translator": false}, "geo": null, "in_reply_to_user_id_str": null, "possibly_sensitive": false, "lang": "en", "created_at": "Wed Feb 21 19:51:25 +0000 2018", "in_reply_to_status_id_str": null, "place": null, "metadata": {"iso_language_code": "en", "result_type": "recent"}}, {"contributors": null, "truncated": false, "text": "RT @MerlotVine: Hij heeft het nog relatief makkelijk.\nNed krijgen geen gratis woning met voorrang.\nNed moeten alle bureaucratische rompslom\u2026", "is_quote_status": true, "in_reply_to_status_id": null, "id": 966351760095838208, "favorite_count": 0, "quoted_status_id": 965903787448832000, "retweeted": false, "coordinates": null, "source": "<a href=\"http://twitter.com/download/iphone\" rel=\"nofollow\">Twitter for iPhone</a>", "in_reply_to_screen_name": null, "in_reply_to_user_id": null, "retweet_count": 4, "id_str": "966351760095838208", "favorited": false, "retweeted_status": {"contributors": null, "truncated": true, "text": "Hij heeft het nog relatief makkelijk.\nNed krijgen geen gratis woning met voorrang.\nNed moeten alle bureaucratische\u2026 https://t.co/eQgxphFAYS", "is_quote_status": true, "in_reply_to_status_id": null, "id": 966009942829346816, "favorite_count": 3, "quoted_status_id": 965903787448832000, "retweeted": false, "coordinates": null, "quoted_status": {"contributors": null, "truncated": true, "text": "Syri\u00ebr Shafee heeft het ERRUG zwaar in NL. Z'n gratis huis is niet goed, de uitkeringen te laag. Toch laat ie z'n i\u2026 https://t.co/f3jH8C7hDC", "is_quote_status": false, "in_reply_to_status_id": null, "id": 965903787448832000, "favorite_count": 165, "retweeted": false, "coordinates": null, "source": "<a href=\"http://twitter.com\" rel=\"nofollow\">Twitter Web Client</a>", "in_reply_to_screen_name": null, "in_reply_to_user_id": null, "retweet_count": 206, "id_str": "965903787448832000", "favorited": false, "user": {"follow_request_sent": false, "has_extended_profile": false, "profile_use_background_image": true, "default_profile_image": false, "id": 1185436171, "profile_background_image_url_https": "https://abs.twimg.com/images/themes/theme1/bg.png", "verified": false, "translator_type": "none", "profile_text_color": "333333", "profile_image_url_https": "https://pbs.twimg.com/profile_images/717951790549827584/0cc925So_normal.jpg", "profile_sidebar_fill_color": "DDEEF6", "entities": {"description": {"urls": []}}, "followers_count": 7332, "profile_sidebar_border_color": "C0DEED", "id_str": "1185436171", "profile_background_color": "C0DEED", "listed_count": 69, "is_translation_enabled": false, "utc_offset": null, "statuses_count": 54564, "description": "Academia Lugduno-Batava. In a time of universal deceit, telling the truth is a revolutionary act \ud83c\uddf3\ud83c\uddf1", "friends_count": 2192, "location": "Haarlem", "profile_link_color": "1DA1F2", "profile_image_url": "http://pbs.twimg.com/profile_images/717951790549827584/0cc925So_normal.jpg", "following": false, "geo_enabled": true, "profile_banner_url": "https://pbs.twimg.com/profile_banners/1185436171/1437358093", "profile_background_image_url": "http://abs.twimg.com/images/themes/theme1/bg.png", "screen_name": "Mirjam152", "lang": "nl", "profile_background_tile": false, "favourites_count": 2313, "name": "Mirjam152", "notifications": false, "url": null, "created_at": "Sat Feb 16 09:34:27 +0000 2013", "contributors_enabled": false, "time_zone": null, "protected": false, "default_profile": true, "is_translator": false}, "geo": null, "in_reply_to_user_id_str": null, "possibly_sensitive": false, "lang": "nl", "created_at": "Tue Feb 20 10:59:43 +0000 2018", "in_reply_to_status_id_str": null, "place": null, "metadata": {"iso_language_code": "nl", "result_type": "recent"}}, "source": "<a href=\"http://twitter.com\" rel=\"nofollow\">Twitter Web Client</a>", "in_reply_to_screen_name": null, "in_reply_to_user_id": null, "retweet_count": 4, "id_str": "966009942829346816", "favorited": false, "user": {"follow_request_sent": false, "has_extended_profile": false, "profile_use_background_image": true, "default_profile_image": false, "id": 41458916, "profile_background_image_url_https": "https://pbs.twimg.com/profile_background_images/673904778410246144/lmJ1IsfH.jpg", "verified": false, "translator_type": "none", "profile_text_color": "014741", "profile_image_url_https": "https://pbs.twimg.com/profile_images/932549766969528321/EA5Lw26j_normal.jpg", "profile_sidebar_fill_color": "7EC7CC", "entities": {"description": {"urls": []}}, "followers_count": 2459, "profile_sidebar_border_color": "000000", "id_str": "41458916", "profile_background_color": "000000", "listed_count": 60, "is_translation_enabled": false, "utc_offset": 3600, "statuses_count": 95034, "description": "Zelfmaakfundamentalist. Moestuinierster. Allesfluisteraarster. Er moet een pil tegen domheid komen - ideologie-gelovers krijgen er tw\u00e9\u00e9. Voor de zekerheid.", "friends_count": 470, "location": "De provincie.", "profile_link_color": "163BAB", "profile_image_url": "http://pbs.twimg.com/profile_images/932549766969528321/EA5Lw26j_normal.jpg", "following": false, "geo_enabled": true, "profile_banner_url": "https://pbs.twimg.com/profile_banners/41458916/1400056254", "profile_background_image_url": "http://pbs.twimg.com/profile_background_images/673904778410246144/lmJ1IsfH.jpg", "screen_name": "MerlotVine", "lang": "en", "profile_background_tile": true, "favourites_count": 239, "name": "Merlot Vine", "notifications": false, "url": null, "created_at": "Wed May 20 21:47:42 +0000 2009", "contributors_enabled": false, "time_zone": "Amsterdam", "protected": false, "default_profile": false, "is_translator": false}, "geo": null, "in_reply_to_user_id_str": null, "possibly_sensitive": false, "lang": "nl", "created_at": "Tue Feb 20 18:01:32 +0000 2018", "quoted_status_id_str": "965903787448832000", "in_reply_to_status_id_str": null, "place": null, "metadata": {"iso_language_code": "nl", "result_type": "recent"}}, "user": {"follow_request_sent": false, "has_extended_profile": false, "profile_use_background_image": true, "default_profile_image": false, "id": 322053820, "profile_background_image_url_https": "https://abs.twimg.com/images/themes/theme1/bg.png", "verified": false, "translator_type": "none", "profile_text_color": "333333", "profile_image_url_https": "https://pbs.twimg.com/profile_images/950113691646812161/bax1WB-7_normal.jpg", "profile_sidebar_fill_color": "DDEEF6", "entities": {"description": {"urls": []}}, "followers_count": 195, "profile_sidebar_border_color": "C0DEED", "id_str": "322053820", "profile_background_color": "C0DEED", "listed_count": 58, "is_translation_enabled": false, "utc_offset": null, "statuses_count": 37407, "description": "", "friends_count": 405, "location": "", "profile_link_color": "1DA1F2", "profile_image_url": "http://pbs.twimg.com/profile_images/950113691646812161/bax1WB-7_normal.jpg", "following": false, "geo_enabled": false, "profile_banner_url": "https://pbs.twimg.com/profile_banners/322053820/1412369180", "profile_background_image_url": "http://abs.twimg.com/images/themes/theme1/bg.png", "screen_name": "AMAKO7", "lang": "en", "profile_background_tile": false, "favourites_count": 632, "name": "Riann", "notifications": false, "url": null, "created_at": "Wed Jun 22 15:25:22 +0000 2011", "contributors_enabled": false, "time_zone": null, "protected": false, "default_profile": true, "is_translator": false}, "geo": null, "in_reply_to_user_id_str": null, "lang": "nl", "created_at": "Wed Feb 21 16:39:48 +0000 2018", "quoted_status_id_str": "965903787448832000", "in_reply_to_status_id_str": null, "place": null, "metadata": {"iso_language_code": "nl", "result_type": "recent"}}, {"contributors": null, "truncated": false, "text": "RT @MerlotVine: Hij heeft het nog relatief makkelijk.\nNed krijgen geen gratis woning met voorrang.\nNed moeten alle bureaucratische rompslom\u2026", "is_quote_status": true, "in_reply_to_status_id": null, "id": 966083520887128064, "favorite_count": 0, "quoted_status_id": 965903787448832000, "retweeted": false, "coordinates": null, "source": "<a href=\"http://twitter.com/download/android\" rel=\"nofollow\">Twitter for Android</a>", "in_reply_to_screen_name": null, "in_reply_to_user_id": null, "retweet_count": 4, "id_str": "966083520887128064", "favorited": false, "retweeted_status": {"contributors": null, "truncated": true, "text": "Hij heeft het nog relatief makkelijk.\nNed krijgen geen gratis woning met voorrang.\nNed moeten alle bureaucratische\u2026 https://t.co/eQgxphFAYS", "is_quote_status": true, "in_reply_to_status_id": null, "id": 966009942829346816, "favorite_count": 3, "quoted_status_id": 965903787448832000, "retweeted": false, "coordinates": null, "quoted_status": {"contributors": null, "truncated": true, "text": "Syri\u00ebr Shafee heeft het ERRUG zwaar in NL. Z'n gratis huis is niet goed, de uitkeringen te laag. Toch laat ie z'n i\u2026 https://t.co/f3jH8C7hDC", "is_quote_status": false, "in_reply_to_status_id": null, "id": 965903787448832000, "favorite_count": 165, "retweeted": false, "coordinates": null, "source": "<a href=\"http://twitter.com\" rel=\"nofollow\">Twitter Web Client</a>", "in_reply_to_screen_name": null, "in_reply_to_user_id": null, "retweet_count": 206, "id_str": "965903787448832000", "favorited": false, "user": {"follow_request_sent": false, "has_extended_profile": false, "profile_use_background_image": true, "default_profile_image": false, "id": 1185436171, "profile_background_image_url_https": "https://abs.twimg.com/images/themes/theme1/bg.png", "verified": false, "translator_type": "none", "profile_text_color": "333333", "profile_image_url_https": "https://pbs.twimg.com/profile_images/717951790549827584/0cc925So_normal.jpg", "profile_sidebar_fill_color": "DDEEF6", "entities": {"description": {"urls": []}}, "followers_count": 7332, "profile_sidebar_border_color": "C0DEED", "id_str": "1185436171", "profile_background_color": "C0DEED", "listed_count": 69, "is_translation_enabled": false, "utc_offset": null, "statuses_count": 54564, "description": "Academia Lugduno-Batava. In a time of universal deceit, telling the truth is a revolutionary act \ud83c\uddf3\ud83c\uddf1", "friends_count": 2192, "location": "Haarlem", "profile_link_color": "1DA1F2", "profile_image_url": "http://pbs.twimg.com/profile_images/717951790549827584/0cc925So_normal.jpg", "following": false, "geo_enabled": true, "profile_banner_url": "https://pbs.twimg.com/profile_banners/1185436171/1437358093", "profile_background_image_url": "http://abs.twimg.com/images/themes/theme1/bg.png", "screen_name": "Mirjam152", "lang": "nl", "profile_background_tile": false, "favourites_count": 2313, "name": "Mirjam152", "notifications": false, "url": null, "created_at": "Sat Feb 16 09:34:27 +0000 2013", "contributors_enabled": false, "time_zone": null, "protected": false, "default_profile": true, "is_translator": false}, "geo": null, "in_reply_to_user_id_str": null, "possibly_sensitive": false, "lang": "nl", "created_at": "Tue Feb 20 10:59:43 +0000 2018", "in_reply_to_status_id_str": null, "place": null, "metadata": {"iso_language_code": "nl", "result_type": "recent"}}, "source": "<a href=\"http://twitter.com\" rel=\"nofollow\">Twitter Web Client</a>", "in_reply_to_screen_name": null, "in_reply_to_user_id": null, "retweet_count": 4, "id_str": "966009942829346816", "favorited": false, "user": {"follow_request_sent": false, "has_extended_profile": false, "profile_use_background_image": true, "default_profile_image": false, "id": 41458916, "profile_background_image_url_https": "https://pbs.twimg.com/profile_background_images/673904778410246144/lmJ1IsfH.jpg", "verified": false, "translator_type": "none", "profile_text_color": "014741", "profile_image_url_https": "https://pbs.twimg.com/profile_images/932549766969528321/EA5Lw26j_normal.jpg", "profile_sidebar_fill_color": "7EC7CC", "entities": {"description": {"urls": []}}, "followers_count": 2459, "profile_sidebar_border_color": "000000", "id_str": "41458916", "profile_background_color": "000000", "listed_count": 60, "is_translation_enabled": false, "utc_offset": 3600, "statuses_count": 95034, "description": "Zelfmaakfundamentalist. Moestuinierster. Allesfluisteraarster. Er moet een pil tegen domheid komen - ideologie-gelovers krijgen er tw\u00e9\u00e9. Voor de zekerheid.", "friends_count": 470, "location": "De provincie.", "profile_link_color": "163BAB", "profile_image_url": "http://pbs.twimg.com/profile_images/932549766969528321/EA5Lw26j_normal.jpg", "following": false, "geo_enabled": true, "profile_banner_url": "https://pbs.twimg.com/profile_banners/41458916/1400056254", "profile_background_image_url": "http://pbs.twimg.com/profile_background_images/673904778410246144/lmJ1IsfH.jpg", "screen_name": "MerlotVine", "lang": "en", "profile_background_tile": true, "favourites_count": 239, "name": "Merlot Vine", "notifications": false, "url": null, "created_at": "Wed May 20 21:47:42 +0000 2009", "contributors_enabled": false, "time_zone": "Amsterdam", "protected": false, "default_profile": false, "is_translator": false}, "geo": null, "in_reply_to_user_id_str": null, "possibly_sensitive": false, "lang": "nl", "created_at": "Tue Feb 20 18:01:32 +0000 2018", "quoted_status_id_str": "965903787448832000", "in_reply_to_status_id_str": null, "place": null, "metadata": {"iso_language_code": "nl", "result_type": "recent"}}, "user": {"follow_request_sent": false, "has_extended_profile": false, "profile_use_background_image": true, "default_profile_image": false, "id": 933980203839377414, "profile_background_image_url_https": null, "verified": false, "translator_type": "none", "profile_text_color": "333333", "profile_image_url_https": "https://pbs.twimg.com/profile_images/962363695664857089/nz2lb-IN_normal.jpg", "profile_sidebar_fill_color": "DDEEF6", "entities": {"description": {"urls": []}}, "followers_count": 111, "profile_sidebar_border_color": "C0DEED", "id_str": "933980203839377414", "profile_background_color": "F5F8FA", "listed_count": 1, "is_translation_enabled": false, "utc_offset": null, "statuses_count": 19884, "description": "Nederland toleranter maken. Teveel mensen met lange tenen die telkens de racistenkaart trekken", "friends_count": 128, "location": "Rotterdam, Nederland", "profile_link_color": "1DA1F2", "profile_image_url": "http://pbs.twimg.com/profile_images/962363695664857089/nz2lb-IN_normal.jpg", "following": false, "geo_enabled": false, "profile_background_image_url": null, "screen_name": "Jeannin84427822", "lang": "nl", "profile_background_tile": false, "favourites_count": 9669, "name": "Jeannine Blank", "notifications": false, "url": null, "created_at": "Fri Nov 24 08:46:47 +0000 2017", "contributors_enabled": false, "time_zone": null, "protected": false, "default_profile": true, "is_translator": false}, "geo": null, "in_reply_to_user_id_str": null, "lang": "nl", "created_at": "Tue Feb 20 22:53:55 +0000 2018", "quoted_status_id_str": "965903787448832000", "in_reply_to_status_id_str": null, "place": null, "metadata": {"iso_language_code": "nl", "result_type": "recent"}}, {"contributors": null, "truncated": false, "text": "19% off on Toro 51621 UltraPlus Blower/Vac, Red https://t.co/SvVgLIj4OX", "is_quote_status": false, "in_reply_to_status_id": null, "id": 966074740753526784, "favorite_count": 0, "retweeted": false, "coordinates": null, "source": "<a href=\"http://www.pricemas.com\" rel=\"nofollow\">pricemas</a>", "in_reply_to_screen_name": null, "in_reply_to_user_id": null, "retweet_count": 0, "id_str": "966074740753526784", "favorited": false, "user": {"follow_request_sent": false, "has_extended_profile": false, "profile_use_background_image": true, "default_profile_image": false, "id": 3092218419, "profile_background_image_url_https": "https://abs.twimg.com/images/themes/theme1/bg.png", "verified": false, "translator_type": "none", "profile_text_color": "333333", "profile_image_url_https": "https://pbs.twimg.com/profile_images/580908817870823425/CdvkzjyF_normal.png", "profile_sidebar_fill_color": "DDEEF6", "entities": {"description": {"urls": []}}, "followers_count": 162, "profile_sidebar_border_color": "C0DEED", "id_str": "3092218419", "profile_background_color": "C0DEED", "listed_count": 15, "is_translation_enabled": false, "utc_offset": null, "statuses_count": 18853, "description": "", "friends_count": 1170, "location": "", "profile_link_color": "1DA1F2", "profile_image_url": "http://pbs.twimg.com/profile_images/580908817870823425/CdvkzjyF_normal.png", "following": false, "geo_enabled": false, "profile_background_image_url": "http://abs.twimg.com/images/themes/theme1/bg.png", "screen_name": "pricemasdotcom", "lang": "en", "profile_background_tile": false, "favourites_count": 0, "name": "pricemas", "notifications": false, "url": null, "created_at": "Mon Mar 16 01:58:57 +0000 2015", "contributors_enabled": false, "time_zone": null, "protected": false, "default_profile": true, "is_translator": false}, "geo": null, "in_reply_to_user_id_str": null, "possibly_sensitive": false, "lang": "en", "created_at": "Tue Feb 20 22:19:01 +0000 2018", "in_reply_to_status_id_str": null, "place": null, "metadata": {"iso_language_code": "en", "result_type": "recent"}}, {"contributors": null, "truncated": false, "text": "RT @MerlotVine: Hij heeft het nog relatief makkelijk.\nNed krijgen geen gratis woning met voorrang.\nNed moeten alle bureaucratische rompslom\u2026", "is_quote_status": true, "in_reply_to_status_id": null, "id": 966010542753185792, "favorite_count": 0, "quoted_status_id": 965903787448832000, "retweeted": false, "coordinates": null, "source": "<a href=\"http://twitter.com\" rel=\"nofollow\">Twitter Web Client</a>", "in_reply_to_screen_name": null, "in_reply_to_user_id": null, "retweet_count": 4, "id_str": "966010542753185792", "favorited": false, "retweeted_status": {"contributors": null, "truncated": true, "text": "Hij heeft het nog relatief makkelijk.\nNed krijgen geen gratis woning met voorrang.\nNed moeten alle bureaucratische\u2026 https://t.co/eQgxphFAYS", "is_quote_status": true, "in_reply_to_status_id": null, "id": 966009942829346816, "favorite_count": 3, "quoted_status_id": 965903787448832000, "retweeted": false, "coordinates": null, "quoted_status": {"contributors": null, "truncated": true, "text": "Syri\u00ebr Shafee heeft het ERRUG zwaar in NL. Z'n gratis huis is niet goed, de uitkeringen te laag. Toch laat ie z'n i\u2026 https://t.co/f3jH8C7hDC", "is_quote_status": false, "in_reply_to_status_id": null, "id": 965903787448832000, "favorite_count": 165, "retweeted": false, "coordinates": null, "source": "<a href=\"http://twitter.com\" rel=\"nofollow\">Twitter Web Client</a>", "in_reply_to_screen_name": null, "in_reply_to_user_id": null, "retweet_count": 206, "id_str": "965903787448832000", "favorited": false, "user": {"follow_request_sent": false, "has_extended_profile": false, "profile_use_background_image": true, "default_profile_image": false, "id": 1185436171, "profile_background_image_url_https": "https://abs.twimg.com/images/themes/theme1/bg.png", "verified": false, "translator_type": "none", "profile_text_color": "333333", "profile_image_url_https": "https://pbs.twimg.com/profile_images/717951790549827584/0cc925So_normal.jpg", "profile_sidebar_fill_color": "DDEEF6", "entities": {"description": {"urls": []}}, "followers_count": 7332, "profile_sidebar_border_color": "C0DEED", "id_str": "1185436171", "profile_background_color": "C0DEED", "listed_count": 69, "is_translation_enabled": false, "utc_offset": null, "statuses_count": 54564, "description": "Academia Lugduno-Batava. In a time of universal deceit, telling the truth is a revolutionary act \ud83c\uddf3\ud83c\uddf1", "friends_count": 2192, "location": "Haarlem", "profile_link_color": "1DA1F2", "profile_image_url": "http://pbs.twimg.com/profile_images/717951790549827584/0cc925So_normal.jpg", "following": false, "geo_enabled": true, "profile_banner_url": "https://pbs.twimg.com/profile_banners/1185436171/1437358093", "profile_background_image_url": "http://abs.twimg.com/images/themes/theme1/bg.png", "screen_name": "Mirjam152", "lang": "nl", "profile_background_tile": false, "favourites_count": 2313, "name": "Mirjam152", "notifications": false, "url": null, "created_at": "Sat Feb 16 09:34:27 +0000 2013", "contributors_enabled": false, "time_zone": null, "protected": false, "default_profile": true, "is_translator": false}, "geo": null, "in_reply_to_user_id_str": null, "possibly_sensitive": false, "lang": "nl", "created_at": "Tue Feb 20 10:59:43 +0000 2018", "in_reply_to_status_id_str": null, "place": null, "metadata": {"iso_language_code": "nl", "result_type": "recent"}}, "source": "<a href=\"http://twitter.com\" rel=\"nofollow\">Twitter Web Client</a>", "in_reply_to_screen_name": null, "in_reply_to_user_id": null, "retweet_count": 4, "id_str": "966009942829346816", "favorited": false, "user": {"follow_request_sent": false, "has_extended_profile": false, "profile_use_background_image": true, "default_profile_image": false, "id": 41458916, "profile_background_image_url_https": "https://pbs.twimg.com/profile_background_images/673904778410246144/lmJ1IsfH.jpg", "verified": false, "translator_type": "none", "profile_text_color": "014741", "profile_image_url_https": "https://pbs.twimg.com/profile_images/932549766969528321/EA5Lw26j_normal.jpg", "profile_sidebar_fill_color": "7EC7CC", "entities": {"description": {"urls": []}}, "followers_count": 2459, "profile_sidebar_border_color": "000000", "id_str": "41458916", "profile_background_color": "000000", "listed_count": 60, "is_translation_enabled": false, "utc_offset": 3600, "statuses_count": 95034, "description": "Zelfmaakfundamentalist. Moestuinierster. Allesfluisteraarster. Er moet een pil tegen domheid komen - ideologie-gelovers krijgen er tw\u00e9\u00e9. Voor de zekerheid.", "friends_count": 470, "location": "De provincie.", "profile_link_color": "163BAB", "profile_image_url": "http://pbs.twimg.com/profile_images/932549766969528321/EA5Lw26j_normal.jpg", "following": false, "geo_enabled": true, "profile_banner_url": "https://pbs.twimg.com/profile_banners/41458916/1400056254", "profile_background_image_url": "http://pbs.twimg.com/profile_background_images/673904778410246144/lmJ1IsfH.jpg", "screen_name": "MerlotVine", "lang": "en", "profile_background_tile": true, "favourites_count": 239, "name": "Merlot Vine", "notifications": false, "url": null, "created_at": "Wed May 20 21:47:42 +0000 2009", "contributors_enabled": false, "time_zone": "Amsterdam", "protected": false, "default_profile": false, "is_translator": false}, "geo": null, "in_reply_to_user_id_str": null, "possibly_sensitive": false, "lang": "nl", "created_at": "Tue Feb 20 18:01:32 +0000 2018", "quoted_status_id_str": "965903787448832000", "in_reply_to_status_id_str": null, "place": null, "metadata": {"iso_language_code": "nl", "result_type": "recent"}}, "user": {"follow_request_sent": false, "has_extended_profile": false, "profile_use_background_image": true, "default_profile_image": false, "id": 351081575, "profile_background_image_url_https": "https://abs.twimg.com/images/themes/theme1/bg.png", "verified": false, "translator_type": "none", "profile_text_color": "333333", "profile_image_url_https": "https://pbs.twimg.com/profile_images/718344050034806786/gZXxA47D_normal.jpg", "profile_sidebar_fill_color": "DDEEF6", "entities": {"description": {"urls": []}}, "followers_count": 999, "profile_sidebar_border_color": "C0DEED", "id_str": "351081575", "profile_background_color": "C0DEED", "listed_count": 101, "is_translation_enabled": false, "utc_offset": 3600, "statuses_count": 191902, "description": "", "friends_count": 224, "location": "", "profile_link_color": "1DA1F2", "profile_image_url": "http://pbs.twimg.com/profile_images/718344050034806786/gZXxA47D_normal.jpg", "following": false, "geo_enabled": false, "profile_banner_url": "https://pbs.twimg.com/profile_banners/351081575/1460101571", "profile_background_image_url": "http://abs.twimg.com/images/themes/theme1/bg.png", "screen_name": "1_Vagabond", "lang": "nl", "profile_background_tile": false, "favourites_count": 25984, "name": "Common Sense & MSM vergeten nieuws", "notifications": false, "url": null, "created_at": "Mon Aug 08 19:21:04 +0000 2011", "contributors_enabled": false, "time_zone": "Amsterdam", "protected": false, "default_profile": true, "is_translator": false}, "geo": null, "in_reply_to_user_id_str": null, "lang": "nl", "created_at": "Tue Feb 20 18:03:55 +0000 2018", "quoted_status_id_str": "965903787448832000", "in_reply_to_status_id_str": null, "place": null, "metadata": {"iso_language_code": "nl", "result_type": "recent"}}, {"contributors": null, "truncated": true, "text": "Hij heeft het nog relatief makkelijk.\nNed krijgen geen gratis woning met voorrang.\nNed moeten alle bureaucratische\u2026 https://t.co/eQgxphFAYS", "is_quote_status": true, "in_reply_to_status_id": null, "id": 966009942829346816, "favorite_count": 3, "quoted_status_id": 965903787448832000, "retweeted": false, "coordinates": null, "quoted_status": {"contributors": null, "truncated": true, "text": "Syri\u00ebr Shafee heeft het ERRUG zwaar in NL. Z'n gratis huis is niet goed, de uitkeringen te laag. Toch laat ie z'n i\u2026 https://t.co/f3jH8C7hDC", "is_quote_status": false, "in_reply_to_status_id": null, "id": 965903787448832000, "favorite_count": 165, "retweeted": false, "coordinates": null, "source": "<a href=\"http://twitter.com\" rel=\"nofollow\">Twitter Web Client</a>", "in_reply_to_screen_name": null, "in_reply_to_user_id": null, "retweet_count": 206, "id_str": "965903787448832000", "favorited": false, "user": {"follow_request_sent": false, "has_extended_profile": false, "profile_use_background_image": true, "default_profile_image": false, "id": 1185436171, "profile_background_image_url_https": "https://abs.twimg.com/images/themes/theme1/bg.png", "verified": false, "translator_type": "none", "profile_text_color": "333333", "profile_image_url_https": "https://pbs.twimg.com/profile_images/717951790549827584/0cc925So_normal.jpg", "profile_sidebar_fill_color": "DDEEF6", "entities": {"description": {"urls": []}}, "followers_count": 7332, "profile_sidebar_border_color": "C0DEED", "id_str": "1185436171", "profile_background_color": "C0DEED", "listed_count": 69, "is_translation_enabled": false, "utc_offset": null, "statuses_count": 54564, "description": "Academia Lugduno-Batava. In a time of universal deceit, telling the truth is a revolutionary act \ud83c\uddf3\ud83c\uddf1", "friends_count": 2192, "location": "Haarlem", "profile_link_color": "1DA1F2", "profile_image_url": "http://pbs.twimg.com/profile_images/717951790549827584/0cc925So_normal.jpg", "following": false, "geo_enabled": true, "profile_banner_url": "https://pbs.twimg.com/profile_banners/1185436171/1437358093", "profile_background_image_url": "http://abs.twimg.com/images/themes/theme1/bg.png", "screen_name": "Mirjam152", "lang": "nl", "profile_background_tile": false, "favourites_count": 2313, "name": "Mirjam152", "notifications": false, "url": null, "created_at": "Sat Feb 16 09:34:27 +0000 2013", "contributors_enabled": false, "time_zone": null, "protected": false, "default_profile": true, "is_translator": false}, "geo": null, "in_reply_to_user_id_str": null, "possibly_sensitive": false, "lang": "nl", "created_at": "Tue Feb 20 10:59:43 +0000 2018", "in_reply_to_status_id_str": null, "place": null, "metadata": {"iso_language_code": "nl", "result_type": "recent"}}, "source": "<a href=\"http://twitter.com\" rel=\"nofollow\">Twitter Web Client</a>", "in_reply_to_screen_name": null, "in_reply_to_user_id": null, "retweet_count": 4, "id_str": "966009942829346816", "favorited": false, "user": {"follow_request_sent": false, "has_extended_profile": false, "profile_use_background_image": true, "default_profile_image": false, "id": 41458916, "profile_background_image_url_https": "https://pbs.twimg.com/profile_background_images/673904778410246144/lmJ1IsfH.jpg", "verified": false, "translator_type": "none", "profile_text_color": "014741", "profile_image_url_https": "https://pbs.twimg.com/profile_images/932549766969528321/EA5Lw26j_normal.jpg", "profile_sidebar_fill_color": "7EC7CC", "entities": {"description": {"urls": []}}, "followers_count": 2459, "profile_sidebar_border_color": "000000", "id_str": "41458916", "profile_background_color": "000000", "listed_count": 60, "is_translation_enabled": false, "utc_offset": 3600, "statuses_count": 95034, "description": "Zelfmaakfundamentalist. Moestuinierster. Allesfluisteraarster. Er moet een pil tegen domheid komen - ideologie-gelovers krijgen er tw\u00e9\u00e9. Voor de zekerheid.", "friends_count": 470, "location": "De provincie.", "profile_link_color": "163BAB", "profile_image_url": "http://pbs.twimg.com/profile_images/932549766969528321/EA5Lw26j_normal.jpg", "following": false, "geo_enabled": true, "profile_banner_url": "https://pbs.twimg.com/profile_banners/41458916/1400056254", "profile_background_image_url": "http://pbs.twimg.com/profile_background_images/673904778410246144/lmJ1IsfH.jpg", "screen_name": "MerlotVine", "lang": "en", "profile_background_tile": true, "favourites_count": 239, "name": "Merlot Vine", "notifications": false, "url": null, "created_at": "Wed May 20 21:47:42 +0000 2009", "contributors_enabled": false, "time_zone": "Amsterdam", "protected": false, "default_profile": false, "is_translator": false}, "geo": null, "in_reply_to_user_id_str": null, "possibly_sensitive": false, "lang": "nl", "created_at": "Tue Feb 20 18:01:32 +0000 2018", "quoted_status_id_str": "965903787448832000", "in_reply_to_status_id_str": null, "place": null, "metadata": {"iso_language_code": "nl", "result_type": "recent"}}, {"contributors": null, "truncated": false, "text": "Mouser ships Lattice Semiconductor\u2019s iCE40 Ult https://t.co/m8AxTqvxB1 #componentsconnectors #latestnews #technews https://t.co/YXStmdXJw4", "is_quote_status": false, "in_reply_to_status_id": null, "id": 965665075800477696, "favorite_count": 0, "retweeted": false, "coordinates": null, "source": "<a href=\"http://www.ajaymatharu.com/\" rel=\"nofollow\">Tweet Old Post</a>", "in_reply_to_screen_name": null, "in_reply_to_user_id": null, "retweet_count": 0, "id_str": "965665075800477696", "favorited": false, "user": {"follow_request_sent": false, "has_extended_profile": false, "profile_use_background_image": false, "default_profile_image": false, "id": 951498600, "profile_background_image_url_https": "https://pbs.twimg.com/profile_background_images/812699188/e710a719643f0914c15e6020245034e5.png", "verified": false, "translator_type": "none", "profile_text_color": "333333", "profile_image_url_https": "https://pbs.twimg.com/profile_images/925769626243477504/VF5-Hj91_normal.jpg", "profile_sidebar_fill_color": "DDEEF6", "entities": {"url": {"urls": [{"url": "https://t.co/Kk9cbJGm5N", "indices": [0, 23], "expanded_url": "http://www.softei.com", "display_url": "softei.com"}]}, "description": {"urls": [{"url": "https://t.co/lqUcCwtUef", "indices": [0, 23], "expanded_url": "http://Softei.com", "display_url": "Softei.com"}]}}, "followers_count": 1572, "profile_sidebar_border_color": "FFFFFF", "id_str": "951498600", "profile_background_color": "C0DEED", "listed_count": 25, "is_translation_enabled": false, "utc_offset": 0, "statuses_count": 30126, "description": "https://t.co/lqUcCwtUef For Whats New in the Electronics Industry, Promotions, Competitions plus the latest industry developments.", "friends_count": 3308, "location": "", "profile_link_color": "5E93CC", "profile_image_url": "http://pbs.twimg.com/profile_images/925769626243477504/VF5-Hj91_normal.jpg", "following": false, "geo_enabled": false, "profile_banner_url": "https://pbs.twimg.com/profile_banners/951498600/1509555656", "profile_background_image_url": "http://pbs.twimg.com/profile_background_images/812699188/e710a719643f0914c15e6020245034e5.png", "screen_name": "SofteiCom", "lang": "en", "profile_background_tile": false, "favourites_count": 9546, "name": "Softei.Com", "notifications": false, "url": "https://t.co/Kk9cbJGm5N", "created_at": "Fri Nov 16 11:33:08 +0000 2012", "contributors_enabled": false, "time_zone": "London", "protected": false, "default_profile": false, "is_translator": false}, "geo": null, "in_reply_to_user_id_str": null, "possibly_sensitive": false, "lang": "en", "created_at": "Mon Feb 19 19:11:09 +0000 2018", "in_reply_to_status_id_str": null, "place": null, "metadata": {"iso_language_code": "en", "result_type": "recent"}}, {"contributors": null, "truncated": false, "text": "RT @latticesemi: Battery life is important to our connceted devices. With our iCE40 UltraPlus #FPGAs, you can extend the battery life of yo\u2026", "is_quote_status": false, "in_reply_to_status_id": null, "id": 965328121619730443, "favorite_count": 0, "retweeted": false, "coordinates": null, "source": "<a href=\"http://twitter.com/download/android\" rel=\"nofollow\">Twitter for Android</a>", "in_reply_to_screen_name": null, "in_reply_to_user_id": null, "retweet_count": 2, "id_str": "965328121619730443", "favorited": false, "retweeted_status": {"contributors": null, "truncated": true, "text": "Battery life is important to our connceted devices. With our iCE40 UltraPlus #FPGAs, you can extend the battery lif\u2026 https://t.co/jxJ9QGnIID", "is_quote_status": false, "in_reply_to_status_id": null, "id": 965323295792001025, "favorite_count": 3, "retweeted": false, "coordinates": null, "source": "<a href=\"http://sproutsocial.com\" rel=\"nofollow\">Sprout Social</a>", "in_reply_to_screen_name": null, "in_reply_to_user_id": null, "retweet_count": 2, "id_str": "965323295792001025", "favorited": false, "user": {"follow_request_sent": false, "has_extended_profile": true, "profile_use_background_image": true, "default_profile_image": false, "id": 40975045, "profile_background_image_url_https": "https://pbs.twimg.com/profile_background_images/423398696/Social-Media-Background-Image_2012.jpg", "verified": false, "translator_type": "none", "profile_text_color": "6E6868", "profile_image_url_https": "https://pbs.twimg.com/profile_images/1925947983/Lattice-Icon_bug-new_normal.png", "profile_sidebar_fill_color": "1F1A1B", "entities": {"url": {"urls": [{"url": "http://t.co/oWWZlheMH2", "indices": [0, 22], "expanded_url": "http://www.latticesemi.com", "display_url": "latticesemi.com"}]}, "description": {"urls": []}}, "followers_count": 4483, "profile_sidebar_border_color": "181A1E", "id_str": "40975045", "profile_background_color": "000000", "listed_count": 198, "is_translation_enabled": false, "utc_offset": -28800, "statuses_count": 2246, "description": "Lattice is the leading provider of ultra-low-power programmable ICs for smartphones, mobile devices, small-cells, industrial control, infotainment", "friends_count": 362, "location": "", "profile_link_color": "FFC222", "profile_image_url": "http://pbs.twimg.com/profile_images/1925947983/Lattice-Icon_bug-new_normal.png", "following": false, "geo_enabled": false, "profile_banner_url": "https://pbs.twimg.com/profile_banners/40975045/1487710600", "profile_background_image_url": "http://pbs.twimg.com/profile_background_images/423398696/Social-Media-Background-Image_2012.jpg", "screen_name": "latticesemi", "lang": "en", "profile_background_tile": false, "favourites_count": 391, "name": "Lattice Semi", "notifications": false, "url": "http://t.co/oWWZlheMH2", "created_at": "Mon May 18 21:37:22 +0000 2009", "contributors_enabled": false, "time_zone": "Pacific Time (US & Canada)", "protected": false, "default_profile": false, "is_translator": false}, "geo": null, "in_reply_to_user_id_str": null, "possibly_sensitive": false, "lang": "en", "created_at": "Sun Feb 18 20:33:03 +0000 2018", "in_reply_to_status_id_str": null, "place": null, "metadata": {"iso_language_code": "en", "result_type": "recent"}}, "user": {"follow_request_sent": false, "has_extended_profile": false, "profile_use_background_image": false, "default_profile_image": false, "id": 3397501899, "profile_background_image_url_https": "https://abs.twimg.com/images/themes/theme1/bg.png", "verified": false, "translator_type": "none", "profile_text_color": "000000", "profile_image_url_https": "https://pbs.twimg.com/profile_images/627240459673452544/IfY46zX0_normal.png", "profile_sidebar_fill_color": "000000", "entities": {"description": {"urls": []}}, "followers_count": 66, "profile_sidebar_border_color": "000000", "id_str": "3397501899", "profile_background_color": "000000", "listed_count": 1, "is_translation_enabled": false, "utc_offset": null, "statuses_count": 568, "description": "", "friends_count": 269, "location": "", "profile_link_color": "3B94D9", "profile_image_url": "http://pbs.twimg.com/profile_images/627240459673452544/IfY46zX0_normal.png", "following": false, "geo_enabled": false, "profile_banner_url": "https://pbs.twimg.com/profile_banners/3397501899/1438381287", "profile_background_image_url": "http://abs.twimg.com/images/themes/theme1/bg.png", "screen_name": "msgctl", "lang": "en", "profile_background_tile": false, "favourites_count": 490, "name": "Mateusz Zalega", "notifications": false, "url": null, "created_at": "Fri Jul 31 19:02:00 +0000 2015", "contributors_enabled": false, "time_zone": null, "protected": false, "default_profile": false, "is_translator": false}, "geo": null, "in_reply_to_user_id_str": null, "lang": "en", "created_at": "Sun Feb 18 20:52:13 +0000 2018", "in_reply_to_status_id_str": null, "place": null, "metadata": {"iso_language_code": "en", "result_type": "recent"}}, {"contributors": null, "truncated": true, "text": "Battery life is important to our connceted devices. With our iCE40 UltraPlus #FPGAs, you can extend the battery lif\u2026 https://t.co/jxJ9QGnIID", "is_quote_status": false, "in_reply_to_status_id": null, "id": 965323295792001025, "favorite_count": 3, "retweeted": false, "coordinates": null, "source": "<a href=\"http://sproutsocial.com\" rel=\"nofollow\">Sprout Social</a>", "in_reply_to_screen_name": null, "in_reply_to_user_id": null, "retweet_count": 2, "id_str": "965323295792001025", "favorited": false, "user": {"follow_request_sent": false, "has_extended_profile": true, "profile_use_background_image": true, "default_profile_image": false, "id": 40975045, "profile_background_image_url_https": "https://pbs.twimg.com/profile_background_images/423398696/Social-Media-Background-Image_2012.jpg", "verified": false, "translator_type": "none", "profile_text_color": "6E6868", "profile_image_url_https": "https://pbs.twimg.com/profile_images/1925947983/Lattice-Icon_bug-new_normal.png", "profile_sidebar_fill_color": "1F1A1B", "entities": {"url": {"urls": [{"url": "http://t.co/oWWZlheMH2", "indices": [0, 22], "expanded_url": "http://www.latticesemi.com", "display_url": "latticesemi.com"}]}, "description": {"urls": []}}, "followers_count": 4483, "profile_sidebar_border_color": "181A1E", "id_str": "40975045", "profile_background_color": "000000", "listed_count": 198, "is_translation_enabled": false, "utc_offset": -28800, "statuses_count": 2246, "description": "Lattice is the leading provider of ultra-low-power programmable ICs for smartphones, mobile devices, small-cells, industrial control, infotainment", "friends_count": 362, "location": "", "profile_link_color": "FFC222", "profile_image_url": "http://pbs.twimg.com/profile_images/1925947983/Lattice-Icon_bug-new_normal.png", "following": false, "geo_enabled": false, "profile_banner_url": "https://pbs.twimg.com/profile_banners/40975045/1487710600", "profile_background_image_url": "http://pbs.twimg.com/profile_background_images/423398696/Social-Media-Background-Image_2012.jpg", "screen_name": "latticesemi", "lang": "en", "profile_background_tile": false, "favourites_count": 391, "name": "Lattice Semi", "notifications": false, "url": "http://t.co/oWWZlheMH2", "created_at": "Mon May 18 21:37:22 +0000 2009", "contributors_enabled": false, "time_zone": "Pacific Time (US & Canada)", "protected": false, "default_profile": false, "is_translator": false}, "geo": null, "in_reply_to_user_id_str": null, "possibly_sensitive": false, "lang": "en", "created_at": "Sun Feb 18 20:33:03 +0000 2018", "in_reply_to_status_id_str": null, "place": null, "metadata": {"iso_language_code": "en", "result_type": "recent"}}, {"contributors": null, "truncated": false, "text": "Mouser ships Lattice Semiconductor\u2019s iCE40 Ult https://t.co/m8AxTqvxB1 #componentsconnectors #latestnews #technews https://t.co/uLLjplEUGh", "is_quote_status": false, "in_reply_to_status_id": null, "id": 965219956966215680, "favorite_count": 0, "retweeted": false, "coordinates": null, "source": "<a href=\"http://www.ajaymatharu.com/\" rel=\"nofollow\">Tweet Old Post</a>", "in_reply_to_screen_name": null, "in_reply_to_user_id": null, "retweet_count": 0, "id_str": "965219956966215680", "favorited": false, "user": {"follow_request_sent": false, "has_extended_profile": false, "profile_use_background_image": false, "default_profile_image": false, "id": 951498600, "profile_background_image_url_https": "https://pbs.twimg.com/profile_background_images/812699188/e710a719643f0914c15e6020245034e5.png", "verified": false, "translator_type": "none", "profile_text_color": "333333", "profile_image_url_https": "https://pbs.twimg.com/profile_images/925769626243477504/VF5-Hj91_normal.jpg", "profile_sidebar_fill_color": "DDEEF6", "entities": {"url": {"urls": [{"url": "https://t.co/Kk9cbJGm5N", "indices": [0, 23], "expanded_url": "http://www.softei.com", "display_url": "softei.com"}]}, "description": {"urls": [{"url": "https://t.co/lqUcCwtUef", "indices": [0, 23], "expanded_url": "http://Softei.com", "display_url": "Softei.com"}]}}, "followers_count": 1572, "profile_sidebar_border_color": "FFFFFF", "id_str": "951498600", "profile_background_color": "C0DEED", "listed_count": 25, "is_translation_enabled": false, "utc_offset": 0, "statuses_count": 30126, "description": "https://t.co/lqUcCwtUef For Whats New in the Electronics Industry, Promotions, Competitions plus the latest industry developments.", "friends_count": 3308, "location": "", "profile_link_color": "5E93CC", "profile_image_url": "http://pbs.twimg.com/profile_images/925769626243477504/VF5-Hj91_normal.jpg", "following": false, "geo_enabled": false, "profile_banner_url": "https://pbs.twimg.com/profile_banners/951498600/1509555656", "profile_background_image_url": "http://pbs.twimg.com/profile_background_images/812699188/e710a719643f0914c15e6020245034e5.png", "screen_name": "SofteiCom", "lang": "en", "profile_background_tile": false, "favourites_count": 9546, "name": "Softei.Com", "notifications": false, "url": "https://t.co/Kk9cbJGm5N", "created_at": "Fri Nov 16 11:33:08 +0000 2012", "contributors_enabled": false, "time_zone": "London", "protected": false, "default_profile": false, "is_translator": false}, "geo": null, "in_reply_to_user_id_str": null, "possibly_sensitive": false, "lang": "en", "created_at": "Sun Feb 18 13:42:25 +0000 2018", "in_reply_to_status_id_str": null, "place": null, "metadata": {"iso_language_code": "en", "result_type": "recent"}}, {"contributors": null, "truncated": false, "text": "Mouser ships Lattice Semiconductor\u2019s iCE40 Ult https://t.co/m8AxTqvxB1 #componentsconnectors #latestnews #technews https://t.co/Xm71cn8D7w", "is_quote_status": false, "in_reply_to_status_id": null, "id": 964273680800014337, "favorite_count": 0, "retweeted": false, "coordinates": null, "source": "<a href=\"http://www.ajaymatharu.com/\" rel=\"nofollow\">Tweet Old Post</a>", "in_reply_to_screen_name": null, "in_reply_to_user_id": null, "retweet_count": 0, "id_str": "964273680800014337", "favorited": false, "user": {"follow_request_sent": false, "has_extended_profile": false, "profile_use_background_image": false, "default_profile_image": false, "id": 951498600, "profile_background_image_url_https": "https://pbs.twimg.com/profile_background_images/812699188/e710a719643f0914c15e6020245034e5.png", "verified": false, "translator_type": "none", "profile_text_color": "333333", "profile_image_url_https": "https://pbs.twimg.com/profile_images/925769626243477504/VF5-Hj91_normal.jpg", "profile_sidebar_fill_color": "DDEEF6", "entities": {"url": {"urls": [{"url": "https://t.co/Kk9cbJGm5N", "indices": [0, 23], "expanded_url": "http://www.softei.com", "display_url": "softei.com"}]}, "description": {"urls": [{"url": "https://t.co/lqUcCwtUef", "indices": [0, 23], "expanded_url": "http://Softei.com", "display_url": "Softei.com"}]}}, "followers_count": 1572, "profile_sidebar_border_color": "FFFFFF", "id_str": "951498600", "profile_background_color": "C0DEED", "listed_count": 25, "is_translation_enabled": false, "utc_offset": 0, "statuses_count": 30126, "description": "https://t.co/lqUcCwtUef For Whats New in the Electronics Industry, Promotions, Competitions plus the latest industry developments.", "friends_count": 3308, "location": "", "profile_link_color": "5E93CC", "profile_image_url": "http://pbs.twimg.com/profile_images/925769626243477504/VF5-Hj91_normal.jpg", "following": false, "geo_enabled": false, "profile_banner_url": "https://pbs.twimg.com/profile_banners/951498600/1509555656", "profile_background_image_url": "http://pbs.twimg.com/profile_background_images/812699188/e710a719643f0914c15e6020245034e5.png", "screen_name": "SofteiCom", "lang": "en", "profile_background_tile": false, "favourites_count": 9546, "name": "Softei.Com", "notifications": false, "url": "https://t.co/Kk9cbJGm5N", "created_at": "Fri Nov 16 11:33:08 +0000 2012", "contributors_enabled": false, "time_zone": "London", "protected": false, "default_profile": false, "is_translator": false}, "geo": null, "in_reply_to_user_id_str": null, "possibly_sensitive": false, "lang": "en", "created_at": "Thu Feb 15 23:02:15 +0000 2018", "in_reply_to_status_id_str": null, "place": null, "metadata": {"iso_language_code": "en", "result_type": "recent"}}]}