{"search_metadata": {"count": 100, "completed_in": 0.077, "max_id_str": "968592738860941312", "since_id_str": "0", "refresh_url": "?since_id=968592738860941312&q=ultraplus", "since_id": 0, "query": "ultraplus", "max_id": 968592738860941312}, "statuses": [{"contributors": null, "truncated": false, "text": "RT @fpga_dave: It looks like Lattice Semi Radiant now has support for oscillator trimming on the iCE40 UltraPlus - more than two months *af\u2026", "is_quote_status": false, "in_reply_to_status_id": null, "id": 968592738860941312, "favorite_count": 0, "retweeted": false, "coordinates": null, "source": "<a href=\"http://tapbots.com/software/tweetbot/mac\" rel=\"nofollow\">Tweetbot for Mac</a>", "in_reply_to_screen_name": null, "in_reply_to_user_id": null, "retweet_count": 4, "id_str": "968592738860941312", "favorited": false, "retweeted_status": {"contributors": null, "truncated": true, "text": "It looks like Lattice Semi Radiant now has support for oscillator trimming on the iCE40 UltraPlus - more than two m\u2026 https://t.co/QjBkkQ5aIT", "is_quote_status": false, "in_reply_to_status_id": null, "id": 968427184414216192, "favorite_count": 13, "retweeted": false, "coordinates": null, "source": "<a href=\"http://twitter.com\" rel=\"nofollow\">Twitter Web Client</a>", "in_reply_to_screen_name": null, "in_reply_to_user_id": null, "retweet_count": 4, "id_str": "968427184414216192", "favorited": false, "user": {"follow_request_sent": false, "has_extended_profile": false, "profile_use_background_image": true, "default_profile_image": false, "id": 933458054431035392, "profile_background_image_url_https": null, "verified": false, "translator_type": "none", "profile_text_color": "333333", "profile_image_url_https": "https://pbs.twimg.com/profile_images/933460253588557826/KIxDg_by_normal.jpg", "profile_sidebar_fill_color": "DDEEF6", "entities": {"url": {"urls": [{"url": "https://t.co/r642D39oX6", "indices": [0, 23], "expanded_url": "https://ds0.me", "display_url": "ds0.me"}]}, "description": {"urls": []}}, "followers_count": 362, "profile_sidebar_border_color": "C0DEED", "id_str": "933458054431035392", "profile_background_color": "F5F8FA", "listed_count": 5, "is_translation_enabled": false, "utc_offset": 0, "statuses_count": 232, "description": "Open Source Electronics, FPGA and Software developer. Contributor to Project Icestorm. Sometimes I dump and emulate crappy and obscure video games.", "friends_count": 206, "location": "London, England", "profile_link_color": "1DA1F2", "profile_image_url": "http://pbs.twimg.com/profile_images/933460253588557826/KIxDg_by_normal.jpg", "following": true, "geo_enabled": false, "profile_background_image_url": null, "screen_name": "fpga_dave", "lang": "en", "profile_background_tile": false, "favourites_count": 415, "name": "David Shah", "notifications": false, "url": "https://t.co/r642D39oX6", "created_at": "Wed Nov 22 22:11:57 +0000 2017", "contributors_enabled": false, "time_zone": "London", "protected": false, "default_profile": true, "is_translator": false}, "geo": null, "in_reply_to_user_id_str": null, "possibly_sensitive": false, "lang": "en", "created_at": "Tue Feb 27 10:06:47 +0000 2018", "in_reply_to_status_id_str": null, "place": null, "metadata": {"iso_language_code": "en", "result_type": "recent"}}, "user": {"follow_request_sent": false, "has_extended_profile": false, "profile_use_background_image": false, "default_profile_image": false, "id": 14159640, "profile_background_image_url_https": "https://abs.twimg.com/images/themes/theme1/bg.png", "verified": false, "translator_type": "none", "profile_text_color": "000000", "profile_image_url_https": "https://pbs.twimg.com/profile_images/875591045077114880/uaReijkQ_normal.jpg", "profile_sidebar_fill_color": "000000", "entities": {"url": {"urls": [{"url": "https://t.co/b6l6V7QMkv", "indices": [0, 23], "expanded_url": "http://1bitsquared.com", "display_url": "1bitsquared.com"}]}, "description": {"urls": [{"url": "https://t.co/slOfKQQY6T", "indices": [24, 47], "expanded_url": "http://1bit2.com", "display_url": "1bit2.com"}, {"url": "https://t.co/2K5qN5Sri0", "indices": [70, 93], "expanded_url": "http://black-magic.org", "display_url": "black-magic.org"}, {"url": "https://t.co/L3OIVmx8mN", "indices": [94, 117], "expanded_url": "http://1bitsy.org", "display_url": "1bitsy.org"}, {"url": "https://t.co/tClWvATImR", "indices": [136, 159], "expanded_url": "http://youtube.com/user/esdentem", "display_url": "youtube.com/user/esdentem"}]}}, "followers_count": 2047, "profile_sidebar_border_color": "000000", "id_str": "14159640", "profile_background_color": "000000", "listed_count": 87, "is_translation_enabled": false, "utc_offset": -28800, "statuses_count": 7799, "description": "Founder of @1BitSquared https://t.co/slOfKQQY6T Embedded Systems Eng. https://t.co/2K5qN5Sri0 https://t.co/L3OIVmx8mN @paparazziuav YT: https://t.co/tClWvATImR", "friends_count": 1180, "location": "Eugene, OR; Ingolstadt, DE; Warszawa, PL", "profile_link_color": "262B2F", "profile_image_url": "http://pbs.twimg.com/profile_images/875591045077114880/uaReijkQ_normal.jpg", "following": false, "geo_enabled": false, "profile_background_image_url": "http://abs.twimg.com/images/themes/theme1/bg.png", "screen_name": "esden", "lang": "en", "profile_background_tile": false, "favourites_count": 13488, "name": "Piotr Esden-Tempski", "notifications": false, "url": "https://t.co/b6l6V7QMkv", "created_at": "Sun Mar 16 21:55:24 +0000 2008", "contributors_enabled": false, "time_zone": "Pacific Time (US & Canada)", "protected": false, "default_profile": false, "is_translator": false}, "geo": null, "in_reply_to_user_id_str": null, "lang": "en", "created_at": "Tue Feb 27 21:04:39 +0000 2018", "in_reply_to_status_id_str": null, "place": null, "metadata": {"iso_language_code": "en", "result_type": "recent"}}, {"contributors": null, "truncated": false, "text": "RT @fpga_dave: It looks like Lattice Semi Radiant now has support for oscillator trimming on the iCE40 UltraPlus - more than two months *af\u2026", "is_quote_status": false, "in_reply_to_status_id": null, "id": 968578368269635584, "favorite_count": 0, "retweeted": false, "coordinates": null, "source": "<a href=\"http://twitter.com\" rel=\"nofollow\">Twitter Web Client</a>", "in_reply_to_screen_name": null, "in_reply_to_user_id": null, "retweet_count": 4, "id_str": "968578368269635584", "favorited": false, "retweeted_status": {"contributors": null, "truncated": true, "text": "It looks like Lattice Semi Radiant now has support for oscillator trimming on the iCE40 UltraPlus - more than two m\u2026 https://t.co/QjBkkQ5aIT", "is_quote_status": false, "in_reply_to_status_id": null, "id": 968427184414216192, "favorite_count": 13, "retweeted": false, "coordinates": null, "source": "<a href=\"http://twitter.com\" rel=\"nofollow\">Twitter Web Client</a>", "in_reply_to_screen_name": null, "in_reply_to_user_id": null, "retweet_count": 4, "id_str": "968427184414216192", "favorited": false, "user": {"follow_request_sent": false, "has_extended_profile": false, "profile_use_background_image": true, "default_profile_image": false, "id": 933458054431035392, "profile_background_image_url_https": null, "verified": false, "translator_type": "none", "profile_text_color": "333333", "profile_image_url_https": "https://pbs.twimg.com/profile_images/933460253588557826/KIxDg_by_normal.jpg", "profile_sidebar_fill_color": "DDEEF6", "entities": {"url": {"urls": [{"url": "https://t.co/r642D39oX6", "indices": [0, 23], "expanded_url": "https://ds0.me", "display_url": "ds0.me"}]}, "description": {"urls": []}}, "followers_count": 362, "profile_sidebar_border_color": "C0DEED", "id_str": "933458054431035392", "profile_background_color": "F5F8FA", "listed_count": 5, "is_translation_enabled": false, "utc_offset": 0, "statuses_count": 232, "description": "Open Source Electronics, FPGA and Software developer. Contributor to Project Icestorm. Sometimes I dump and emulate crappy and obscure video games.", "friends_count": 206, "location": "London, England", "profile_link_color": "1DA1F2", "profile_image_url": "http://pbs.twimg.com/profile_images/933460253588557826/KIxDg_by_normal.jpg", "following": true, "geo_enabled": false, "profile_background_image_url": null, "screen_name": "fpga_dave", "lang": "en", "profile_background_tile": false, "favourites_count": 415, "name": "David Shah", "notifications": false, "url": "https://t.co/r642D39oX6", "created_at": "Wed Nov 22 22:11:57 +0000 2017", "contributors_enabled": false, "time_zone": "London", "protected": false, "default_profile": true, "is_translator": false}, "geo": null, "in_reply_to_user_id_str": null, "possibly_sensitive": false, "lang": "en", "created_at": "Tue Feb 27 10:06:47 +0000 2018", "in_reply_to_status_id_str": null, "place": null, "metadata": {"iso_language_code": "en", "result_type": "recent"}}, "user": {"follow_request_sent": false, "has_extended_profile": true, "profile_use_background_image": false, "default_profile_image": false, "id": 23419587, "profile_background_image_url_https": "https://abs.twimg.com/images/themes/theme9/bg.gif", "verified": false, "translator_type": "none", "profile_text_color": "000000", "profile_image_url_https": "https://pbs.twimg.com/profile_images/788185962916425729/xnXY5DwC_normal.jpg", "profile_sidebar_fill_color": "000000", "entities": {"description": {"urls": []}}, "followers_count": 1798, "profile_sidebar_border_color": "000000", "id_str": "23419587", "profile_background_color": "000000", "listed_count": 66, "is_translation_enabled": false, "utc_offset": -21600, "statuses_count": 12756, "description": "gundam pilot", "friends_count": 652, "location": "Awwwstun, TX", "profile_link_color": "19CF86", "profile_image_url": "http://pbs.twimg.com/profile_images/788185962916425729/xnXY5DwC_normal.jpg", "following": false, "geo_enabled": false, "profile_banner_url": "https://pbs.twimg.com/profile_banners/23419587/1443765929", "profile_background_image_url": "http://abs.twimg.com/images/themes/theme9/bg.gif", "screen_name": "stdlib", "lang": "en", "profile_background_tile": false, "favourites_count": 6644, "name": "a", "notifications": false, "url": null, "created_at": "Mon Mar 09 09:53:43 +0000 2009", "contributors_enabled": false, "time_zone": "Central Time (US & Canada)", "protected": false, "default_profile": false, "is_translator": false}, "geo": null, "in_reply_to_user_id_str": null, "lang": "en", "created_at": "Tue Feb 27 20:07:32 +0000 2018", "in_reply_to_status_id_str": null, "place": null, "metadata": {"iso_language_code": "en", "result_type": "recent"}}, {"contributors": null, "truncated": false, "text": "RT @fpga_dave: It looks like Lattice Semi Radiant now has support for oscillator trimming on the iCE40 UltraPlus - more than two months *af\u2026", "is_quote_status": false, "in_reply_to_status_id": null, "id": 968504200412921857, "favorite_count": 0, "retweeted": false, "coordinates": null, "source": "<a href=\"http://twitter.com/#!/download/ipad\" rel=\"nofollow\">Twitter for iPad</a>", "in_reply_to_screen_name": null, "in_reply_to_user_id": null, "retweet_count": 4, "id_str": "968504200412921857", "favorited": false, "retweeted_status": {"contributors": null, "truncated": true, "text": "It looks like Lattice Semi Radiant now has support for oscillator trimming on the iCE40 UltraPlus - more than two m\u2026 https://t.co/QjBkkQ5aIT", "is_quote_status": false, "in_reply_to_status_id": null, "id": 968427184414216192, "favorite_count": 13, "retweeted": false, "coordinates": null, "source": "<a href=\"http://twitter.com\" rel=\"nofollow\">Twitter Web Client</a>", "in_reply_to_screen_name": null, "in_reply_to_user_id": null, "retweet_count": 4, "id_str": "968427184414216192", "favorited": false, "user": {"follow_request_sent": false, "has_extended_profile": false, "profile_use_background_image": true, "default_profile_image": false, "id": 933458054431035392, "profile_background_image_url_https": null, "verified": false, "translator_type": "none", "profile_text_color": "333333", "profile_image_url_https": "https://pbs.twimg.com/profile_images/933460253588557826/KIxDg_by_normal.jpg", "profile_sidebar_fill_color": "DDEEF6", "entities": {"url": {"urls": [{"url": "https://t.co/r642D39oX6", "indices": [0, 23], "expanded_url": "https://ds0.me", "display_url": "ds0.me"}]}, "description": {"urls": []}}, "followers_count": 362, "profile_sidebar_border_color": "C0DEED", "id_str": "933458054431035392", "profile_background_color": "F5F8FA", "listed_count": 5, "is_translation_enabled": false, "utc_offset": 0, "statuses_count": 232, "description": "Open Source Electronics, FPGA and Software developer. Contributor to Project Icestorm. Sometimes I dump and emulate crappy and obscure video games.", "friends_count": 206, "location": "London, England", "profile_link_color": "1DA1F2", "profile_image_url": "http://pbs.twimg.com/profile_images/933460253588557826/KIxDg_by_normal.jpg", "following": true, "geo_enabled": false, "profile_background_image_url": null, "screen_name": "fpga_dave", "lang": "en", "profile_background_tile": false, "favourites_count": 415, "name": "David Shah", "notifications": false, "url": "https://t.co/r642D39oX6", "created_at": "Wed Nov 22 22:11:57 +0000 2017", "contributors_enabled": false, "time_zone": "London", "protected": false, "default_profile": true, "is_translator": false}, "geo": null, "in_reply_to_user_id_str": null, "possibly_sensitive": false, "lang": "en", "created_at": "Tue Feb 27 10:06:47 +0000 2018", "in_reply_to_status_id_str": null, "place": null, "metadata": {"iso_language_code": "en", "result_type": "recent"}}, "user": {"follow_request_sent": false, "has_extended_profile": false, "profile_use_background_image": true, "default_profile_image": false, "id": 40498721, "profile_background_image_url_https": "https://pbs.twimg.com/profile_background_images/664599489/2aafa2b31ca7daa7284bda1d3e1fad70.png", "verified": false, "translator_type": "none", "profile_text_color": "333333", "profile_image_url_https": "https://pbs.twimg.com/profile_images/824581434060996608/34VJlTI3_normal.jpg", "profile_sidebar_fill_color": "DDEEF6", "entities": {"url": {"urls": [{"url": "https://t.co/KZ2vGYG3uK", "indices": [0, 23], "expanded_url": "http://assured.se", "display_url": "assured.se"}]}, "description": {"urls": []}}, "followers_count": 1668, "profile_sidebar_border_color": "FFFFFF", "id_str": "40498721", "profile_background_color": "162126", "listed_count": 194, "is_translation_enabled": false, "utc_offset": 3600, "statuses_count": 40856, "description": "Crypto & embedded security expert working at Assured AB.", "friends_count": 1078, "location": "Gothenburg, Sweden", "profile_link_color": "198AB3", "profile_image_url": "http://pbs.twimg.com/profile_images/824581434060996608/34VJlTI3_normal.jpg", "following": false, "geo_enabled": false, "profile_banner_url": "https://pbs.twimg.com/profile_banners/40498721/1485430657", "profile_background_image_url": "http://pbs.twimg.com/profile_background_images/664599489/2aafa2b31ca7daa7284bda1d3e1fad70.png", "screen_name": "Kryptoblog", "lang": "en", "profile_background_tile": false, "favourites_count": 40128, "name": "Joachim Str\u00f6mbergson", "notifications": false, "url": "https://t.co/KZ2vGYG3uK", "created_at": "Sat May 16 17:02:53 +0000 2009", "contributors_enabled": false, "time_zone": "Stockholm", "protected": false, "default_profile": false, "is_translator": false}, "geo": null, "in_reply_to_user_id_str": null, "lang": "en", "created_at": "Tue Feb 27 15:12:49 +0000 2018", "in_reply_to_status_id_str": null, "place": null, "metadata": {"iso_language_code": "en", "result_type": "recent"}}, {"contributors": null, "truncated": false, "text": "Lattice: IP core support for iCE40 UltraPlus family: https://t.co/ioZ2WdBsPM", "is_quote_status": false, "in_reply_to_status_id": null, "id": 968478748591968257, "favorite_count": 0, "retweeted": false, "coordinates": null, "source": "<a href=\"http://admin.iccmedia.com\" rel=\"nofollow\">AutoPostICC</a>", "in_reply_to_screen_name": null, "in_reply_to_user_id": null, "retweet_count": 0, "id_str": "968478748591968257", "favorited": false, "user": {"follow_request_sent": false, "has_extended_profile": false, "profile_use_background_image": true, "default_profile_image": false, "id": 38625344, "profile_background_image_url_https": "https://pbs.twimg.com/profile_background_images/285249188/icctwitterbg.jpg", "verified": false, "translator_type": "none", "profile_text_color": "333333", "profile_image_url_https": "https://pbs.twimg.com/profile_images/1430755106/twitter_avatar_normal.jpg", "profile_sidebar_fill_color": "E0F0FF", "entities": {"url": {"urls": [{"url": "http://t.co/sVETIPaUNu", "indices": [0, 22], "expanded_url": "http://www.iccmedia.com", "display_url": "iccmedia.com"}]}, "description": {"urls": []}}, "followers_count": 1136, "profile_sidebar_border_color": "4F4747", "id_str": "38625344", "profile_background_color": "087BFF", "listed_count": 69, "is_translation_enabled": false, "utc_offset": 3600, "statuses_count": 8424, "description": "Leading Print and Online Publications for Embedded Engineers in Europe", "friends_count": 515, "location": "Germany", "profile_link_color": "0F9BFF", "profile_image_url": "http://pbs.twimg.com/profile_images/1430755106/twitter_avatar_normal.jpg", "following": false, "geo_enabled": false, "profile_background_image_url": "http://pbs.twimg.com/profile_background_images/285249188/icctwitterbg.jpg", "screen_name": "iccmedia", "lang": "en", "profile_background_tile": false, "favourites_count": 0, "name": "Manfred Blumoser", "notifications": false, "url": "http://t.co/sVETIPaUNu", "created_at": "Fri May 08 07:17:54 +0000 2009", "contributors_enabled": false, "time_zone": "Berlin", "protected": false, "default_profile": false, "is_translator": false}, "geo": null, "in_reply_to_user_id_str": null, "possibly_sensitive": false, "lang": "en", "created_at": "Tue Feb 27 13:31:41 +0000 2018", "in_reply_to_status_id_str": null, "place": null, "metadata": {"iso_language_code": "en", "result_type": "recent"}}, {"contributors": null, "truncated": false, "text": "RT @fpga_dave: It looks like Lattice Semi Radiant now has support for oscillator trimming on the iCE40 UltraPlus - more than two months *af\u2026", "is_quote_status": false, "in_reply_to_status_id": null, "id": 968435397096329216, "favorite_count": 0, "retweeted": false, "coordinates": null, "source": "<a href=\"http://twitter.com/download/android\" rel=\"nofollow\">Twitter for Android</a>", "in_reply_to_screen_name": null, "in_reply_to_user_id": null, "retweet_count": 4, "id_str": "968435397096329216", "favorited": false, "retweeted_status": {"contributors": null, "truncated": true, "text": "It looks like Lattice Semi Radiant now has support for oscillator trimming on the iCE40 UltraPlus - more than two m\u2026 https://t.co/QjBkkQ5aIT", "is_quote_status": false, "in_reply_to_status_id": null, "id": 968427184414216192, "favorite_count": 13, "retweeted": false, "coordinates": null, "source": "<a href=\"http://twitter.com\" rel=\"nofollow\">Twitter Web Client</a>", "in_reply_to_screen_name": null, "in_reply_to_user_id": null, "retweet_count": 4, "id_str": "968427184414216192", "favorited": false, "user": {"follow_request_sent": false, "has_extended_profile": false, "profile_use_background_image": true, "default_profile_image": false, "id": 933458054431035392, "profile_background_image_url_https": null, "verified": false, "translator_type": "none", "profile_text_color": "333333", "profile_image_url_https": "https://pbs.twimg.com/profile_images/933460253588557826/KIxDg_by_normal.jpg", "profile_sidebar_fill_color": "DDEEF6", "entities": {"url": {"urls": [{"url": "https://t.co/r642D39oX6", "indices": [0, 23], "expanded_url": "https://ds0.me", "display_url": "ds0.me"}]}, "description": {"urls": []}}, "followers_count": 362, "profile_sidebar_border_color": "C0DEED", "id_str": "933458054431035392", "profile_background_color": "F5F8FA", "listed_count": 5, "is_translation_enabled": false, "utc_offset": 0, "statuses_count": 232, "description": "Open Source Electronics, FPGA and Software developer. Contributor to Project Icestorm. Sometimes I dump and emulate crappy and obscure video games.", "friends_count": 206, "location": "London, England", "profile_link_color": "1DA1F2", "profile_image_url": "http://pbs.twimg.com/profile_images/933460253588557826/KIxDg_by_normal.jpg", "following": true, "geo_enabled": false, "profile_background_image_url": null, "screen_name": "fpga_dave", "lang": "en", "profile_background_tile": false, "favourites_count": 415, "name": "David Shah", "notifications": false, "url": "https://t.co/r642D39oX6", "created_at": "Wed Nov 22 22:11:57 +0000 2017", "contributors_enabled": false, "time_zone": "London", "protected": false, "default_profile": true, "is_translator": false}, "geo": null, "in_reply_to_user_id_str": null, "possibly_sensitive": false, "lang": "en", "created_at": "Tue Feb 27 10:06:47 +0000 2018", "in_reply_to_status_id_str": null, "place": null, "metadata": {"iso_language_code": "en", "result_type": "recent"}}, "user": {"follow_request_sent": false, "has_extended_profile": true, "profile_use_background_image": false, "default_profile_image": false, "id": 2821368996, "profile_background_image_url_https": "https://abs.twimg.com/images/themes/theme1/bg.png", "verified": false, "translator_type": "none", "profile_text_color": "000000", "profile_image_url_https": "https://pbs.twimg.com/profile_images/513243501031469056/XDXzTZMC_normal.png", "profile_sidebar_fill_color": "000000", "entities": {"url": {"urls": [{"url": "https://t.co/WNjfdYh7wz", "indices": [0, 23], "expanded_url": "http://www.clifford.at/", "display_url": "clifford.at"}]}, "description": {"urls": []}}, "followers_count": 2425, "profile_sidebar_border_color": "000000", "id_str": "2821368996", "profile_background_color": "ABB8C2", "listed_count": 48, "is_translation_enabled": false, "utc_offset": 3600, "statuses_count": 5271, "description": "FOSS | EE | C/C++, Verilog, Python | Math, CS | GPGPUs | FPGAs | RISC-V, PicoRV32 | SAT, SMT, ML | Yosys, IceStorm, OpenSCAD | eevidtron, cliffordvienna", "friends_count": 367, "location": "Vienna", "profile_link_color": "E81C4F", "profile_image_url": "http://pbs.twimg.com/profile_images/513243501031469056/XDXzTZMC_normal.png", "following": true, "geo_enabled": false, "profile_banner_url": "https://pbs.twimg.com/profile_banners/2821368996/1518875672", "profile_background_image_url": "http://abs.twimg.com/images/themes/theme1/bg.png", "screen_name": "oe1cxw", "lang": "en", "profile_background_tile": false, "favourites_count": 15603, "name": "Clifford Wolf", "notifications": false, "url": "https://t.co/WNjfdYh7wz", "created_at": "Sat Sep 20 08:23:07 +0000 2014", "contributors_enabled": false, "time_zone": "Ljubljana", "protected": false, "default_profile": false, "is_translator": false}, "geo": null, "in_reply_to_user_id_str": null, "lang": "en", "created_at": "Tue Feb 27 10:39:25 +0000 2018", "in_reply_to_status_id_str": null, "place": null, "metadata": {"iso_language_code": "en", "result_type": "recent"}}, {"contributors": null, "truncated": true, "text": "It looks like Lattice Semi Radiant now has support for oscillator trimming on the iCE40 UltraPlus - more than two m\u2026 https://t.co/QjBkkQ5aIT", "is_quote_status": false, "in_reply_to_status_id": null, "id": 968427184414216192, "favorite_count": 13, "retweeted": false, "coordinates": null, "source": "<a href=\"http://twitter.com\" rel=\"nofollow\">Twitter Web Client</a>", "in_reply_to_screen_name": null, "in_reply_to_user_id": null, "retweet_count": 4, "id_str": "968427184414216192", "favorited": false, "user": {"follow_request_sent": false, "has_extended_profile": false, "profile_use_background_image": true, "default_profile_image": false, "id": 933458054431035392, "profile_background_image_url_https": null, "verified": false, "translator_type": "none", "profile_text_color": "333333", "profile_image_url_https": "https://pbs.twimg.com/profile_images/933460253588557826/KIxDg_by_normal.jpg", "profile_sidebar_fill_color": "DDEEF6", "entities": {"url": {"urls": [{"url": "https://t.co/r642D39oX6", "indices": [0, 23], "expanded_url": "https://ds0.me", "display_url": "ds0.me"}]}, "description": {"urls": []}}, "followers_count": 362, "profile_sidebar_border_color": "C0DEED", "id_str": "933458054431035392", "profile_background_color": "F5F8FA", "listed_count": 5, "is_translation_enabled": false, "utc_offset": 0, "statuses_count": 232, "description": "Open Source Electronics, FPGA and Software developer. Contributor to Project Icestorm. Sometimes I dump and emulate crappy and obscure video games.", "friends_count": 206, "location": "London, England", "profile_link_color": "1DA1F2", "profile_image_url": "http://pbs.twimg.com/profile_images/933460253588557826/KIxDg_by_normal.jpg", "following": true, "geo_enabled": false, "profile_background_image_url": null, "screen_name": "fpga_dave", "lang": "en", "profile_background_tile": false, "favourites_count": 415, "name": "David Shah", "notifications": false, "url": "https://t.co/r642D39oX6", "created_at": "Wed Nov 22 22:11:57 +0000 2017", "contributors_enabled": false, "time_zone": "London", "protected": false, "default_profile": true, "is_translator": false}, "geo": null, "in_reply_to_user_id_str": null, "possibly_sensitive": false, "lang": "en", "created_at": "Tue Feb 27 10:06:47 +0000 2018", "in_reply_to_status_id_str": null, "place": null, "metadata": {"iso_language_code": "en", "result_type": "recent"}}, {"contributors": null, "truncated": false, "text": "Mouser ships Lattice Semiconductor\u2019s iCE40 Ult https://t.co/m8AxTqvxB1 #componentsconnectors #latestnews #technews https://t.co/mTm6o9ck3n", "is_quote_status": false, "in_reply_to_status_id": null, "id": 968395234454450176, "favorite_count": 3, "retweeted": false, "coordinates": null, "source": "<a href=\"http://www.ajaymatharu.com/\" rel=\"nofollow\">Tweet Old Post</a>", "in_reply_to_screen_name": null, "in_reply_to_user_id": null, "retweet_count": 0, "id_str": "968395234454450176", "favorited": false, "user": {"follow_request_sent": false, "has_extended_profile": false, "profile_use_background_image": false, "default_profile_image": false, "id": 951498600, "profile_background_image_url_https": "https://pbs.twimg.com/profile_background_images/812699188/e710a719643f0914c15e6020245034e5.png", "verified": false, "translator_type": "none", "profile_text_color": "333333", "profile_image_url_https": "https://pbs.twimg.com/profile_images/925769626243477504/VF5-Hj91_normal.jpg", "profile_sidebar_fill_color": "DDEEF6", "entities": {"url": {"urls": [{"url": "https://t.co/Kk9cbJGm5N", "indices": [0, 23], "expanded_url": "http://www.softei.com", "display_url": "softei.com"}]}, "description": {"urls": [{"url": "https://t.co/lqUcCwtUef", "indices": [0, 23], "expanded_url": "http://Softei.com", "display_url": "Softei.com"}]}}, "followers_count": 1583, "profile_sidebar_border_color": "FFFFFF", "id_str": "951498600", "profile_background_color": "C0DEED", "listed_count": 25, "is_translation_enabled": false, "utc_offset": 0, "statuses_count": 30491, "description": "https://t.co/lqUcCwtUef For Whats New in the Electronics Industry, Promotions, Competitions plus the latest industry developments.", "friends_count": 3306, "location": "", "profile_link_color": "5E93CC", "profile_image_url": "http://pbs.twimg.com/profile_images/925769626243477504/VF5-Hj91_normal.jpg", "following": false, "geo_enabled": false, "profile_banner_url": "https://pbs.twimg.com/profile_banners/951498600/1509555656", "profile_background_image_url": "http://pbs.twimg.com/profile_background_images/812699188/e710a719643f0914c15e6020245034e5.png", "screen_name": "SofteiCom", "lang": "en", "profile_background_tile": false, "favourites_count": 9546, "name": "Softei.Com", "notifications": false, "url": "https://t.co/Kk9cbJGm5N", "created_at": "Fri Nov 16 11:33:08 +0000 2012", "contributors_enabled": false, "time_zone": "London", "protected": false, "default_profile": false, "is_translator": false}, "geo": null, "in_reply_to_user_id_str": null, "possibly_sensitive": false, "lang": "en", "created_at": "Tue Feb 27 07:59:50 +0000 2018", "in_reply_to_status_id_str": null, "place": null, "metadata": {"iso_language_code": "en", "result_type": "recent"}}, {"contributors": null, "truncated": false, "text": "RT @latticesemi: Our new Lattice Radiant software checks off on predictable design convergence, ease of use &amp; enhanced productivity. With s\u2026", "is_quote_status": false, "in_reply_to_status_id": null, "id": 968206578494164992, "favorite_count": 0, "retweeted": false, "coordinates": null, "source": "<a href=\"http://twitter.com/download/android\" rel=\"nofollow\">Twitter for Android</a>", "in_reply_to_screen_name": null, "in_reply_to_user_id": null, "retweet_count": 1, "id_str": "968206578494164992", "favorited": false, "retweeted_status": {"contributors": null, "truncated": true, "text": "Our new Lattice Radiant software checks off on predictable design convergence, ease of use &amp; enhanced productivity.\u2026 https://t.co/xdUp8DFA61", "is_quote_status": false, "in_reply_to_status_id": null, "id": 968160496544251905, "favorite_count": 4, "retweeted": false, "coordinates": null, "source": "<a href=\"http://sproutsocial.com\" rel=\"nofollow\">Sprout Social</a>", "in_reply_to_screen_name": null, "in_reply_to_user_id": null, "retweet_count": 1, "id_str": "968160496544251905", "favorited": false, "user": {"follow_request_sent": false, "has_extended_profile": true, "profile_use_background_image": true, "default_profile_image": false, "id": 40975045, "profile_background_image_url_https": "https://pbs.twimg.com/profile_background_images/423398696/Social-Media-Background-Image_2012.jpg", "verified": false, "translator_type": "none", "profile_text_color": "6E6868", "profile_image_url_https": "https://pbs.twimg.com/profile_images/1925947983/Lattice-Icon_bug-new_normal.png", "profile_sidebar_fill_color": "1F1A1B", "entities": {"url": {"urls": [{"url": "http://t.co/oWWZlheMH2", "indices": [0, 22], "expanded_url": "http://www.latticesemi.com", "display_url": "latticesemi.com"}]}, "description": {"urls": []}}, "followers_count": 4495, "profile_sidebar_border_color": "181A1E", "id_str": "40975045", "profile_background_color": "000000", "listed_count": 198, "is_translation_enabled": false, "utc_offset": -28800, "statuses_count": 2249, "description": "Lattice is the leading provider of ultra-low-power programmable ICs for smartphones, mobile devices, small-cells, industrial control, infotainment", "friends_count": 362, "location": "", "profile_link_color": "FFC222", "profile_image_url": "http://pbs.twimg.com/profile_images/1925947983/Lattice-Icon_bug-new_normal.png", "following": false, "geo_enabled": false, "profile_banner_url": "https://pbs.twimg.com/profile_banners/40975045/1487710600", "profile_background_image_url": "http://pbs.twimg.com/profile_background_images/423398696/Social-Media-Background-Image_2012.jpg", "screen_name": "latticesemi", "lang": "en", "profile_background_tile": false, "favourites_count": 392, "name": "Lattice Semi", "notifications": false, "url": "http://t.co/oWWZlheMH2", "created_at": "Mon May 18 21:37:22 +0000 2009", "contributors_enabled": false, "time_zone": "Pacific Time (US & Canada)", "protected": false, "default_profile": false, "is_translator": false}, "geo": null, "in_reply_to_user_id_str": null, "possibly_sensitive": false, "lang": "en", "created_at": "Mon Feb 26 16:27:04 +0000 2018", "in_reply_to_status_id_str": null, "place": null, "metadata": {"iso_language_code": "en", "result_type": "recent"}}, "user": {"follow_request_sent": false, "has_extended_profile": false, "profile_use_background_image": true, "default_profile_image": false, "id": 4784087996, "profile_background_image_url_https": "https://pbs.twimg.com/profile_background_images/689465172780408834/Uc1lwU-E.png", "verified": false, "translator_type": "none", "profile_text_color": "000000", "profile_image_url_https": "https://pbs.twimg.com/profile_images/689460000461221892/2qwdiB1o_normal.png", "profile_sidebar_fill_color": "000000", "entities": {"url": {"urls": [{"url": "https://t.co/maMK0lZDrN", "indices": [0, 23], "expanded_url": "http://www.icoboard.org", "display_url": "icoboard.org"}]}, "description": {"urls": []}}, "followers_count": 1502, "profile_sidebar_border_color": "000000", "id_str": "4784087996", "profile_background_color": "000000", "listed_count": 59, "is_translation_enabled": false, "utc_offset": 3600, "statuses_count": 5948, "description": "News about Yosys, ArachnePnR, icetools, SymbiFlow, SymbiYosys. Open Source FPGA tools for Lattice-ice40 and Xilinx-Series7 FPGAs  and boards.", "friends_count": 386, "location": "", "profile_link_color": "DD2E44", "profile_image_url": "http://pbs.twimg.com/profile_images/689460000461221892/2qwdiB1o_normal.png", "following": true, "geo_enabled": false, "profile_banner_url": "https://pbs.twimg.com/profile_banners/4784087996/1453216123", "profile_background_image_url": "http://pbs.twimg.com/profile_background_images/689465172780408834/Uc1lwU-E.png", "screen_name": "ico_TC", "lang": "de", "profile_background_tile": true, "favourites_count": 412, "name": "icoTC @EmbeddedWorld", "notifications": false, "url": "https://t.co/maMK0lZDrN", "created_at": "Tue Jan 19 14:42:43 +0000 2016", "contributors_enabled": false, "time_zone": "Vienna", "protected": false, "default_profile": false, "is_translator": false}, "geo": null, "in_reply_to_user_id_str": null, "lang": "en", "created_at": "Mon Feb 26 19:30:11 +0000 2018", "in_reply_to_status_id_str": null, "place": null, "metadata": {"iso_language_code": "en", "result_type": "recent"}}, {"contributors": null, "truncated": true, "text": "Our new Lattice Radiant software checks off on predictable design convergence, ease of use &amp; enhanced productivity.\u2026 https://t.co/xdUp8DFA61", "is_quote_status": false, "in_reply_to_status_id": null, "id": 968160496544251905, "favorite_count": 4, "retweeted": false, "coordinates": null, "source": "<a href=\"http://sproutsocial.com\" rel=\"nofollow\">Sprout Social</a>", "in_reply_to_screen_name": null, "in_reply_to_user_id": null, "retweet_count": 1, "id_str": "968160496544251905", "favorited": false, "user": {"follow_request_sent": false, "has_extended_profile": true, "profile_use_background_image": true, "default_profile_image": false, "id": 40975045, "profile_background_image_url_https": "https://pbs.twimg.com/profile_background_images/423398696/Social-Media-Background-Image_2012.jpg", "verified": false, "translator_type": "none", "profile_text_color": "6E6868", "profile_image_url_https": "https://pbs.twimg.com/profile_images/1925947983/Lattice-Icon_bug-new_normal.png", "profile_sidebar_fill_color": "1F1A1B", "entities": {"url": {"urls": [{"url": "http://t.co/oWWZlheMH2", "indices": [0, 22], "expanded_url": "http://www.latticesemi.com", "display_url": "latticesemi.com"}]}, "description": {"urls": []}}, "followers_count": 4495, "profile_sidebar_border_color": "181A1E", "id_str": "40975045", "profile_background_color": "000000", "listed_count": 198, "is_translation_enabled": false, "utc_offset": -28800, "statuses_count": 2249, "description": "Lattice is the leading provider of ultra-low-power programmable ICs for smartphones, mobile devices, small-cells, industrial control, infotainment", "friends_count": 362, "location": "", "profile_link_color": "FFC222", "profile_image_url": "http://pbs.twimg.com/profile_images/1925947983/Lattice-Icon_bug-new_normal.png", "following": false, "geo_enabled": false, "profile_banner_url": "https://pbs.twimg.com/profile_banners/40975045/1487710600", "profile_background_image_url": "http://pbs.twimg.com/profile_background_images/423398696/Social-Media-Background-Image_2012.jpg", "screen_name": "latticesemi", "lang": "en", "profile_background_tile": false, "favourites_count": 392, "name": "Lattice Semi", "notifications": false, "url": "http://t.co/oWWZlheMH2", "created_at": "Mon May 18 21:37:22 +0000 2009", "contributors_enabled": false, "time_zone": "Pacific Time (US & Canada)", "protected": false, "default_profile": false, "is_translator": false}, "geo": null, "in_reply_to_user_id_str": null, "possibly_sensitive": false, "lang": "en", "created_at": "Mon Feb 26 16:27:04 +0000 2018", "in_reply_to_status_id_str": null, "place": null, "metadata": {"iso_language_code": "en", "result_type": "recent"}}, {"contributors": null, "truncated": true, "text": "@VICMAN1307 \u00c9l PRIAN se ha ganado el primer lugar ultraplus de la CORRUPCI\u00d3N PRAGMATICA con reconocimiento del mund\u2026 https://t.co/3yBoyOgmAO", "is_quote_status": false, "in_reply_to_status_id": 967394566604177409, "id": 967460098355314688, "favorite_count": 1, "retweeted": false, "coordinates": null, "source": "<a href=\"http://twitter.com/download/android\" rel=\"nofollow\">Twitter for Android</a>", "in_reply_to_screen_name": "VICMAN1307", "in_reply_to_user_id": 141393222, "retweet_count": 0, "id_str": "967460098355314688", "favorited": false, "user": {"follow_request_sent": false, "has_extended_profile": false, "profile_use_background_image": true, "default_profile_image": false, "id": 3082955954, "profile_background_image_url_https": "https://abs.twimg.com/images/themes/theme1/bg.png", "verified": false, "translator_type": "none", "profile_text_color": "333333", "profile_image_url_https": "https://pbs.twimg.com/profile_images/831896661165105152/7seG-XBT_normal.jpg", "profile_sidebar_fill_color": "DDEEF6", "entities": {"description": {"urls": []}}, "followers_count": 562, "profile_sidebar_border_color": "C0DEED", "id_str": "3082955954", "profile_background_color": "C0DEED", "listed_count": 6, "is_translation_enabled": false, "utc_offset": null, "statuses_count": 10675, "description": "Mucho que decir, pero de 140 en 140 caracteres voy levantando la mano para soltarlo todo.", "friends_count": 1553, "location": "", "profile_link_color": "1DA1F2", "profile_image_url": "http://pbs.twimg.com/profile_images/831896661165105152/7seG-XBT_normal.jpg", "following": false, "geo_enabled": true, "profile_banner_url": "https://pbs.twimg.com/profile_banners/3082955954/1426381203", "profile_background_image_url": "http://abs.twimg.com/images/themes/theme1/bg.png", "screen_name": "AlexMoreiraR", "lang": "es", "profile_background_tile": false, "favourites_count": 7254, "name": "Alejandro Moreira", "notifications": false, "url": null, "created_at": "Sun Mar 15 00:51:08 +0000 2015", "contributors_enabled": false, "time_zone": null, "protected": false, "default_profile": true, "is_translator": false}, "geo": null, "in_reply_to_user_id_str": "141393222", "possibly_sensitive": false, "lang": "es", "created_at": "Sat Feb 24 18:03:56 +0000 2018", "in_reply_to_status_id_str": "967394566604177409", "place": null, "metadata": {"iso_language_code": "es", "result_type": "recent"}}, {"contributors": null, "truncated": false, "text": "Mouser ships Lattice Semiconductor\u2019s iCE40 Ult https://t.co/m8AxTqvxB1 #componentsconnectors #latestnews #technews https://t.co/epxFVGi0cz", "is_quote_status": false, "in_reply_to_status_id": null, "id": 966868202646011904, "favorite_count": 0, "retweeted": false, "coordinates": null, "source": "<a href=\"http://www.ajaymatharu.com/\" rel=\"nofollow\">Tweet Old Post</a>", "in_reply_to_screen_name": null, "in_reply_to_user_id": null, "retweet_count": 0, "id_str": "966868202646011904", "favorited": false, "user": {"follow_request_sent": false, "has_extended_profile": false, "profile_use_background_image": false, "default_profile_image": false, "id": 951498600, "profile_background_image_url_https": "https://pbs.twimg.com/profile_background_images/812699188/e710a719643f0914c15e6020245034e5.png", "verified": false, "translator_type": "none", "profile_text_color": "333333", "profile_image_url_https": "https://pbs.twimg.com/profile_images/925769626243477504/VF5-Hj91_normal.jpg", "profile_sidebar_fill_color": "DDEEF6", "entities": {"url": {"urls": [{"url": "https://t.co/Kk9cbJGm5N", "indices": [0, 23], "expanded_url": "http://www.softei.com", "display_url": "softei.com"}]}, "description": {"urls": [{"url": "https://t.co/lqUcCwtUef", "indices": [0, 23], "expanded_url": "http://Softei.com", "display_url": "Softei.com"}]}}, "followers_count": 1583, "profile_sidebar_border_color": "FFFFFF", "id_str": "951498600", "profile_background_color": "C0DEED", "listed_count": 25, "is_translation_enabled": false, "utc_offset": 0, "statuses_count": 30491, "description": "https://t.co/lqUcCwtUef For Whats New in the Electronics Industry, Promotions, Competitions plus the latest industry developments.", "friends_count": 3306, "location": "", "profile_link_color": "5E93CC", "profile_image_url": "http://pbs.twimg.com/profile_images/925769626243477504/VF5-Hj91_normal.jpg", "following": false, "geo_enabled": false, "profile_banner_url": "https://pbs.twimg.com/profile_banners/951498600/1509555656", "profile_background_image_url": "http://pbs.twimg.com/profile_background_images/812699188/e710a719643f0914c15e6020245034e5.png", "screen_name": "SofteiCom", "lang": "en", "profile_background_tile": false, "favourites_count": 9546, "name": "Softei.Com", "notifications": false, "url": "https://t.co/Kk9cbJGm5N", "created_at": "Fri Nov 16 11:33:08 +0000 2012", "contributors_enabled": false, "time_zone": "London", "protected": false, "default_profile": false, "is_translator": false}, "geo": null, "in_reply_to_user_id_str": null, "possibly_sensitive": false, "lang": "en", "created_at": "Fri Feb 23 02:51:57 +0000 2018", "in_reply_to_status_id_str": null, "place": null, "metadata": {"iso_language_code": "en", "result_type": "recent"}}, {"contributors": null, "truncated": false, "text": "Beauty Skin UltraPlus Device | Skin Care Tienda https://t.co/QDxBxOA8H5", "is_quote_status": false, "in_reply_to_status_id": null, "id": 966399981266481152, "favorite_count": 0, "retweeted": false, "coordinates": null, "source": "<a href=\"http://twitter.com\" rel=\"nofollow\">Twitter Web Client</a>", "in_reply_to_screen_name": null, "in_reply_to_user_id": null, "retweet_count": 0, "id_str": "966399981266481152", "favorited": false, "user": {"follow_request_sent": false, "has_extended_profile": false, "profile_use_background_image": true, "default_profile_image": false, "id": 377415491, "profile_background_image_url_https": "https://pbs.twimg.com/profile_background_images/458975838/TWITERGRGEDITADO.jpg", "verified": false, "translator_type": "none", "profile_text_color": "3C3940", "profile_image_url_https": "https://pbs.twimg.com/profile_images/1553395718/yo_rec_normal.png", "profile_sidebar_fill_color": "95E8EC", "entities": {"url": {"urls": [{"url": "http://t.co/He1EtjbCUp", "indices": [0, 22], "expanded_url": "http://www.giselarodriguezg.com", "display_url": "giselarodriguezg.com"}]}, "description": {"urls": []}}, "followers_count": 622, "profile_sidebar_border_color": "5ED4DC", "id_str": "377415491", "profile_background_color": "010149", "listed_count": 24, "is_translation_enabled": false, "utc_offset": null, "statuses_count": 4567, "description": "Madre, economista, emprendedora, apasionada de: mi familia, los negocios online, los viajes, los libros, las manualidades, el mar , aprender y compartir", "friends_count": 720, "location": "espana", "profile_link_color": "0084B4", "profile_image_url": "http://pbs.twimg.com/profile_images/1553395718/yo_rec_normal.png", "following": false, "geo_enabled": false, "profile_background_image_url": "http://pbs.twimg.com/profile_background_images/458975838/TWITERGRGEDITADO.jpg", "screen_name": "GiselaERG", "lang": "es", "profile_background_tile": false, "favourites_count": 17, "name": "gisela rodriguez g", "notifications": false, "url": "http://t.co/He1EtjbCUp", "created_at": "Wed Sep 21 14:57:59 +0000 2011", "contributors_enabled": false, "time_zone": null, "protected": false, "default_profile": false, "is_translator": false}, "geo": null, "in_reply_to_user_id_str": null, "possibly_sensitive": false, "lang": "en", "created_at": "Wed Feb 21 19:51:25 +0000 2018", "in_reply_to_status_id_str": null, "place": null, "metadata": {"iso_language_code": "en", "result_type": "recent"}}, {"contributors": null, "truncated": false, "text": "RT @MerlotVine: Hij heeft het nog relatief makkelijk.\nNed krijgen geen gratis woning met voorrang.\nNed moeten alle bureaucratische rompslom\u2026", "is_quote_status": true, "in_reply_to_status_id": null, "id": 966351760095838208, "favorite_count": 0, "quoted_status_id": 965903787448832000, "retweeted": false, "coordinates": null, "source": "<a href=\"http://twitter.com/download/iphone\" rel=\"nofollow\">Twitter for iPhone</a>", "in_reply_to_screen_name": null, "in_reply_to_user_id": null, "retweet_count": 4, "id_str": "966351760095838208", "favorited": false, "retweeted_status": {"contributors": null, "truncated": true, "text": "Hij heeft het nog relatief makkelijk.\nNed krijgen geen gratis woning met voorrang.\nNed moeten alle bureaucratische\u2026 https://t.co/eQgxphFAYS", "is_quote_status": true, "in_reply_to_status_id": null, "id": 966009942829346816, "favorite_count": 3, "quoted_status_id": 965903787448832000, "retweeted": false, "coordinates": null, "quoted_status": {"contributors": null, "truncated": true, "text": "Syri\u00ebr Shafee heeft het ERRUG zwaar in NL. Z'n gratis huis is niet goed, de uitkeringen te laag. Toch laat ie z'n i\u2026 https://t.co/f3jH8C7hDC", "is_quote_status": false, "in_reply_to_status_id": null, "id": 965903787448832000, "favorite_count": 165, "retweeted": false, "coordinates": null, "source": "<a href=\"http://twitter.com\" rel=\"nofollow\">Twitter Web Client</a>", "in_reply_to_screen_name": null, "in_reply_to_user_id": null, "retweet_count": 205, "id_str": "965903787448832000", "favorited": false, "user": {"follow_request_sent": false, "has_extended_profile": false, "profile_use_background_image": true, "default_profile_image": false, "id": 1185436171, "profile_background_image_url_https": "https://abs.twimg.com/images/themes/theme1/bg.png", "verified": false, "translator_type": "none", "profile_text_color": "333333", "profile_image_url_https": "https://pbs.twimg.com/profile_images/717951790549827584/0cc925So_normal.jpg", "profile_sidebar_fill_color": "DDEEF6", "entities": {"description": {"urls": []}}, "followers_count": 7367, "profile_sidebar_border_color": "C0DEED", "id_str": "1185436171", "profile_background_color": "C0DEED", "listed_count": 67, "is_translation_enabled": false, "utc_offset": null, "statuses_count": 54768, "description": "Academia Lugduno-Batava. In a time of universal deceit, telling the truth is a revolutionary act \ud83c\uddf3\ud83c\uddf1", "friends_count": 2198, "location": "Haarlem", "profile_link_color": "1DA1F2", "profile_image_url": "http://pbs.twimg.com/profile_images/717951790549827584/0cc925So_normal.jpg", "following": false, "geo_enabled": true, "profile_banner_url": "https://pbs.twimg.com/profile_banners/1185436171/1437358093", "profile_background_image_url": "http://abs.twimg.com/images/themes/theme1/bg.png", "screen_name": "Mirjam152", "lang": "nl", "profile_background_tile": false, "favourites_count": 2336, "name": "Mirjam152", "notifications": false, "url": null, "created_at": "Sat Feb 16 09:34:27 +0000 2013", "contributors_enabled": false, "time_zone": null, "protected": false, "default_profile": true, "is_translator": false}, "geo": null, "in_reply_to_user_id_str": null, "possibly_sensitive": false, "lang": "nl", "created_at": "Tue Feb 20 10:59:43 +0000 2018", "in_reply_to_status_id_str": null, "place": null, "metadata": {"iso_language_code": "nl", "result_type": "recent"}}, "source": "<a href=\"http://twitter.com\" rel=\"nofollow\">Twitter Web Client</a>", "in_reply_to_screen_name": null, "in_reply_to_user_id": null, "retweet_count": 4, "id_str": "966009942829346816", "favorited": false, "user": {"follow_request_sent": false, "has_extended_profile": false, "profile_use_background_image": true, "default_profile_image": false, "id": 41458916, "profile_background_image_url_https": "https://pbs.twimg.com/profile_background_images/673904778410246144/lmJ1IsfH.jpg", "verified": false, "translator_type": "none", "profile_text_color": "014741", "profile_image_url_https": "https://pbs.twimg.com/profile_images/932549766969528321/EA5Lw26j_normal.jpg", "profile_sidebar_fill_color": "7EC7CC", "entities": {"description": {"urls": []}}, "followers_count": 2460, "profile_sidebar_border_color": "000000", "id_str": "41458916", "profile_background_color": "000000", "listed_count": 59, "is_translation_enabled": false, "utc_offset": 3600, "statuses_count": 95204, "description": "Zelfmaakfundamentalist. Moestuinierster. Allesfluisteraarster. Er moet een pil tegen domheid komen - ideologie-gelovers krijgen er tw\u00e9\u00e9. Voor de zekerheid.", "friends_count": 469, "location": "De provincie.", "profile_link_color": "163BAB", "profile_image_url": "http://pbs.twimg.com/profile_images/932549766969528321/EA5Lw26j_normal.jpg", "following": false, "geo_enabled": true, "profile_banner_url": "https://pbs.twimg.com/profile_banners/41458916/1400056254", "profile_background_image_url": "http://pbs.twimg.com/profile_background_images/673904778410246144/lmJ1IsfH.jpg", "screen_name": "MerlotVine", "lang": "en", "profile_background_tile": true, "favourites_count": 242, "name": "Merlot Vine", "notifications": false, "url": null, "created_at": "Wed May 20 21:47:42 +0000 2009", "contributors_enabled": false, "time_zone": "Amsterdam", "protected": false, "default_profile": false, "is_translator": false}, "geo": null, "in_reply_to_user_id_str": null, "possibly_sensitive": false, "lang": "nl", "created_at": "Tue Feb 20 18:01:32 +0000 2018", "quoted_status_id_str": "965903787448832000", "in_reply_to_status_id_str": null, "place": null, "metadata": {"iso_language_code": "nl", "result_type": "recent"}}, "user": {"follow_request_sent": false, "has_extended_profile": false, "profile_use_background_image": true, "default_profile_image": false, "id": 322053820, "profile_background_image_url_https": "https://abs.twimg.com/images/themes/theme1/bg.png", "verified": false, "translator_type": "none", "profile_text_color": "333333", "profile_image_url_https": "https://pbs.twimg.com/profile_images/950113691646812161/bax1WB-7_normal.jpg", "profile_sidebar_fill_color": "DDEEF6", "entities": {"description": {"urls": []}}, "followers_count": 195, "profile_sidebar_border_color": "C0DEED", "id_str": "322053820", "profile_background_color": "C0DEED", "listed_count": 58, "is_translation_enabled": false, "utc_offset": null, "statuses_count": 37624, "description": "", "friends_count": 406, "location": "", "profile_link_color": "1DA1F2", "profile_image_url": "http://pbs.twimg.com/profile_images/950113691646812161/bax1WB-7_normal.jpg", "following": false, "geo_enabled": false, "profile_banner_url": "https://pbs.twimg.com/profile_banners/322053820/1412369180", "profile_background_image_url": "http://abs.twimg.com/images/themes/theme1/bg.png", "screen_name": "AMAKO7", "lang": "en", "profile_background_tile": false, "favourites_count": 635, "name": "Riann", "notifications": false, "url": null, "created_at": "Wed Jun 22 15:25:22 +0000 2011", "contributors_enabled": false, "time_zone": null, "protected": false, "default_profile": true, "is_translator": false}, "geo": null, "in_reply_to_user_id_str": null, "lang": "nl", "created_at": "Wed Feb 21 16:39:48 +0000 2018", "quoted_status_id_str": "965903787448832000", "in_reply_to_status_id_str": null, "place": null, "metadata": {"iso_language_code": "nl", "result_type": "recent"}}, {"contributors": null, "truncated": false, "text": "RT @MerlotVine: Hij heeft het nog relatief makkelijk.\nNed krijgen geen gratis woning met voorrang.\nNed moeten alle bureaucratische rompslom\u2026", "is_quote_status": true, "in_reply_to_status_id": null, "id": 966083520887128064, "favorite_count": 0, "quoted_status_id": 965903787448832000, "retweeted": false, "coordinates": null, "source": "<a href=\"http://twitter.com/download/android\" rel=\"nofollow\">Twitter for Android</a>", "in_reply_to_screen_name": null, "in_reply_to_user_id": null, "retweet_count": 4, "id_str": "966083520887128064", "favorited": false, "retweeted_status": {"contributors": null, "truncated": true, "text": "Hij heeft het nog relatief makkelijk.\nNed krijgen geen gratis woning met voorrang.\nNed moeten alle bureaucratische\u2026 https://t.co/eQgxphFAYS", "is_quote_status": true, "in_reply_to_status_id": null, "id": 966009942829346816, "favorite_count": 3, "quoted_status_id": 965903787448832000, "retweeted": false, "coordinates": null, "quoted_status": {"contributors": null, "truncated": true, "text": "Syri\u00ebr Shafee heeft het ERRUG zwaar in NL. Z'n gratis huis is niet goed, de uitkeringen te laag. Toch laat ie z'n i\u2026 https://t.co/f3jH8C7hDC", "is_quote_status": false, "in_reply_to_status_id": null, "id": 965903787448832000, "favorite_count": 165, "retweeted": false, "coordinates": null, "source": "<a href=\"http://twitter.com\" rel=\"nofollow\">Twitter Web Client</a>", "in_reply_to_screen_name": null, "in_reply_to_user_id": null, "retweet_count": 205, "id_str": "965903787448832000", "favorited": false, "user": {"follow_request_sent": false, "has_extended_profile": false, "profile_use_background_image": true, "default_profile_image": false, "id": 1185436171, "profile_background_image_url_https": "https://abs.twimg.com/images/themes/theme1/bg.png", "verified": false, "translator_type": "none", "profile_text_color": "333333", "profile_image_url_https": "https://pbs.twimg.com/profile_images/717951790549827584/0cc925So_normal.jpg", "profile_sidebar_fill_color": "DDEEF6", "entities": {"description": {"urls": []}}, "followers_count": 7367, "profile_sidebar_border_color": "C0DEED", "id_str": "1185436171", "profile_background_color": "C0DEED", "listed_count": 67, "is_translation_enabled": false, "utc_offset": null, "statuses_count": 54768, "description": "Academia Lugduno-Batava. In a time of universal deceit, telling the truth is a revolutionary act \ud83c\uddf3\ud83c\uddf1", "friends_count": 2198, "location": "Haarlem", "profile_link_color": "1DA1F2", "profile_image_url": "http://pbs.twimg.com/profile_images/717951790549827584/0cc925So_normal.jpg", "following": false, "geo_enabled": true, "profile_banner_url": "https://pbs.twimg.com/profile_banners/1185436171/1437358093", "profile_background_image_url": "http://abs.twimg.com/images/themes/theme1/bg.png", "screen_name": "Mirjam152", "lang": "nl", "profile_background_tile": false, "favourites_count": 2336, "name": "Mirjam152", "notifications": false, "url": null, "created_at": "Sat Feb 16 09:34:27 +0000 2013", "contributors_enabled": false, "time_zone": null, "protected": false, "default_profile": true, "is_translator": false}, "geo": null, "in_reply_to_user_id_str": null, "possibly_sensitive": false, "lang": "nl", "created_at": "Tue Feb 20 10:59:43 +0000 2018", "in_reply_to_status_id_str": null, "place": null, "metadata": {"iso_language_code": "nl", "result_type": "recent"}}, "source": "<a href=\"http://twitter.com\" rel=\"nofollow\">Twitter Web Client</a>", "in_reply_to_screen_name": null, "in_reply_to_user_id": null, "retweet_count": 4, "id_str": "966009942829346816", "favorited": false, "user": {"follow_request_sent": false, "has_extended_profile": false, "profile_use_background_image": true, "default_profile_image": false, "id": 41458916, "profile_background_image_url_https": "https://pbs.twimg.com/profile_background_images/673904778410246144/lmJ1IsfH.jpg", "verified": false, "translator_type": "none", "profile_text_color": "014741", "profile_image_url_https": "https://pbs.twimg.com/profile_images/932549766969528321/EA5Lw26j_normal.jpg", "profile_sidebar_fill_color": "7EC7CC", "entities": {"description": {"urls": []}}, "followers_count": 2460, "profile_sidebar_border_color": "000000", "id_str": "41458916", "profile_background_color": "000000", "listed_count": 59, "is_translation_enabled": false, "utc_offset": 3600, "statuses_count": 95204, "description": "Zelfmaakfundamentalist. Moestuinierster. Allesfluisteraarster. Er moet een pil tegen domheid komen - ideologie-gelovers krijgen er tw\u00e9\u00e9. Voor de zekerheid.", "friends_count": 469, "location": "De provincie.", "profile_link_color": "163BAB", "profile_image_url": "http://pbs.twimg.com/profile_images/932549766969528321/EA5Lw26j_normal.jpg", "following": false, "geo_enabled": true, "profile_banner_url": "https://pbs.twimg.com/profile_banners/41458916/1400056254", "profile_background_image_url": "http://pbs.twimg.com/profile_background_images/673904778410246144/lmJ1IsfH.jpg", "screen_name": "MerlotVine", "lang": "en", "profile_background_tile": true, "favourites_count": 242, "name": "Merlot Vine", "notifications": false, "url": null, "created_at": "Wed May 20 21:47:42 +0000 2009", "contributors_enabled": false, "time_zone": "Amsterdam", "protected": false, "default_profile": false, "is_translator": false}, "geo": null, "in_reply_to_user_id_str": null, "possibly_sensitive": false, "lang": "nl", "created_at": "Tue Feb 20 18:01:32 +0000 2018", "quoted_status_id_str": "965903787448832000", "in_reply_to_status_id_str": null, "place": null, "metadata": {"iso_language_code": "nl", "result_type": "recent"}}, "user": {"follow_request_sent": false, "has_extended_profile": false, "profile_use_background_image": true, "default_profile_image": false, "id": 933980203839377414, "profile_background_image_url_https": null, "verified": false, "translator_type": "none", "profile_text_color": "333333", "profile_image_url_https": "https://pbs.twimg.com/profile_images/962363695664857089/nz2lb-IN_normal.jpg", "profile_sidebar_fill_color": "DDEEF6", "entities": {"description": {"urls": []}}, "followers_count": 117, "profile_sidebar_border_color": "C0DEED", "id_str": "933980203839377414", "profile_background_color": "F5F8FA", "listed_count": 1, "is_translation_enabled": false, "utc_offset": null, "statuses_count": 20662, "description": "Nederland toleranter maken. Teveel mensen met lange tenen die telkens de racistenkaart trekken", "friends_count": 129, "location": "Rotterdam, Nederland", "profile_link_color": "1DA1F2", "profile_image_url": "http://pbs.twimg.com/profile_images/962363695664857089/nz2lb-IN_normal.jpg", "following": false, "geo_enabled": false, "profile_background_image_url": null, "screen_name": "Jeannin84427822", "lang": "nl", "profile_background_tile": false, "favourites_count": 10110, "name": "Jeannine Blank", "notifications": false, "url": null, "created_at": "Fri Nov 24 08:46:47 +0000 2017", "contributors_enabled": false, "time_zone": null, "protected": false, "default_profile": true, "is_translator": false}, "geo": null, "in_reply_to_user_id_str": null, "lang": "nl", "created_at": "Tue Feb 20 22:53:55 +0000 2018", "quoted_status_id_str": "965903787448832000", "in_reply_to_status_id_str": null, "place": null, "metadata": {"iso_language_code": "nl", "result_type": "recent"}}, {"contributors": null, "truncated": false, "text": "19% off on Toro 51621 UltraPlus Blower/Vac, Red https://t.co/SvVgLIj4OX", "is_quote_status": false, "in_reply_to_status_id": null, "id": 966074740753526784, "favorite_count": 0, "retweeted": false, "coordinates": null, "source": "<a href=\"http://www.pricemas.com\" rel=\"nofollow\">pricemas</a>", "in_reply_to_screen_name": null, "in_reply_to_user_id": null, "retweet_count": 0, "id_str": "966074740753526784", "favorited": false, "user": {"follow_request_sent": false, "has_extended_profile": false, "profile_use_background_image": true, "default_profile_image": false, "id": 3092218419, "profile_background_image_url_https": "https://abs.twimg.com/images/themes/theme1/bg.png", "verified": false, "translator_type": "none", "profile_text_color": "333333", "profile_image_url_https": "https://pbs.twimg.com/profile_images/580908817870823425/CdvkzjyF_normal.png", "profile_sidebar_fill_color": "DDEEF6", "entities": {"description": {"urls": []}}, "followers_count": 161, "profile_sidebar_border_color": "C0DEED", "id_str": "3092218419", "profile_background_color": "C0DEED", "listed_count": 14, "is_translation_enabled": false, "utc_offset": null, "statuses_count": 19071, "description": "", "friends_count": 1170, "location": "", "profile_link_color": "1DA1F2", "profile_image_url": "http://pbs.twimg.com/profile_images/580908817870823425/CdvkzjyF_normal.png", "following": false, "geo_enabled": false, "profile_background_image_url": "http://abs.twimg.com/images/themes/theme1/bg.png", "screen_name": "pricemasdotcom", "lang": "en", "profile_background_tile": false, "favourites_count": 0, "name": "pricemas", "notifications": false, "url": null, "created_at": "Mon Mar 16 01:58:57 +0000 2015", "contributors_enabled": false, "time_zone": null, "protected": false, "default_profile": true, "is_translator": false}, "geo": null, "in_reply_to_user_id_str": null, "possibly_sensitive": false, "lang": "en", "created_at": "Tue Feb 20 22:19:01 +0000 2018", "in_reply_to_status_id_str": null, "place": null, "metadata": {"iso_language_code": "en", "result_type": "recent"}}, {"contributors": null, "truncated": false, "text": "RT @MerlotVine: Hij heeft het nog relatief makkelijk.\nNed krijgen geen gratis woning met voorrang.\nNed moeten alle bureaucratische rompslom\u2026", "is_quote_status": true, "in_reply_to_status_id": null, "id": 966010542753185792, "favorite_count": 0, "quoted_status_id": 965903787448832000, "retweeted": false, "coordinates": null, "source": "<a href=\"http://twitter.com\" rel=\"nofollow\">Twitter Web Client</a>", "in_reply_to_screen_name": null, "in_reply_to_user_id": null, "retweet_count": 4, "id_str": "966010542753185792", "favorited": false, "retweeted_status": {"contributors": null, "truncated": true, "text": "Hij heeft het nog relatief makkelijk.\nNed krijgen geen gratis woning met voorrang.\nNed moeten alle bureaucratische\u2026 https://t.co/eQgxphFAYS", "is_quote_status": true, "in_reply_to_status_id": null, "id": 966009942829346816, "favorite_count": 3, "quoted_status_id": 965903787448832000, "retweeted": false, "coordinates": null, "quoted_status": {"contributors": null, "truncated": true, "text": "Syri\u00ebr Shafee heeft het ERRUG zwaar in NL. Z'n gratis huis is niet goed, de uitkeringen te laag. Toch laat ie z'n i\u2026 https://t.co/f3jH8C7hDC", "is_quote_status": false, "in_reply_to_status_id": null, "id": 965903787448832000, "favorite_count": 165, "retweeted": false, "coordinates": null, "source": "<a href=\"http://twitter.com\" rel=\"nofollow\">Twitter Web Client</a>", "in_reply_to_screen_name": null, "in_reply_to_user_id": null, "retweet_count": 205, "id_str": "965903787448832000", "favorited": false, "user": {"follow_request_sent": false, "has_extended_profile": false, "profile_use_background_image": true, "default_profile_image": false, "id": 1185436171, "profile_background_image_url_https": "https://abs.twimg.com/images/themes/theme1/bg.png", "verified": false, "translator_type": "none", "profile_text_color": "333333", "profile_image_url_https": "https://pbs.twimg.com/profile_images/717951790549827584/0cc925So_normal.jpg", "profile_sidebar_fill_color": "DDEEF6", "entities": {"description": {"urls": []}}, "followers_count": 7367, "profile_sidebar_border_color": "C0DEED", "id_str": "1185436171", "profile_background_color": "C0DEED", "listed_count": 67, "is_translation_enabled": false, "utc_offset": null, "statuses_count": 54768, "description": "Academia Lugduno-Batava. In a time of universal deceit, telling the truth is a revolutionary act \ud83c\uddf3\ud83c\uddf1", "friends_count": 2198, "location": "Haarlem", "profile_link_color": "1DA1F2", "profile_image_url": "http://pbs.twimg.com/profile_images/717951790549827584/0cc925So_normal.jpg", "following": false, "geo_enabled": true, "profile_banner_url": "https://pbs.twimg.com/profile_banners/1185436171/1437358093", "profile_background_image_url": "http://abs.twimg.com/images/themes/theme1/bg.png", "screen_name": "Mirjam152", "lang": "nl", "profile_background_tile": false, "favourites_count": 2336, "name": "Mirjam152", "notifications": false, "url": null, "created_at": "Sat Feb 16 09:34:27 +0000 2013", "contributors_enabled": false, "time_zone": null, "protected": false, "default_profile": true, "is_translator": false}, "geo": null, "in_reply_to_user_id_str": null, "possibly_sensitive": false, "lang": "nl", "created_at": "Tue Feb 20 10:59:43 +0000 2018", "in_reply_to_status_id_str": null, "place": null, "metadata": {"iso_language_code": "nl", "result_type": "recent"}}, "source": "<a href=\"http://twitter.com\" rel=\"nofollow\">Twitter Web Client</a>", "in_reply_to_screen_name": null, "in_reply_to_user_id": null, "retweet_count": 4, "id_str": "966009942829346816", "favorited": false, "user": {"follow_request_sent": false, "has_extended_profile": false, "profile_use_background_image": true, "default_profile_image": false, "id": 41458916, "profile_background_image_url_https": "https://pbs.twimg.com/profile_background_images/673904778410246144/lmJ1IsfH.jpg", "verified": false, "translator_type": "none", "profile_text_color": "014741", "profile_image_url_https": "https://pbs.twimg.com/profile_images/932549766969528321/EA5Lw26j_normal.jpg", "profile_sidebar_fill_color": "7EC7CC", "entities": {"description": {"urls": []}}, "followers_count": 2460, "profile_sidebar_border_color": "000000", "id_str": "41458916", "profile_background_color": "000000", "listed_count": 59, "is_translation_enabled": false, "utc_offset": 3600, "statuses_count": 95204, "description": "Zelfmaakfundamentalist. Moestuinierster. Allesfluisteraarster. Er moet een pil tegen domheid komen - ideologie-gelovers krijgen er tw\u00e9\u00e9. Voor de zekerheid.", "friends_count": 469, "location": "De provincie.", "profile_link_color": "163BAB", "profile_image_url": "http://pbs.twimg.com/profile_images/932549766969528321/EA5Lw26j_normal.jpg", "following": false, "geo_enabled": true, "profile_banner_url": "https://pbs.twimg.com/profile_banners/41458916/1400056254", "profile_background_image_url": "http://pbs.twimg.com/profile_background_images/673904778410246144/lmJ1IsfH.jpg", "screen_name": "MerlotVine", "lang": "en", "profile_background_tile": true, "favourites_count": 242, "name": "Merlot Vine", "notifications": false, "url": null, "created_at": "Wed May 20 21:47:42 +0000 2009", "contributors_enabled": false, "time_zone": "Amsterdam", "protected": false, "default_profile": false, "is_translator": false}, "geo": null, "in_reply_to_user_id_str": null, "possibly_sensitive": false, "lang": "nl", "created_at": "Tue Feb 20 18:01:32 +0000 2018", "quoted_status_id_str": "965903787448832000", "in_reply_to_status_id_str": null, "place": null, "metadata": {"iso_language_code": "nl", "result_type": "recent"}}, "user": {"follow_request_sent": false, "has_extended_profile": false, "profile_use_background_image": true, "default_profile_image": false, "id": 351081575, "profile_background_image_url_https": "https://abs.twimg.com/images/themes/theme1/bg.png", "verified": false, "translator_type": "none", "profile_text_color": "333333", "profile_image_url_https": "https://pbs.twimg.com/profile_images/718344050034806786/gZXxA47D_normal.jpg", "profile_sidebar_fill_color": "DDEEF6", "entities": {"description": {"urls": []}}, "followers_count": 1004, "profile_sidebar_border_color": "C0DEED", "id_str": "351081575", "profile_background_color": "C0DEED", "listed_count": 101, "is_translation_enabled": false, "utc_offset": 3600, "statuses_count": 192316, "description": "", "friends_count": 226, "location": "", "profile_link_color": "1DA1F2", "profile_image_url": "http://pbs.twimg.com/profile_images/718344050034806786/gZXxA47D_normal.jpg", "following": false, "geo_enabled": false, "profile_banner_url": "https://pbs.twimg.com/profile_banners/351081575/1460101571", "profile_background_image_url": "http://abs.twimg.com/images/themes/theme1/bg.png", "screen_name": "1_Vagabond", "lang": "nl", "profile_background_tile": false, "favourites_count": 26064, "name": "Common Sense & MSM vergeten nieuws", "notifications": false, "url": null, "created_at": "Mon Aug 08 19:21:04 +0000 2011", "contributors_enabled": false, "time_zone": "Amsterdam", "protected": false, "default_profile": true, "is_translator": false}, "geo": null, "in_reply_to_user_id_str": null, "lang": "nl", "created_at": "Tue Feb 20 18:03:55 +0000 2018", "quoted_status_id_str": "965903787448832000", "in_reply_to_status_id_str": null, "place": null, "metadata": {"iso_language_code": "nl", "result_type": "recent"}}, {"contributors": null, "truncated": true, "text": "Hij heeft het nog relatief makkelijk.\nNed krijgen geen gratis woning met voorrang.\nNed moeten alle bureaucratische\u2026 https://t.co/eQgxphFAYS", "is_quote_status": true, "in_reply_to_status_id": null, "id": 966009942829346816, "favorite_count": 3, "quoted_status_id": 965903787448832000, "retweeted": false, "coordinates": null, "quoted_status": {"contributors": null, "truncated": true, "text": "Syri\u00ebr Shafee heeft het ERRUG zwaar in NL. Z'n gratis huis is niet goed, de uitkeringen te laag. Toch laat ie z'n i\u2026 https://t.co/f3jH8C7hDC", "is_quote_status": false, "in_reply_to_status_id": null, "id": 965903787448832000, "favorite_count": 165, "retweeted": false, "coordinates": null, "source": "<a href=\"http://twitter.com\" rel=\"nofollow\">Twitter Web Client</a>", "in_reply_to_screen_name": null, "in_reply_to_user_id": null, "retweet_count": 205, "id_str": "965903787448832000", "favorited": false, "user": {"follow_request_sent": false, "has_extended_profile": false, "profile_use_background_image": true, "default_profile_image": false, "id": 1185436171, "profile_background_image_url_https": "https://abs.twimg.com/images/themes/theme1/bg.png", "verified": false, "translator_type": "none", "profile_text_color": "333333", "profile_image_url_https": "https://pbs.twimg.com/profile_images/717951790549827584/0cc925So_normal.jpg", "profile_sidebar_fill_color": "DDEEF6", "entities": {"description": {"urls": []}}, "followers_count": 7367, "profile_sidebar_border_color": "C0DEED", "id_str": "1185436171", "profile_background_color": "C0DEED", "listed_count": 67, "is_translation_enabled": false, "utc_offset": null, "statuses_count": 54768, "description": "Academia Lugduno-Batava. In a time of universal deceit, telling the truth is a revolutionary act \ud83c\uddf3\ud83c\uddf1", "friends_count": 2198, "location": "Haarlem", "profile_link_color": "1DA1F2", "profile_image_url": "http://pbs.twimg.com/profile_images/717951790549827584/0cc925So_normal.jpg", "following": false, "geo_enabled": true, "profile_banner_url": "https://pbs.twimg.com/profile_banners/1185436171/1437358093", "profile_background_image_url": "http://abs.twimg.com/images/themes/theme1/bg.png", "screen_name": "Mirjam152", "lang": "nl", "profile_background_tile": false, "favourites_count": 2336, "name": "Mirjam152", "notifications": false, "url": null, "created_at": "Sat Feb 16 09:34:27 +0000 2013", "contributors_enabled": false, "time_zone": null, "protected": false, "default_profile": true, "is_translator": false}, "geo": null, "in_reply_to_user_id_str": null, "possibly_sensitive": false, "lang": "nl", "created_at": "Tue Feb 20 10:59:43 +0000 2018", "in_reply_to_status_id_str": null, "place": null, "metadata": {"iso_language_code": "nl", "result_type": "recent"}}, "source": "<a href=\"http://twitter.com\" rel=\"nofollow\">Twitter Web Client</a>", "in_reply_to_screen_name": null, "in_reply_to_user_id": null, "retweet_count": 4, "id_str": "966009942829346816", "favorited": false, "user": {"follow_request_sent": false, "has_extended_profile": false, "profile_use_background_image": true, "default_profile_image": false, "id": 41458916, "profile_background_image_url_https": "https://pbs.twimg.com/profile_background_images/673904778410246144/lmJ1IsfH.jpg", "verified": false, "translator_type": "none", "profile_text_color": "014741", "profile_image_url_https": "https://pbs.twimg.com/profile_images/932549766969528321/EA5Lw26j_normal.jpg", "profile_sidebar_fill_color": "7EC7CC", "entities": {"description": {"urls": []}}, "followers_count": 2460, "profile_sidebar_border_color": "000000", "id_str": "41458916", "profile_background_color": "000000", "listed_count": 59, "is_translation_enabled": false, "utc_offset": 3600, "statuses_count": 95204, "description": "Zelfmaakfundamentalist. Moestuinierster. Allesfluisteraarster. Er moet een pil tegen domheid komen - ideologie-gelovers krijgen er tw\u00e9\u00e9. Voor de zekerheid.", "friends_count": 469, "location": "De provincie.", "profile_link_color": "163BAB", "profile_image_url": "http://pbs.twimg.com/profile_images/932549766969528321/EA5Lw26j_normal.jpg", "following": false, "geo_enabled": true, "profile_banner_url": "https://pbs.twimg.com/profile_banners/41458916/1400056254", "profile_background_image_url": "http://pbs.twimg.com/profile_background_images/673904778410246144/lmJ1IsfH.jpg", "screen_name": "MerlotVine", "lang": "en", "profile_background_tile": true, "favourites_count": 242, "name": "Merlot Vine", "notifications": false, "url": null, "created_at": "Wed May 20 21:47:42 +0000 2009", "contributors_enabled": false, "time_zone": "Amsterdam", "protected": false, "default_profile": false, "is_translator": false}, "geo": null, "in_reply_to_user_id_str": null, "possibly_sensitive": false, "lang": "nl", "created_at": "Tue Feb 20 18:01:32 +0000 2018", "quoted_status_id_str": "965903787448832000", "in_reply_to_status_id_str": null, "place": null, "metadata": {"iso_language_code": "nl", "result_type": "recent"}}, {"contributors": null, "truncated": false, "text": "Mouser ships Lattice Semiconductor\u2019s iCE40 Ult https://t.co/m8AxTqvxB1 #componentsconnectors #latestnews #technews https://t.co/YXStmdXJw4", "is_quote_status": false, "in_reply_to_status_id": null, "id": 965665075800477696, "favorite_count": 0, "retweeted": false, "coordinates": null, "source": "<a href=\"http://www.ajaymatharu.com/\" rel=\"nofollow\">Tweet Old Post</a>", "in_reply_to_screen_name": null, "in_reply_to_user_id": null, "retweet_count": 0, "id_str": "965665075800477696", "favorited": false, "user": {"follow_request_sent": false, "has_extended_profile": false, "profile_use_background_image": false, "default_profile_image": false, "id": 951498600, "profile_background_image_url_https": "https://pbs.twimg.com/profile_background_images/812699188/e710a719643f0914c15e6020245034e5.png", "verified": false, "translator_type": "none", "profile_text_color": "333333", "profile_image_url_https": "https://pbs.twimg.com/profile_images/925769626243477504/VF5-Hj91_normal.jpg", "profile_sidebar_fill_color": "DDEEF6", "entities": {"url": {"urls": [{"url": "https://t.co/Kk9cbJGm5N", "indices": [0, 23], "expanded_url": "http://www.softei.com", "display_url": "softei.com"}]}, "description": {"urls": [{"url": "https://t.co/lqUcCwtUef", "indices": [0, 23], "expanded_url": "http://Softei.com", "display_url": "Softei.com"}]}}, "followers_count": 1583, "profile_sidebar_border_color": "FFFFFF", "id_str": "951498600", "profile_background_color": "C0DEED", "listed_count": 25, "is_translation_enabled": false, "utc_offset": 0, "statuses_count": 30491, "description": "https://t.co/lqUcCwtUef For Whats New in the Electronics Industry, Promotions, Competitions plus the latest industry developments.", "friends_count": 3306, "location": "", "profile_link_color": "5E93CC", "profile_image_url": "http://pbs.twimg.com/profile_images/925769626243477504/VF5-Hj91_normal.jpg", "following": false, "geo_enabled": false, "profile_banner_url": "https://pbs.twimg.com/profile_banners/951498600/1509555656", "profile_background_image_url": "http://pbs.twimg.com/profile_background_images/812699188/e710a719643f0914c15e6020245034e5.png", "screen_name": "SofteiCom", "lang": "en", "profile_background_tile": false, "favourites_count": 9546, "name": "Softei.Com", "notifications": false, "url": "https://t.co/Kk9cbJGm5N", "created_at": "Fri Nov 16 11:33:08 +0000 2012", "contributors_enabled": false, "time_zone": "London", "protected": false, "default_profile": false, "is_translator": false}, "geo": null, "in_reply_to_user_id_str": null, "possibly_sensitive": false, "lang": "en", "created_at": "Mon Feb 19 19:11:09 +0000 2018", "in_reply_to_status_id_str": null, "place": null, "metadata": {"iso_language_code": "en", "result_type": "recent"}}, {"contributors": null, "truncated": false, "text": "RT @latticesemi: Battery life is important to our connceted devices. With our iCE40 UltraPlus #FPGAs, you can extend the battery life of yo\u2026", "is_quote_status": false, "in_reply_to_status_id": null, "id": 965328121619730443, "favorite_count": 0, "retweeted": false, "coordinates": null, "source": "<a href=\"http://twitter.com/download/android\" rel=\"nofollow\">Twitter for Android</a>", "in_reply_to_screen_name": null, "in_reply_to_user_id": null, "retweet_count": 2, "id_str": "965328121619730443", "favorited": false, "retweeted_status": {"contributors": null, "truncated": true, "text": "Battery life is important to our connceted devices. With our iCE40 UltraPlus #FPGAs, you can extend the battery lif\u2026 https://t.co/jxJ9QGnIID", "is_quote_status": false, "in_reply_to_status_id": null, "id": 965323295792001025, "favorite_count": 3, "retweeted": false, "coordinates": null, "source": "<a href=\"http://sproutsocial.com\" rel=\"nofollow\">Sprout Social</a>", "in_reply_to_screen_name": null, "in_reply_to_user_id": null, "retweet_count": 2, "id_str": "965323295792001025", "favorited": false, "user": {"follow_request_sent": false, "has_extended_profile": true, "profile_use_background_image": true, "default_profile_image": false, "id": 40975045, "profile_background_image_url_https": "https://pbs.twimg.com/profile_background_images/423398696/Social-Media-Background-Image_2012.jpg", "verified": false, "translator_type": "none", "profile_text_color": "6E6868", "profile_image_url_https": "https://pbs.twimg.com/profile_images/1925947983/Lattice-Icon_bug-new_normal.png", "profile_sidebar_fill_color": "1F1A1B", "entities": {"url": {"urls": [{"url": "http://t.co/oWWZlheMH2", "indices": [0, 22], "expanded_url": "http://www.latticesemi.com", "display_url": "latticesemi.com"}]}, "description": {"urls": []}}, "followers_count": 4495, "profile_sidebar_border_color": "181A1E", "id_str": "40975045", "profile_background_color": "000000", "listed_count": 198, "is_translation_enabled": false, "utc_offset": -28800, "statuses_count": 2249, "description": "Lattice is the leading provider of ultra-low-power programmable ICs for smartphones, mobile devices, small-cells, industrial control, infotainment", "friends_count": 362, "location": "", "profile_link_color": "FFC222", "profile_image_url": "http://pbs.twimg.com/profile_images/1925947983/Lattice-Icon_bug-new_normal.png", "following": false, "geo_enabled": false, "profile_banner_url": "https://pbs.twimg.com/profile_banners/40975045/1487710600", "profile_background_image_url": "http://pbs.twimg.com/profile_background_images/423398696/Social-Media-Background-Image_2012.jpg", "screen_name": "latticesemi", "lang": "en", "profile_background_tile": false, "favourites_count": 392, "name": "Lattice Semi", "notifications": false, "url": "http://t.co/oWWZlheMH2", "created_at": "Mon May 18 21:37:22 +0000 2009", "contributors_enabled": false, "time_zone": "Pacific Time (US & Canada)", "protected": false, "default_profile": false, "is_translator": false}, "geo": null, "in_reply_to_user_id_str": null, "possibly_sensitive": false, "lang": "en", "created_at": "Sun Feb 18 20:33:03 +0000 2018", "in_reply_to_status_id_str": null, "place": null, "metadata": {"iso_language_code": "en", "result_type": "recent"}}, "user": {"follow_request_sent": false, "has_extended_profile": false, "profile_use_background_image": false, "default_profile_image": false, "id": 3397501899, "profile_background_image_url_https": "https://abs.twimg.com/images/themes/theme1/bg.png", "verified": false, "translator_type": "none", "profile_text_color": "000000", "profile_image_url_https": "https://pbs.twimg.com/profile_images/627240459673452544/IfY46zX0_normal.png", "profile_sidebar_fill_color": "000000", "entities": {"description": {"urls": []}}, "followers_count": 65, "profile_sidebar_border_color": "000000", "id_str": "3397501899", "profile_background_color": "000000", "listed_count": 1, "is_translation_enabled": false, "utc_offset": null, "statuses_count": 569, "description": "", "friends_count": 268, "location": "", "profile_link_color": "3B94D9", "profile_image_url": "http://pbs.twimg.com/profile_images/627240459673452544/IfY46zX0_normal.png", "following": false, "geo_enabled": false, "profile_banner_url": "https://pbs.twimg.com/profile_banners/3397501899/1438381287", "profile_background_image_url": "http://abs.twimg.com/images/themes/theme1/bg.png", "screen_name": "msgctl", "lang": "en", "profile_background_tile": false, "favourites_count": 492, "name": "Mateusz Zalega", "notifications": false, "url": null, "created_at": "Fri Jul 31 19:02:00 +0000 2015", "contributors_enabled": false, "time_zone": null, "protected": false, "default_profile": false, "is_translator": false}, "geo": null, "in_reply_to_user_id_str": null, "lang": "en", "created_at": "Sun Feb 18 20:52:13 +0000 2018", "in_reply_to_status_id_str": null, "place": null, "metadata": {"iso_language_code": "en", "result_type": "recent"}}, {"contributors": null, "truncated": true, "text": "Battery life is important to our connceted devices. With our iCE40 UltraPlus #FPGAs, you can extend the battery lif\u2026 https://t.co/jxJ9QGnIID", "is_quote_status": false, "in_reply_to_status_id": null, "id": 965323295792001025, "favorite_count": 3, "retweeted": false, "coordinates": null, "source": "<a href=\"http://sproutsocial.com\" rel=\"nofollow\">Sprout Social</a>", "in_reply_to_screen_name": null, "in_reply_to_user_id": null, "retweet_count": 2, "id_str": "965323295792001025", "favorited": false, "user": {"follow_request_sent": false, "has_extended_profile": true, "profile_use_background_image": true, "default_profile_image": false, "id": 40975045, "profile_background_image_url_https": "https://pbs.twimg.com/profile_background_images/423398696/Social-Media-Background-Image_2012.jpg", "verified": false, "translator_type": "none", "profile_text_color": "6E6868", "profile_image_url_https": "https://pbs.twimg.com/profile_images/1925947983/Lattice-Icon_bug-new_normal.png", "profile_sidebar_fill_color": "1F1A1B", "entities": {"url": {"urls": [{"url": "http://t.co/oWWZlheMH2", "indices": [0, 22], "expanded_url": "http://www.latticesemi.com", "display_url": "latticesemi.com"}]}, "description": {"urls": []}}, "followers_count": 4495, "profile_sidebar_border_color": "181A1E", "id_str": "40975045", "profile_background_color": "000000", "listed_count": 198, "is_translation_enabled": false, "utc_offset": -28800, "statuses_count": 2249, "description": "Lattice is the leading provider of ultra-low-power programmable ICs for smartphones, mobile devices, small-cells, industrial control, infotainment", "friends_count": 362, "location": "", "profile_link_color": "FFC222", "profile_image_url": "http://pbs.twimg.com/profile_images/1925947983/Lattice-Icon_bug-new_normal.png", "following": false, "geo_enabled": false, "profile_banner_url": "https://pbs.twimg.com/profile_banners/40975045/1487710600", "profile_background_image_url": "http://pbs.twimg.com/profile_background_images/423398696/Social-Media-Background-Image_2012.jpg", "screen_name": "latticesemi", "lang": "en", "profile_background_tile": false, "favourites_count": 392, "name": "Lattice Semi", "notifications": false, "url": "http://t.co/oWWZlheMH2", "created_at": "Mon May 18 21:37:22 +0000 2009", "contributors_enabled": false, "time_zone": "Pacific Time (US & Canada)", "protected": false, "default_profile": false, "is_translator": false}, "geo": null, "in_reply_to_user_id_str": null, "possibly_sensitive": false, "lang": "en", "created_at": "Sun Feb 18 20:33:03 +0000 2018", "in_reply_to_status_id_str": null, "place": null, "metadata": {"iso_language_code": "en", "result_type": "recent"}}, {"contributors": null, "truncated": false, "text": "Mouser ships Lattice Semiconductor\u2019s iCE40 Ult https://t.co/m8AxTqvxB1 #componentsconnectors #latestnews #technews https://t.co/uLLjplEUGh", "is_quote_status": false, "in_reply_to_status_id": null, "id": 965219956966215680, "favorite_count": 0, "retweeted": false, "coordinates": null, "source": "<a href=\"http://www.ajaymatharu.com/\" rel=\"nofollow\">Tweet Old Post</a>", "in_reply_to_screen_name": null, "in_reply_to_user_id": null, "retweet_count": 0, "id_str": "965219956966215680", "favorited": false, "user": {"follow_request_sent": false, "has_extended_profile": false, "profile_use_background_image": false, "default_profile_image": false, "id": 951498600, "profile_background_image_url_https": "https://pbs.twimg.com/profile_background_images/812699188/e710a719643f0914c15e6020245034e5.png", "verified": false, "translator_type": "none", "profile_text_color": "333333", "profile_image_url_https": "https://pbs.twimg.com/profile_images/925769626243477504/VF5-Hj91_normal.jpg", "profile_sidebar_fill_color": "DDEEF6", "entities": {"url": {"urls": [{"url": "https://t.co/Kk9cbJGm5N", "indices": [0, 23], "expanded_url": "http://www.softei.com", "display_url": "softei.com"}]}, "description": {"urls": [{"url": "https://t.co/lqUcCwtUef", "indices": [0, 23], "expanded_url": "http://Softei.com", "display_url": "Softei.com"}]}}, "followers_count": 1583, "profile_sidebar_border_color": "FFFFFF", "id_str": "951498600", "profile_background_color": "C0DEED", "listed_count": 25, "is_translation_enabled": false, "utc_offset": 0, "statuses_count": 30491, "description": "https://t.co/lqUcCwtUef For Whats New in the Electronics Industry, Promotions, Competitions plus the latest industry developments.", "friends_count": 3306, "location": "", "profile_link_color": "5E93CC", "profile_image_url": "http://pbs.twimg.com/profile_images/925769626243477504/VF5-Hj91_normal.jpg", "following": false, "geo_enabled": false, "profile_banner_url": "https://pbs.twimg.com/profile_banners/951498600/1509555656", "profile_background_image_url": "http://pbs.twimg.com/profile_background_images/812699188/e710a719643f0914c15e6020245034e5.png", "screen_name": "SofteiCom", "lang": "en", "profile_background_tile": false, "favourites_count": 9546, "name": "Softei.Com", "notifications": false, "url": "https://t.co/Kk9cbJGm5N", "created_at": "Fri Nov 16 11:33:08 +0000 2012", "contributors_enabled": false, "time_zone": "London", "protected": false, "default_profile": false, "is_translator": false}, "geo": null, "in_reply_to_user_id_str": null, "possibly_sensitive": false, "lang": "en", "created_at": "Sun Feb 18 13:42:25 +0000 2018", "in_reply_to_status_id_str": null, "place": null, "metadata": {"iso_language_code": "en", "result_type": "recent"}}]}