{"search_metadata": {"count": 100, "completed_in": 0.102, "max_id_str": "968580135837491200", "since_id_str": "0", "refresh_url": "?since_id=968580135837491200&q=icecube2", "since_id": 0, "query": "icecube2", "max_id": 968580135837491200}, "statuses": [{"contributors": null, "truncated": true, "text": "@fpga_dave @oe1cxw @latticesemi Thanks for the info. I had an iCEcube2 backend in a branch a couple of years ago, b\u2026 https://t.co/urB9SZOI8K", "is_quote_status": false, "in_reply_to_status_id": 968574781737066497, "id": 968580135837491200, "favorite_count": 0, "retweeted": false, "coordinates": null, "source": "<a href=\"http://twitter.com\" rel=\"nofollow\">Twitter Web Client</a>", "in_reply_to_screen_name": "fpga_dave", "in_reply_to_user_id": 933458054431035392, "retweet_count": 0, "id_str": "968580135837491200", "favorited": false, "user": {"follow_request_sent": false, "has_extended_profile": false, "profile_use_background_image": true, "default_profile_image": false, "id": 415719812, "profile_background_image_url_https": "https://abs.twimg.com/images/themes/theme1/bg.png", "verified": false, "translator_type": "none", "profile_text_color": "333333", "profile_image_url_https": "https://pbs.twimg.com/profile_images/700445084458811392/IrEvg__1_normal.jpg", "profile_sidebar_fill_color": "DDEEF6", "entities": {"url": {"urls": [{"url": "https://t.co/x4CX1HAKci", "indices": [0, 23], "expanded_url": "http://olofkindgren.blogspot.com/", "display_url": "olofkindgren.blogspot.com"}]}, "description": {"urls": []}}, "followers_count": 939, "profile_sidebar_border_color": "C0DEED", "id_str": "415719812", "profile_background_color": "C0DEED", "listed_count": 26, "is_translation_enabled": false, "utc_offset": 7200, "statuses_count": 3140, "description": "Open Source Software and Silicon advocate. High- and low-level programmer. Director of FOSSi Foundation and occasional blogger", "friends_count": 61, "location": "", "profile_link_color": "1DA1F2", "profile_image_url": "http://pbs.twimg.com/profile_images/700445084458811392/IrEvg__1_normal.jpg", "following": false, "geo_enabled": false, "profile_background_image_url": "http://abs.twimg.com/images/themes/theme1/bg.png", "screen_name": "OlofKindgren", "lang": "sv", "profile_background_tile": false, "favourites_count": 1812, "name": "Olof Kindgren", "notifications": false, "url": "https://t.co/x4CX1HAKci", "created_at": "Fri Nov 18 18:28:09 +0000 2011", "contributors_enabled": false, "time_zone": "Athens", "protected": false, "default_profile": true, "is_translator": false}, "geo": null, "in_reply_to_user_id_str": "933458054431035392", "lang": "en", "created_at": "Tue Feb 27 20:14:34 +0000 2018", "in_reply_to_status_id_str": "968574781737066497", "place": null, "metadata": {"iso_language_code": "en", "result_type": "recent"}}, {"contributors": null, "truncated": true, "text": "@fpga_dave the only reason I even have iCECube2 is A) power analysis, B) better floorplan views, and C) the timing\u2026 https://t.co/LRoQCSbJ9R", "is_quote_status": false, "in_reply_to_status_id": 968579580704579584, "id": 968579930060742657, "favorite_count": 0, "retweeted": false, "coordinates": null, "source": "<a href=\"http://twitter.com\" rel=\"nofollow\">Twitter Web Client</a>", "in_reply_to_screen_name": "stdlib", "in_reply_to_user_id": 23419587, "retweet_count": 0, "id_str": "968579930060742657", "favorited": false, "user": {"follow_request_sent": false, "has_extended_profile": true, "profile_use_background_image": false, "default_profile_image": false, "id": 23419587, "profile_background_image_url_https": "https://abs.twimg.com/images/themes/theme9/bg.gif", "verified": false, "translator_type": "none", "profile_text_color": "000000", "profile_image_url_https": "https://pbs.twimg.com/profile_images/788185962916425729/xnXY5DwC_normal.jpg", "profile_sidebar_fill_color": "000000", "entities": {"description": {"urls": []}}, "followers_count": 1798, "profile_sidebar_border_color": "000000", "id_str": "23419587", "profile_background_color": "000000", "listed_count": 66, "is_translation_enabled": false, "utc_offset": -21600, "statuses_count": 12756, "description": "gundam pilot", "friends_count": 652, "location": "Awwwstun, TX", "profile_link_color": "19CF86", "profile_image_url": "http://pbs.twimg.com/profile_images/788185962916425729/xnXY5DwC_normal.jpg", "following": false, "geo_enabled": false, "profile_banner_url": "https://pbs.twimg.com/profile_banners/23419587/1443765929", "profile_background_image_url": "http://abs.twimg.com/images/themes/theme9/bg.gif", "screen_name": "stdlib", "lang": "en", "profile_background_tile": false, "favourites_count": 6644, "name": "a", "notifications": false, "url": null, "created_at": "Mon Mar 09 09:53:43 +0000 2009", "contributors_enabled": false, "time_zone": "Central Time (US & Canada)", "protected": false, "default_profile": false, "is_translator": false}, "geo": null, "in_reply_to_user_id_str": "23419587", "lang": "en", "created_at": "Tue Feb 27 20:13:45 +0000 2018", "in_reply_to_status_id_str": "968579580704579584", "place": null, "metadata": {"iso_language_code": "en", "result_type": "recent"}}, {"contributors": null, "truncated": true, "text": "@fpga_dave that is ridiculous, and makes me wonder if iCECube2 will be killed off eventually -- but I'm happy about\u2026 https://t.co/XNKZahBQ6G", "is_quote_status": false, "in_reply_to_status_id": 968578989114707968, "id": 968579580704579584, "favorite_count": 0, "retweeted": false, "coordinates": null, "source": "<a href=\"http://twitter.com\" rel=\"nofollow\">Twitter Web Client</a>", "in_reply_to_screen_name": "fpga_dave", "in_reply_to_user_id": 933458054431035392, "retweet_count": 0, "id_str": "968579580704579584", "favorited": false, "user": {"follow_request_sent": false, "has_extended_profile": true, "profile_use_background_image": false, "default_profile_image": false, "id": 23419587, "profile_background_image_url_https": "https://abs.twimg.com/images/themes/theme9/bg.gif", "verified": false, "translator_type": "none", "profile_text_color": "000000", "profile_image_url_https": "https://pbs.twimg.com/profile_images/788185962916425729/xnXY5DwC_normal.jpg", "profile_sidebar_fill_color": "000000", "entities": {"description": {"urls": []}}, "followers_count": 1798, "profile_sidebar_border_color": "000000", "id_str": "23419587", "profile_background_color": "000000", "listed_count": 66, "is_translation_enabled": false, "utc_offset": -21600, "statuses_count": 12756, "description": "gundam pilot", "friends_count": 652, "location": "Awwwstun, TX", "profile_link_color": "19CF86", "profile_image_url": "http://pbs.twimg.com/profile_images/788185962916425729/xnXY5DwC_normal.jpg", "following": false, "geo_enabled": false, "profile_banner_url": "https://pbs.twimg.com/profile_banners/23419587/1443765929", "profile_background_image_url": "http://abs.twimg.com/images/themes/theme9/bg.gif", "screen_name": "stdlib", "lang": "en", "profile_background_tile": false, "favourites_count": 6644, "name": "a", "notifications": false, "url": null, "created_at": "Mon Mar 09 09:53:43 +0000 2009", "contributors_enabled": false, "time_zone": "Central Time (US & Canada)", "protected": false, "default_profile": false, "is_translator": false}, "geo": null, "in_reply_to_user_id_str": "933458054431035392", "lang": "en", "created_at": "Tue Feb 27 20:12:22 +0000 2018", "in_reply_to_status_id_str": "968578989114707968", "place": null, "metadata": {"iso_language_code": "en", "result_type": "recent"}}, {"contributors": null, "truncated": true, "text": "@fpga_dave wait -- doesn't iCECube2 also do iCE40UP? so that means the names of the primitives in iCECube2 vs Radia\u2026 https://t.co/fvdUdwvaAv", "is_quote_status": false, "in_reply_to_status_id": 968427809352929280, "id": 968578249017131008, "favorite_count": 0, "retweeted": false, "coordinates": null, "source": "<a href=\"http://twitter.com\" rel=\"nofollow\">Twitter Web Client</a>", "in_reply_to_screen_name": "fpga_dave", "in_reply_to_user_id": 933458054431035392, "retweet_count": 0, "id_str": "968578249017131008", "favorited": false, "user": {"follow_request_sent": false, "has_extended_profile": true, "profile_use_background_image": false, "default_profile_image": false, "id": 23419587, "profile_background_image_url_https": "https://abs.twimg.com/images/themes/theme9/bg.gif", "verified": false, "translator_type": "none", "profile_text_color": "000000", "profile_image_url_https": "https://pbs.twimg.com/profile_images/788185962916425729/xnXY5DwC_normal.jpg", "profile_sidebar_fill_color": "000000", "entities": {"description": {"urls": []}}, "followers_count": 1798, "profile_sidebar_border_color": "000000", "id_str": "23419587", "profile_background_color": "000000", "listed_count": 66, "is_translation_enabled": false, "utc_offset": -21600, "statuses_count": 12756, "description": "gundam pilot", "friends_count": 652, "location": "Awwwstun, TX", "profile_link_color": "19CF86", "profile_image_url": "http://pbs.twimg.com/profile_images/788185962916425729/xnXY5DwC_normal.jpg", "following": false, "geo_enabled": false, "profile_banner_url": "https://pbs.twimg.com/profile_banners/23419587/1443765929", "profile_background_image_url": "http://abs.twimg.com/images/themes/theme9/bg.gif", "screen_name": "stdlib", "lang": "en", "profile_background_tile": false, "favourites_count": 6644, "name": "a", "notifications": false, "url": null, "created_at": "Mon Mar 09 09:53:43 +0000 2009", "contributors_enabled": false, "time_zone": "Central Time (US & Canada)", "protected": false, "default_profile": false, "is_translator": false}, "geo": null, "in_reply_to_user_id_str": "933458054431035392", "lang": "en", "created_at": "Tue Feb 27 20:07:04 +0000 2018", "in_reply_to_status_id_str": "968427809352929280", "place": null, "metadata": {"iso_language_code": "en", "result_type": "recent"}}, {"contributors": null, "truncated": true, "text": "@OlofKindgren @oe1cxw @latticesemi There are the iCE40 UltraLite and Ultra devices still. Also in some cases iCEcub\u2026 https://t.co/7ecNwfSOMd", "is_quote_status": false, "in_reply_to_status_id": 968574400239894528, "id": 968574781737066497, "favorite_count": 1, "retweeted": false, "coordinates": null, "source": "<a href=\"http://twitter.com\" rel=\"nofollow\">Twitter Web Client</a>", "in_reply_to_screen_name": "OlofKindgren", "in_reply_to_user_id": 415719812, "retweet_count": 0, "id_str": "968574781737066497", "favorited": false, "user": {"follow_request_sent": false, "has_extended_profile": false, "profile_use_background_image": true, "default_profile_image": false, "id": 933458054431035392, "profile_background_image_url_https": null, "verified": false, "translator_type": "none", "profile_text_color": "333333", "profile_image_url_https": "https://pbs.twimg.com/profile_images/933460253588557826/KIxDg_by_normal.jpg", "profile_sidebar_fill_color": "DDEEF6", "entities": {"url": {"urls": [{"url": "https://t.co/r642D39oX6", "indices": [0, 23], "expanded_url": "https://ds0.me", "display_url": "ds0.me"}]}, "description": {"urls": []}}, "followers_count": 362, "profile_sidebar_border_color": "C0DEED", "id_str": "933458054431035392", "profile_background_color": "F5F8FA", "listed_count": 5, "is_translation_enabled": false, "utc_offset": 0, "statuses_count": 232, "description": "Open Source Electronics, FPGA and Software developer. Contributor to Project Icestorm. Sometimes I dump and emulate crappy and obscure video games.", "friends_count": 206, "location": "London, England", "profile_link_color": "1DA1F2", "profile_image_url": "http://pbs.twimg.com/profile_images/933460253588557826/KIxDg_by_normal.jpg", "following": true, "geo_enabled": false, "profile_background_image_url": null, "screen_name": "fpga_dave", "lang": "en", "profile_background_tile": false, "favourites_count": 415, "name": "David Shah", "notifications": false, "url": "https://t.co/r642D39oX6", "created_at": "Wed Nov 22 22:11:57 +0000 2017", "contributors_enabled": false, "time_zone": "London", "protected": false, "default_profile": true, "is_translator": false}, "geo": null, "in_reply_to_user_id_str": "415719812", "lang": "en", "created_at": "Tue Feb 27 19:53:17 +0000 2018", "in_reply_to_status_id_str": "968574400239894528", "place": null, "metadata": {"iso_language_code": "en", "result_type": "recent"}}, {"contributors": null, "truncated": true, "text": "@oe1cxw @fpga_dave et. al. Are there any targets left that are supported by @latticesemi iCEcube2 but not by iceSto\u2026 https://t.co/Dr2WOdIOyn", "is_quote_status": false, "in_reply_to_status_id": null, "id": 968574400239894528, "favorite_count": 0, "retweeted": false, "coordinates": null, "source": "<a href=\"http://twitter.com\" rel=\"nofollow\">Twitter Web Client</a>", "in_reply_to_screen_name": "oe1cxw", "in_reply_to_user_id": 2821368996, "retweet_count": 0, "id_str": "968574400239894528", "favorited": false, "user": {"follow_request_sent": false, "has_extended_profile": false, "profile_use_background_image": true, "default_profile_image": false, "id": 415719812, "profile_background_image_url_https": "https://abs.twimg.com/images/themes/theme1/bg.png", "verified": false, "translator_type": "none", "profile_text_color": "333333", "profile_image_url_https": "https://pbs.twimg.com/profile_images/700445084458811392/IrEvg__1_normal.jpg", "profile_sidebar_fill_color": "DDEEF6", "entities": {"url": {"urls": [{"url": "https://t.co/x4CX1HAKci", "indices": [0, 23], "expanded_url": "http://olofkindgren.blogspot.com/", "display_url": "olofkindgren.blogspot.com"}]}, "description": {"urls": []}}, "followers_count": 939, "profile_sidebar_border_color": "C0DEED", "id_str": "415719812", "profile_background_color": "C0DEED", "listed_count": 26, "is_translation_enabled": false, "utc_offset": 7200, "statuses_count": 3140, "description": "Open Source Software and Silicon advocate. High- and low-level programmer. Director of FOSSi Foundation and occasional blogger", "friends_count": 61, "location": "", "profile_link_color": "1DA1F2", "profile_image_url": "http://pbs.twimg.com/profile_images/700445084458811392/IrEvg__1_normal.jpg", "following": false, "geo_enabled": false, "profile_background_image_url": "http://abs.twimg.com/images/themes/theme1/bg.png", "screen_name": "OlofKindgren", "lang": "sv", "profile_background_tile": false, "favourites_count": 1812, "name": "Olof Kindgren", "notifications": false, "url": "https://t.co/x4CX1HAKci", "created_at": "Fri Nov 18 18:28:09 +0000 2011", "contributors_enabled": false, "time_zone": "Athens", "protected": false, "default_profile": true, "is_translator": false}, "geo": null, "in_reply_to_user_id_str": "2821368996", "lang": "en", "created_at": "Tue Feb 27 19:51:46 +0000 2018", "in_reply_to_status_id_str": null, "place": null, "metadata": {"iso_language_code": "en", "result_type": "recent"}}, {"contributors": null, "truncated": true, "text": "ok, switching over to package @TinyFPGA Bootloader instead. I had put it on hold until a FuseSoC with CAPI2 support\u2026 https://t.co/rZCAnyxGPF", "is_quote_status": false, "in_reply_to_status_id": null, "id": 968504610062327808, "favorite_count": 2, "retweeted": false, "coordinates": null, "source": "<a href=\"http://twitter.com\" rel=\"nofollow\">Twitter Web Client</a>", "in_reply_to_screen_name": null, "in_reply_to_user_id": null, "retweet_count": 0, "id_str": "968504610062327808", "favorited": false, "user": {"follow_request_sent": false, "has_extended_profile": false, "profile_use_background_image": true, "default_profile_image": false, "id": 415719812, "profile_background_image_url_https": "https://abs.twimg.com/images/themes/theme1/bg.png", "verified": false, "translator_type": "none", "profile_text_color": "333333", "profile_image_url_https": "https://pbs.twimg.com/profile_images/700445084458811392/IrEvg__1_normal.jpg", "profile_sidebar_fill_color": "DDEEF6", "entities": {"url": {"urls": [{"url": "https://t.co/x4CX1HAKci", "indices": [0, 23], "expanded_url": "http://olofkindgren.blogspot.com/", "display_url": "olofkindgren.blogspot.com"}]}, "description": {"urls": []}}, "followers_count": 939, "profile_sidebar_border_color": "C0DEED", "id_str": "415719812", "profile_background_color": "C0DEED", "listed_count": 26, "is_translation_enabled": false, "utc_offset": 7200, "statuses_count": 3140, "description": "Open Source Software and Silicon advocate. High- and low-level programmer. Director of FOSSi Foundation and occasional blogger", "friends_count": 61, "location": "", "profile_link_color": "1DA1F2", "profile_image_url": "http://pbs.twimg.com/profile_images/700445084458811392/IrEvg__1_normal.jpg", "following": false, "geo_enabled": false, "profile_background_image_url": "http://abs.twimg.com/images/themes/theme1/bg.png", "screen_name": "OlofKindgren", "lang": "sv", "profile_background_tile": false, "favourites_count": 1812, "name": "Olof Kindgren", "notifications": false, "url": "https://t.co/x4CX1HAKci", "created_at": "Fri Nov 18 18:28:09 +0000 2011", "contributors_enabled": false, "time_zone": "Athens", "protected": false, "default_profile": true, "is_translator": false}, "geo": null, "in_reply_to_user_id_str": null, "lang": "en", "created_at": "Tue Feb 27 15:14:27 +0000 2018", "in_reply_to_status_id_str": null, "place": null, "metadata": {"iso_language_code": "en", "result_type": "recent"}}, {"contributors": null, "truncated": false, "text": "RT @n24bass: iCE40 \u306f\u3053\u308c\u307e\u3067 icestorm \u3067\u3057\u304b\u4f7f\u3063\u3066\u306a\u304b\u3063\u305f\u3093\u3060\u3051\u3069\u3001\u30b3\u30fc\u30c9\u304c VHDL \u306a\u306e\u3067 Lattice \u306e iCEcube2 \u3092\u521d\u3081\u3066\u4f7f\u3063\u305f\u3002MachXO2 \u306a\u3093\u304b\u7528\u306e Diamond \u3068\u6bd4\u3079\u3001\u968f\u5206\u7c21\u7d20\u3067\u30d7\u30ed\u30b0\u30e9\u30de\u3082\u5225\u3002\u3053\u306e\u30d7\u30ed\u30b0\u30e9\u30de\u304c\u30dc\u30fc\u2026", "is_quote_status": false, "in_reply_to_status_id": null, "id": 968471011040493571, "favorite_count": 0, "retweeted": false, "coordinates": null, "source": "<a href=\"https://about.twitter.com/products/tweetdeck\" rel=\"nofollow\">TweetDeck</a>", "in_reply_to_screen_name": null, "in_reply_to_user_id": null, "retweet_count": 1, "id_str": "968471011040493571", "favorited": false, "retweeted_status": {"contributors": null, "truncated": true, "text": "iCE40 \u306f\u3053\u308c\u307e\u3067 icestorm \u3067\u3057\u304b\u4f7f\u3063\u3066\u306a\u304b\u3063\u305f\u3093\u3060\u3051\u3069\u3001\u30b3\u30fc\u30c9\u304c VHDL \u306a\u306e\u3067 Lattice \u306e iCEcube2 \u3092\u521d\u3081\u3066\u4f7f\u3063\u305f\u3002MachXO2 \u306a\u3093\u304b\u7528\u306e Diamond \u3068\u6bd4\u3079\u3001\u968f\u5206\u7c21\u7d20\u3067\u30d7\u30ed\u30b0\u30e9\u30de\u3082\u5225\u2026 https://t.co/ULqJAM2Trm", "is_quote_status": false, "in_reply_to_status_id": 968468780337659904, "id": 968469549824622592, "favorite_count": 0, "retweeted": false, "coordinates": null, "source": "<a href=\"http://twitter.com\" rel=\"nofollow\">Twitter Web Client</a>", "in_reply_to_screen_name": "n24bass", "in_reply_to_user_id": 14942531, "retweet_count": 1, "id_str": "968469549824622592", "favorited": false, "user": {"follow_request_sent": false, "has_extended_profile": false, "profile_use_background_image": true, "default_profile_image": false, "id": 14942531, "profile_background_image_url_https": "https://pbs.twimg.com/profile_background_images/52629227/usui.jpg", "verified": false, "translator_type": "none", "profile_text_color": "333333", "profile_image_url_https": "https://pbs.twimg.com/profile_images/849611523248930818/UjRiSnH__normal.jpg", "profile_sidebar_fill_color": "D4D4D4", "entities": {"url": {"urls": [{"url": "https://t.co/0VAnwdLcsm", "indices": [0, 23], "expanded_url": "http://bird.dip.jp/mt/", "display_url": "bird.dip.jp/mt/"}]}, "description": {"urls": [{"url": "https://t.co/svsubLZSMX", "indices": [131, 154], "expanded_url": "http://ruin-japan.com/uzumaki/", "display_url": "ruin-japan.com/uzumaki/"}]}}, "followers_count": 849, "profile_sidebar_border_color": "BDDCAD", "id_str": "14942531", "profile_background_color": "969696", "listed_count": 43, "is_translation_enabled": false, "utc_offset": 32400, "statuses_count": 11368, "description": "\u30b5\u30e9\u30ea\u30fc\u30de\u30f3\u30d7\u30ed\u30b0\u30e9\u30de\u3002\u8da3\u5473\u306e*BSD/\u96fb\u5b50\u5de5\u4f5c/Jazz/\u5973\u6027\u30dc\u30fc\u30ab\u30eb/\u30d9\u30fc\u30b9\u306fMoon\u3068Tune/\u3061\u3087\u3063\u3068\u53e4\u3044\u30ab\u30e1\u30e9/\u30d0\u30a4\u30af\u306fLanza/Ingress\u9752L10/\u98db\u884c\u6a5f\u30d7\u30e9\u30e2\u3002\u30c4\u30a4\u30fc\u30c8\u306f\u6240\u5c5e\u3059\u308b\u4f1a\u793e\u3068\u306f\u95a2\u4fc2\u3057\u307e\u305b\u3093\u3002\u30a2\u30a4\u30b3\u30f3\u306f\u30a6\u30ba\u30de\u30ad\u661f\u4eba\u5730\u7403\u4fb5\u7565\u8a08\u753b\u69d8\u3088\u308a https://t.co/svsubLZSMX", "friends_count": 1641, "location": "\u30c7\u30c3\u30ab\u30a4\u30c9\u30fc", "profile_link_color": "ABB8C2", "profile_image_url": "http://pbs.twimg.com/profile_images/849611523248930818/UjRiSnH__normal.jpg", "following": false, "geo_enabled": false, "profile_banner_url": "https://pbs.twimg.com/profile_banners/14942531/1398228972", "profile_background_image_url": "http://pbs.twimg.com/profile_background_images/52629227/usui.jpg", "screen_name": "n24bass", "lang": "ja", "profile_background_tile": true, "favourites_count": 8891, "name": "\u5317\u4e8c\u5341\u56db\u6761\u4f4e\u97f3\u7d44\u5408", "notifications": false, "url": "https://t.co/0VAnwdLcsm", "created_at": "Thu May 29 09:29:26 +0000 2008", "contributors_enabled": false, "time_zone": "Tokyo", "protected": false, "default_profile": false, "is_translator": false}, "geo": null, "in_reply_to_user_id_str": "14942531", "lang": "ja", "created_at": "Tue Feb 27 12:55:08 +0000 2018", "in_reply_to_status_id_str": "968468780337659904", "place": null, "metadata": {"iso_language_code": "ja", "result_type": "recent"}}, "user": {"follow_request_sent": false, "has_extended_profile": false, "profile_use_background_image": true, "default_profile_image": false, "id": 17358088, "profile_background_image_url_https": "https://abs.twimg.com/images/themes/theme14/bg.gif", "verified": false, "translator_type": "none", "profile_text_color": "333333", "profile_image_url_https": "https://pbs.twimg.com/profile_images/378800000415525191/0347eca4faa11cdee3ed50549e99d234_normal.png", "profile_sidebar_fill_color": "EFEFEF", "entities": {"description": {"urls": []}}, "followers_count": 930, "profile_sidebar_border_color": "EEEEEE", "id_str": "17358088", "profile_background_color": "131516", "listed_count": 68, "is_translation_enabled": false, "utc_offset": 32400, "statuses_count": 94121, "description": "\u96fb\u5b50\u5de5\u4f5c\u7cfb\u30d6\u30ed\u30b0\u904b\u55b6\u4e2d", "friends_count": 671, "location": "\u6771\u4eac\u90fd\u845b\u98fe\u533a", "profile_link_color": "009999", "profile_image_url": "http://pbs.twimg.com/profile_images/378800000415525191/0347eca4faa11cdee3ed50549e99d234_normal.png", "following": false, "geo_enabled": false, "profile_background_image_url": "http://abs.twimg.com/images/themes/theme14/bg.gif", "screen_name": "iruka3", "lang": "ja", "profile_background_tile": true, "favourites_count": 16964, "name": "iruka3", "notifications": false, "url": null, "created_at": "Thu Nov 13 05:02:46 +0000 2008", "contributors_enabled": false, "time_zone": "Tokyo", "protected": false, "default_profile": false, "is_translator": false}, "geo": null, "in_reply_to_user_id_str": null, "lang": "ja", "created_at": "Tue Feb 27 13:00:57 +0000 2018", "in_reply_to_status_id_str": null, "place": null, "metadata": {"iso_language_code": "ja", "result_type": "recent"}}, {"contributors": null, "truncated": true, "text": "iCE40 \u306f\u3053\u308c\u307e\u3067 icestorm \u3067\u3057\u304b\u4f7f\u3063\u3066\u306a\u304b\u3063\u305f\u3093\u3060\u3051\u3069\u3001\u30b3\u30fc\u30c9\u304c VHDL \u306a\u306e\u3067 Lattice \u306e iCEcube2 \u3092\u521d\u3081\u3066\u4f7f\u3063\u305f\u3002MachXO2 \u306a\u3093\u304b\u7528\u306e Diamond \u3068\u6bd4\u3079\u3001\u968f\u5206\u7c21\u7d20\u3067\u30d7\u30ed\u30b0\u30e9\u30de\u3082\u5225\u2026 https://t.co/ULqJAM2Trm", "is_quote_status": false, "in_reply_to_status_id": 968468780337659904, "id": 968469549824622592, "favorite_count": 0, "retweeted": false, "coordinates": null, "source": "<a href=\"http://twitter.com\" rel=\"nofollow\">Twitter Web Client</a>", "in_reply_to_screen_name": "n24bass", "in_reply_to_user_id": 14942531, "retweet_count": 1, "id_str": "968469549824622592", "favorited": false, "user": {"follow_request_sent": false, "has_extended_profile": false, "profile_use_background_image": true, "default_profile_image": false, "id": 14942531, "profile_background_image_url_https": "https://pbs.twimg.com/profile_background_images/52629227/usui.jpg", "verified": false, "translator_type": "none", "profile_text_color": "333333", "profile_image_url_https": "https://pbs.twimg.com/profile_images/849611523248930818/UjRiSnH__normal.jpg", "profile_sidebar_fill_color": "D4D4D4", "entities": {"url": {"urls": [{"url": "https://t.co/0VAnwdLcsm", "indices": [0, 23], "expanded_url": "http://bird.dip.jp/mt/", "display_url": "bird.dip.jp/mt/"}]}, "description": {"urls": [{"url": "https://t.co/svsubLZSMX", "indices": [131, 154], "expanded_url": "http://ruin-japan.com/uzumaki/", "display_url": "ruin-japan.com/uzumaki/"}]}}, "followers_count": 849, "profile_sidebar_border_color": "BDDCAD", "id_str": "14942531", "profile_background_color": "969696", "listed_count": 43, "is_translation_enabled": false, "utc_offset": 32400, "statuses_count": 11368, "description": "\u30b5\u30e9\u30ea\u30fc\u30de\u30f3\u30d7\u30ed\u30b0\u30e9\u30de\u3002\u8da3\u5473\u306e*BSD/\u96fb\u5b50\u5de5\u4f5c/Jazz/\u5973\u6027\u30dc\u30fc\u30ab\u30eb/\u30d9\u30fc\u30b9\u306fMoon\u3068Tune/\u3061\u3087\u3063\u3068\u53e4\u3044\u30ab\u30e1\u30e9/\u30d0\u30a4\u30af\u306fLanza/Ingress\u9752L10/\u98db\u884c\u6a5f\u30d7\u30e9\u30e2\u3002\u30c4\u30a4\u30fc\u30c8\u306f\u6240\u5c5e\u3059\u308b\u4f1a\u793e\u3068\u306f\u95a2\u4fc2\u3057\u307e\u305b\u3093\u3002\u30a2\u30a4\u30b3\u30f3\u306f\u30a6\u30ba\u30de\u30ad\u661f\u4eba\u5730\u7403\u4fb5\u7565\u8a08\u753b\u69d8\u3088\u308a https://t.co/svsubLZSMX", "friends_count": 1641, "location": "\u30c7\u30c3\u30ab\u30a4\u30c9\u30fc", "profile_link_color": "ABB8C2", "profile_image_url": "http://pbs.twimg.com/profile_images/849611523248930818/UjRiSnH__normal.jpg", "following": false, "geo_enabled": false, "profile_banner_url": "https://pbs.twimg.com/profile_banners/14942531/1398228972", "profile_background_image_url": "http://pbs.twimg.com/profile_background_images/52629227/usui.jpg", "screen_name": "n24bass", "lang": "ja", "profile_background_tile": true, "favourites_count": 8891, "name": "\u5317\u4e8c\u5341\u56db\u6761\u4f4e\u97f3\u7d44\u5408", "notifications": false, "url": "https://t.co/0VAnwdLcsm", "created_at": "Thu May 29 09:29:26 +0000 2008", "contributors_enabled": false, "time_zone": "Tokyo", "protected": false, "default_profile": false, "is_translator": false}, "geo": null, "in_reply_to_user_id_str": "14942531", "lang": "ja", "created_at": "Tue Feb 27 12:55:08 +0000 2018", "in_reply_to_status_id_str": "968468780337659904", "place": null, "metadata": {"iso_language_code": "ja", "result_type": "recent"}}, {"contributors": null, "truncated": false, "text": "Lattice iCEcube2\u306e\u30e9\u30a4\u30bb\u30f3\u30b9\u8981\u6c42\u3092\u3057\u305f\u3089\u3001Active-HDL\u30e9\u30a4\u30bb\u30f3\u30b9\u304c\u7121\u52b9\u306a\u30e9\u30a4\u30bb\u30f3\u30b9\u30d5\u30a1\u30a4\u30eb\u304c\u9001\u3089\u308c\u3066\u304d\u305f\u3002\u6563\u3005\u8abf\u67fb\u3057\u3066\u65e5\u3092\u7f6e\u3044\u3066\u518d\u5ea6\u8981\u6c42\u3057\u305f\u3089\u6b63\u3057\u3044\u30d5\u30a1\u30a4\u30eb\u304c\u9001\u3089\u308c\u3066\u304d\u305f\u3002\u3053\u3046\u3044\u3046\u3053\u3068\u3067\u3082\u52b4\u50cd\u6642\u9593\u524a\u6e1b\u306e\u969c\u58c1\u306b\u306a\u3063\u3066\u3044\u308b\u3053\u3068\u3092\u89e3\u3063\u3066\u307b\u3057\u3044\u3002", "is_quote_status": false, "in_reply_to_status_id": null, "id": 966123692139847687, "favorite_count": 0, "retweeted": false, "coordinates": null, "source": "<a href=\"http://twitter.com\" rel=\"nofollow\">Twitter Web Client</a>", "in_reply_to_screen_name": null, "in_reply_to_user_id": null, "retweet_count": 0, "id_str": "966123692139847687", "favorited": false, "user": {"follow_request_sent": false, "has_extended_profile": false, "profile_use_background_image": true, "default_profile_image": false, "id": 89188020, "profile_background_image_url_https": "https://pbs.twimg.com/profile_background_images/100167622/W20100510232100928.jpg", "verified": false, "translator_type": "none", "profile_text_color": "634047", "profile_image_url_https": "https://pbs.twimg.com/profile_images/647622839818825732/IQIv9l6q_normal.jpg", "profile_sidebar_fill_color": "E3E2DE", "entities": {"url": {"urls": [{"url": "http://t.co/k9Sse977q7", "indices": [0, 22], "expanded_url": "http://ef6318.blog.fc2.com/", "display_url": "ef6318.blog.fc2.com"}]}, "description": {"urls": [{"url": "https://t.co/B0KLEh2vqN", "indices": [77, 100], "expanded_url": "http://toolmaster.blog.fc2.com/", "display_url": "toolmaster.blog.fc2.com"}]}}, "followers_count": 256, "profile_sidebar_border_color": "D3D2CF", "id_str": "89188020", "profile_background_color": "EDECE9", "listed_count": 6, "is_translation_enabled": false, "utc_offset": 32400, "statuses_count": 10854, "description": "\u98a8\u524d\u306e\u706f\u706b\u3001\u7d44\u8fbc\u307f\u30b7\u30b9\u30c6\u30e0\u30cf\u30a6\u30b9(\u6b7b\u8a9e)\u306eH/W\u5c4b\u3001\u56de\u8def/HDL\u8a2d\u8a08\u3088\u308a\u3082\u96d1\u52d9\u3067\u5fd9\u6bba\u3002\u5c11\u3057\u3067\u3082\u9593\u53e3\u5e83\u3052\u308b\u70ba\u306b\u3082\u9670\u3067PSoC/NiosII\u3067\u30bd\u30d5\u30c8\u72ec\u5b66\u4e2d\u3002 https://t.co/B0KLEh2vqN \u64ae\u308a\u9244/\u4e57\u308a\u9244/\u8857\u6b69\u304d", "friends_count": 323, "location": "\u6a2a\u6d5c\u5e02", "profile_link_color": "088253", "profile_image_url": "http://pbs.twimg.com/profile_images/647622839818825732/IQIv9l6q_normal.jpg", "following": false, "geo_enabled": false, "profile_banner_url": "https://pbs.twimg.com/profile_banners/89188020/1398658399", "profile_background_image_url": "http://pbs.twimg.com/profile_background_images/100167622/W20100510232100928.jpg", "screen_name": "hyoutantugi", "lang": "ja", "profile_background_tile": true, "favourites_count": 1739, "name": "\u4eba\u751f\u3092BootCamp\u3002", "notifications": false, "url": "http://t.co/k9Sse977q7", "created_at": "Wed Nov 11 13:48:20 +0000 2009", "contributors_enabled": false, "time_zone": "Tokyo", "protected": false, "default_profile": false, "is_translator": false}, "geo": null, "in_reply_to_user_id_str": null, "lang": "ja", "created_at": "Wed Feb 21 01:33:32 +0000 2018", "in_reply_to_status_id_str": null, "place": null, "metadata": {"iso_language_code": "ja", "result_type": "recent"}}, {"contributors": null, "truncated": false, "text": "Lattice\u306e\u958b\u767a\u7528\u30bd\u30d5\u30c8iCEcube2\u3092\u30c0\u30a6\u30f3\u30ed\u30fc\u30c9\u3057\u3088\u3046\u3068\u3057\u305f\u306e\u3060\u3051\u308c\u3069\u3001\u8a00\u8a9e\u8a2d\u5b9a\u3092\u82f1\u8a9e\u4ee5\u5916\u306b\u3057\u3066\u3044\u308b\u3068\u3001\u30c0\u30a6\u30f3\u30ed\u30fc\u30c9\u30ea\u30f3\u30af\u304c\u8868\u793a\u3055\u308c\u306a\u3044\u3002Diamond\u306f\u666e\u901a\u306b\u30c0\u30a6\u30f3\u30ed\u30fc\u30c9\u3067\u304d\u308b\u3002\u30db\u30f3\u30c8\u3053\u3046\u3044\u3046\u30e0\u30c0\u306a\u30c8\u30e9\u30c3\u30d7\u8981\u3089\u306a\u3044\u3002", "is_quote_status": false, "in_reply_to_status_id": null, "id": 965401037984034818, "favorite_count": 0, "retweeted": false, "coordinates": null, "source": "<a href=\"http://twitter.com\" rel=\"nofollow\">Twitter Web Client</a>", "in_reply_to_screen_name": null, "in_reply_to_user_id": null, "retweet_count": 0, "id_str": "965401037984034818", "favorited": false, "user": {"follow_request_sent": false, "has_extended_profile": false, "profile_use_background_image": true, "default_profile_image": false, "id": 89188020, "profile_background_image_url_https": "https://pbs.twimg.com/profile_background_images/100167622/W20100510232100928.jpg", "verified": false, "translator_type": "none", "profile_text_color": "634047", "profile_image_url_https": "https://pbs.twimg.com/profile_images/647622839818825732/IQIv9l6q_normal.jpg", "profile_sidebar_fill_color": "E3E2DE", "entities": {"url": {"urls": [{"url": "http://t.co/k9Sse977q7", "indices": [0, 22], "expanded_url": "http://ef6318.blog.fc2.com/", "display_url": "ef6318.blog.fc2.com"}]}, "description": {"urls": [{"url": "https://t.co/B0KLEh2vqN", "indices": [77, 100], "expanded_url": "http://toolmaster.blog.fc2.com/", "display_url": "toolmaster.blog.fc2.com"}]}}, "followers_count": 256, "profile_sidebar_border_color": "D3D2CF", "id_str": "89188020", "profile_background_color": "EDECE9", "listed_count": 6, "is_translation_enabled": false, "utc_offset": 32400, "statuses_count": 10854, "description": "\u98a8\u524d\u306e\u706f\u706b\u3001\u7d44\u8fbc\u307f\u30b7\u30b9\u30c6\u30e0\u30cf\u30a6\u30b9(\u6b7b\u8a9e)\u306eH/W\u5c4b\u3001\u56de\u8def/HDL\u8a2d\u8a08\u3088\u308a\u3082\u96d1\u52d9\u3067\u5fd9\u6bba\u3002\u5c11\u3057\u3067\u3082\u9593\u53e3\u5e83\u3052\u308b\u70ba\u306b\u3082\u9670\u3067PSoC/NiosII\u3067\u30bd\u30d5\u30c8\u72ec\u5b66\u4e2d\u3002 https://t.co/B0KLEh2vqN \u64ae\u308a\u9244/\u4e57\u308a\u9244/\u8857\u6b69\u304d", "friends_count": 323, "location": "\u6a2a\u6d5c\u5e02", "profile_link_color": "088253", "profile_image_url": "http://pbs.twimg.com/profile_images/647622839818825732/IQIv9l6q_normal.jpg", "following": false, "geo_enabled": false, "profile_banner_url": "https://pbs.twimg.com/profile_banners/89188020/1398658399", "profile_background_image_url": "http://pbs.twimg.com/profile_background_images/100167622/W20100510232100928.jpg", "screen_name": "hyoutantugi", "lang": "ja", "profile_background_tile": true, "favourites_count": 1739, "name": "\u4eba\u751f\u3092BootCamp\u3002", "notifications": false, "url": "http://t.co/k9Sse977q7", "created_at": "Wed Nov 11 13:48:20 +0000 2009", "contributors_enabled": false, "time_zone": "Tokyo", "protected": false, "default_profile": false, "is_translator": false}, "geo": null, "in_reply_to_user_id_str": null, "lang": "ja", "created_at": "Mon Feb 19 01:41:58 +0000 2018", "in_reply_to_status_id_str": null, "place": null, "metadata": {"iso_language_code": "ja", "result_type": "recent"}}, {"contributors": null, "truncated": true, "text": "@esden I have good news and bad news.  The good news: it works!  The bad news: it doesn't currently work with icest\u2026 https://t.co/uu9lrUUkBV", "is_quote_status": false, "in_reply_to_status_id": 964993014455128064, "id": 965008149345267712, "favorite_count": 4, "retweeted": false, "coordinates": null, "source": "<a href=\"http://twitter.com\" rel=\"nofollow\">Twitter Web Client</a>", "in_reply_to_screen_name": "TinyFPGA", "in_reply_to_user_id": 915976368571027457, "retweet_count": 0, "id_str": "965008149345267712", "favorited": false, "user": {"follow_request_sent": false, "has_extended_profile": true, "profile_use_background_image": true, "default_profile_image": false, "id": 915976368571027457, "profile_background_image_url_https": null, "verified": false, "translator_type": "none", "profile_text_color": "333333", "profile_image_url_https": "https://pbs.twimg.com/profile_images/955217661255823360/UuopzrBw_normal.jpg", "profile_sidebar_fill_color": "DDEEF6", "entities": {"url": {"urls": [{"url": "https://t.co/4HGx6AsrEI", "indices": [0, 23], "expanded_url": "http://tinyfpga.com", "display_url": "tinyfpga.com"}]}, "description": {"urls": [{"url": "https://t.co/7hzJ8ifaKj", "indices": [76, 99], "expanded_url": "https://github.com/tinyfpga", "display_url": "github.com/tinyfpga"}, {"url": "https://t.co/mt6RNf5sb3", "indices": [102, 125], "expanded_url": "https://hackaday.io/projects/hacker/233933", "display_url": "hackaday.io/projects/hacke\u2026"}]}}, "followers_count": 847, "profile_sidebar_border_color": "C0DEED", "id_str": "915976368571027457", "profile_background_color": "F5F8FA", "listed_count": 14, "is_translation_enabled": false, "utc_offset": null, "statuses_count": 893, "description": "husband, father of two, hardware verification architect, TinyFPGA creator. [https://t.co/7hzJ8ifaKj] [https://t.co/mt6RNf5sb3]", "friends_count": 219, "location": "Sacramento, CA", "profile_link_color": "1DA1F2", "profile_image_url": "http://pbs.twimg.com/profile_images/955217661255823360/UuopzrBw_normal.jpg", "following": true, "geo_enabled": false, "profile_banner_url": "https://pbs.twimg.com/profile_banners/915976368571027457/1516576613", "profile_background_image_url": null, "screen_name": "TinyFPGA", "lang": "en", "profile_background_tile": false, "favourites_count": 783, "name": "Luke Valenty", "notifications": false, "url": "https://t.co/4HGx6AsrEI", "created_at": "Thu Oct 05 16:25:59 +0000 2017", "contributors_enabled": false, "time_zone": null, "protected": false, "default_profile": true, "is_translator": false}, "geo": null, "in_reply_to_user_id_str": "915976368571027457", "possibly_sensitive": false, "lang": "en", "created_at": "Sat Feb 17 23:40:46 +0000 2018", "in_reply_to_status_id_str": "964993014455128064", "place": null, "metadata": {"iso_language_code": "en", "result_type": "recent"}}]}