{"search_metadata": {"count": 100, "completed_in": 0.053, "max_id_str": "965225950781870080", "since_id_str": "0", "refresh_url": "?since_id=965225950781870080&q=upduino", "since_id": 0, "query": "upduino", "max_id": 965225950781870080}, "statuses": [{"contributors": null, "truncated": false, "text": "RT @micko_mame: Got micropython running on picorv32 core on upduino board.\nThis is just minimal version, but still it is run quite nice :)\u2026", "is_quote_status": false, "in_reply_to_status_id": null, "id": 965225950781870080, "favorite_count": 0, "retweeted": false, "coordinates": null, "source": "<a href=\"http://twitter.com/download/android\" rel=\"nofollow\">Twitter for Android</a>", "in_reply_to_screen_name": null, "in_reply_to_user_id": null, "retweet_count": 22, "id_str": "965225950781870080", "favorited": false, "retweeted_status": {"contributors": null, "truncated": true, "text": "Got micropython running on picorv32 core on upduino board.\nThis is just minimal version, but still it is run quite\u2026 https://t.co/yjCgAChmLi", "is_quote_status": false, "in_reply_to_status_id": null, "id": 964792057637298176, "favorite_count": 61, "retweeted": false, "coordinates": null, "source": "<a href=\"http://twitter.com\" rel=\"nofollow\">Twitter Web Client</a>", "in_reply_to_screen_name": null, "in_reply_to_user_id": null, "retweet_count": 22, "id_str": "964792057637298176", "favorited": false, "user": {"follow_request_sent": false, "has_extended_profile": true, "profile_use_background_image": false, "default_profile_image": false, "id": 2321177005, "profile_background_image_url_https": "https://abs.twimg.com/images/themes/theme1/bg.png", "verified": false, "translator_type": "none", "profile_text_color": "000000", "profile_image_url_https": "https://pbs.twimg.com/profile_images/802054622089199616/oO3P7kq6_normal.jpg", "profile_sidebar_fill_color": "000000", "entities": {"description": {"urls": []}}, "followers_count": 521, "profile_sidebar_border_color": "000000", "id_str": "2321177005", "profile_background_color": "000000", "listed_count": 13, "is_translation_enabled": false, "utc_offset": 3600, "statuses_count": 913, "description": "Software developer,MAME project developer and emulation enthusiast, interested in FPGA and hardware in general", "friends_count": 345, "location": "Novi Sad , Serbia", "profile_link_color": "3B94D9", "profile_image_url": "http://pbs.twimg.com/profile_images/802054622089199616/oO3P7kq6_normal.jpg", "following": false, "geo_enabled": false, "profile_banner_url": "https://pbs.twimg.com/profile_banners/2321177005/1421306770", "profile_background_image_url": "http://abs.twimg.com/images/themes/theme1/bg.png", "screen_name": "micko_mame", "lang": "en", "profile_background_tile": false, "favourites_count": 1497, "name": "Miodrag Milanovic", "notifications": false, "url": null, "created_at": "Fri Jan 31 18:07:27 +0000 2014", "contributors_enabled": false, "time_zone": "Belgrade", "protected": false, "default_profile": false, "is_translator": false}, "geo": null, "in_reply_to_user_id_str": null, "possibly_sensitive": false, "lang": "en", "created_at": "Sat Feb 17 09:22:06 +0000 2018", "in_reply_to_status_id_str": null, "place": null, "metadata": {"iso_language_code": "en", "result_type": "recent"}}, "user": {"follow_request_sent": false, "has_extended_profile": false, "profile_use_background_image": false, "default_profile_image": false, "id": 128597261, "profile_background_image_url_https": "https://abs.twimg.com/images/themes/theme1/bg.png", "verified": false, "translator_type": "none", "profile_text_color": "000000", "profile_image_url_https": "https://pbs.twimg.com/profile_images/634908784758910976/eLm2n7we_normal.jpg", "profile_sidebar_fill_color": "000000", "entities": {"description": {"urls": []}}, "followers_count": 193, "profile_sidebar_border_color": "000000", "id_str": "128597261", "profile_background_color": "000000", "listed_count": 16, "is_translation_enabled": false, "utc_offset": 7200, "statuses_count": 1411, "description": "Engineer with a passion for technology on a mission to innovate 4 development.", "friends_count": 406, "location": "United States", "profile_link_color": "3B94D9", "profile_image_url": "http://pbs.twimg.com/profile_images/634908784758910976/eLm2n7we_normal.jpg", "following": false, "geo_enabled": false, "profile_banner_url": "https://pbs.twimg.com/profile_banners/128597261/1419609446", "profile_background_image_url": "http://abs.twimg.com/images/themes/theme1/bg.png", "screen_name": "AL4Dev", "lang": "en", "profile_background_tile": false, "favourites_count": 1652, "name": "Al4dev", "notifications": false, "url": null, "created_at": "Thu Apr 01 16:06:12 +0000 2010", "contributors_enabled": false, "time_zone": "Athens", "protected": false, "default_profile": false, "is_translator": false}, "geo": null, "in_reply_to_user_id_str": null, "lang": "en", "created_at": "Sun Feb 18 14:06:14 +0000 2018", "in_reply_to_status_id_str": null, "place": null, "metadata": {"iso_language_code": "en", "result_type": "recent"}}, {"contributors": null, "truncated": false, "text": "@micko_mame @Obijuan_cube @TinyFPGA @tindie Do you mean that UPDuino v2.0\u00a0is the same TINYFPGA B2, and is compatible with ICEstudio?", "is_quote_status": false, "in_reply_to_status_id": 965215132099006466, "id": 965221286480838657, "favorite_count": 0, "retweeted": false, "coordinates": null, "source": "<a href=\"http://twitter.com/download/android\" rel=\"nofollow\">Twitter for Android</a>", "in_reply_to_screen_name": "micko_mame", "in_reply_to_user_id": 2321177005, "retweet_count": 0, "id_str": "965221286480838657", "favorited": false, "user": {"follow_request_sent": false, "has_extended_profile": false, "profile_use_background_image": true, "default_profile_image": false, "id": 236500615, "profile_background_image_url_https": "https://abs.twimg.com/images/themes/theme9/bg.gif", "verified": false, "translator_type": "none", "profile_text_color": "666666", "profile_image_url_https": "https://pbs.twimg.com/profile_images/3685700822/76bfbab5610e1e62eaa29b1f737c4d0d_normal.png", "profile_sidebar_fill_color": "252429", "entities": {"url": {"urls": [{"url": "http://t.co/wWXSVNCmlN", "indices": [0, 22], "expanded_url": "http://lema.rae.es/drae/?val=bizarro", "display_url": "lema.rae.es/drae/?val=biza\u2026"}]}, "description": {"urls": []}}, "followers_count": 199, "profile_sidebar_border_color": "181A1E", "id_str": "236500615", "profile_background_color": "1A1B1F", "listed_count": 14, "is_translation_enabled": false, "utc_offset": -18000, "statuses_count": 14241, "description": "Caballero andante atrapado en esta era, donde los valores en los que se form\u00f3 no se aplican. En una cruzada sin fin: la causa educadora.", "friends_count": 323, "location": "Bogot\u00e1", "profile_link_color": "2FC2EF", "profile_image_url": "http://pbs.twimg.com/profile_images/3685700822/76bfbab5610e1e62eaa29b1f737c4d0d_normal.png", "following": false, "geo_enabled": true, "profile_banner_url": "https://pbs.twimg.com/profile_banners/236500615/1368983227", "profile_background_image_url": "http://abs.twimg.com/images/themes/theme9/bg.gif", "screen_name": "orwandil", "lang": "es", "profile_background_tile": false, "favourites_count": 2099, "name": "Orwandil: El Bizarro", "notifications": false, "url": "http://t.co/wWXSVNCmlN", "created_at": "Mon Jan 10 18:46:50 +0000 2011", "contributors_enabled": false, "time_zone": "America/Bogota", "protected": false, "default_profile": false, "is_translator": false}, "geo": null, "in_reply_to_user_id_str": "2321177005", "lang": "en", "created_at": "Sun Feb 18 13:47:42 +0000 2018", "in_reply_to_status_id_str": "965215132099006466", "place": null, "metadata": {"iso_language_code": "en", "result_type": "recent"}}, {"contributors": null, "truncated": true, "text": "@orwandil @Obijuan_cube @TinyFPGA TinyFPGA B2 can be bought at @tindie (note I am using so called computer project\u2026 https://t.co/GWf7gOlaCT", "is_quote_status": false, "in_reply_to_status_id": 965208818182447104, "id": 965215132099006466, "favorite_count": 2, "retweeted": false, "coordinates": null, "source": "<a href=\"http://twitter.com\" rel=\"nofollow\">Twitter Web Client</a>", "in_reply_to_screen_name": "orwandil", "in_reply_to_user_id": 236500615, "retweet_count": 0, "id_str": "965215132099006466", "favorited": false, "user": {"follow_request_sent": false, "has_extended_profile": true, "profile_use_background_image": false, "default_profile_image": false, "id": 2321177005, "profile_background_image_url_https": "https://abs.twimg.com/images/themes/theme1/bg.png", "verified": false, "translator_type": "none", "profile_text_color": "000000", "profile_image_url_https": "https://pbs.twimg.com/profile_images/802054622089199616/oO3P7kq6_normal.jpg", "profile_sidebar_fill_color": "000000", "entities": {"description": {"urls": []}}, "followers_count": 521, "profile_sidebar_border_color": "000000", "id_str": "2321177005", "profile_background_color": "000000", "listed_count": 13, "is_translation_enabled": false, "utc_offset": 3600, "statuses_count": 913, "description": "Software developer,MAME project developer and emulation enthusiast, interested in FPGA and hardware in general", "friends_count": 345, "location": "Novi Sad , Serbia", "profile_link_color": "3B94D9", "profile_image_url": "http://pbs.twimg.com/profile_images/802054622089199616/oO3P7kq6_normal.jpg", "following": false, "geo_enabled": false, "profile_banner_url": "https://pbs.twimg.com/profile_banners/2321177005/1421306770", "profile_background_image_url": "http://abs.twimg.com/images/themes/theme1/bg.png", "screen_name": "micko_mame", "lang": "en", "profile_background_tile": false, "favourites_count": 1497, "name": "Miodrag Milanovic", "notifications": false, "url": null, "created_at": "Fri Jan 31 18:07:27 +0000 2014", "contributors_enabled": false, "time_zone": "Belgrade", "protected": false, "default_profile": false, "is_translator": false}, "geo": null, "in_reply_to_user_id_str": "236500615", "possibly_sensitive": false, "lang": "en", "created_at": "Sun Feb 18 13:23:14 +0000 2018", "in_reply_to_status_id_str": "965208818182447104", "place": null, "metadata": {"iso_language_code": "en", "result_type": "recent"}}, {"contributors": null, "truncated": false, "text": "RT @micko_mame: Got micropython running on picorv32 core on upduino board.\nThis is just minimal version, but still it is run quite nice :)\u2026", "is_quote_status": false, "in_reply_to_status_id": null, "id": 965186586727006208, "favorite_count": 0, "retweeted": false, "coordinates": null, "source": "<a href=\"http://twitter.com/download/iphone\" rel=\"nofollow\">Twitter for iPhone</a>", "in_reply_to_screen_name": null, "in_reply_to_user_id": null, "retweet_count": 22, "id_str": "965186586727006208", "favorited": false, "retweeted_status": {"contributors": null, "truncated": true, "text": "Got micropython running on picorv32 core on upduino board.\nThis is just minimal version, but still it is run quite\u2026 https://t.co/yjCgAChmLi", "is_quote_status": false, "in_reply_to_status_id": null, "id": 964792057637298176, "favorite_count": 61, "retweeted": false, "coordinates": null, "source": "<a href=\"http://twitter.com\" rel=\"nofollow\">Twitter Web Client</a>", "in_reply_to_screen_name": null, "in_reply_to_user_id": null, "retweet_count": 22, "id_str": "964792057637298176", "favorited": false, "user": {"follow_request_sent": false, "has_extended_profile": true, "profile_use_background_image": false, "default_profile_image": false, "id": 2321177005, "profile_background_image_url_https": "https://abs.twimg.com/images/themes/theme1/bg.png", "verified": false, "translator_type": "none", "profile_text_color": "000000", "profile_image_url_https": "https://pbs.twimg.com/profile_images/802054622089199616/oO3P7kq6_normal.jpg", "profile_sidebar_fill_color": "000000", "entities": {"description": {"urls": []}}, "followers_count": 521, "profile_sidebar_border_color": "000000", "id_str": "2321177005", "profile_background_color": "000000", "listed_count": 13, "is_translation_enabled": false, "utc_offset": 3600, "statuses_count": 913, "description": "Software developer,MAME project developer and emulation enthusiast, interested in FPGA and hardware in general", "friends_count": 345, "location": "Novi Sad , Serbia", "profile_link_color": "3B94D9", "profile_image_url": "http://pbs.twimg.com/profile_images/802054622089199616/oO3P7kq6_normal.jpg", "following": false, "geo_enabled": false, "profile_banner_url": "https://pbs.twimg.com/profile_banners/2321177005/1421306770", "profile_background_image_url": "http://abs.twimg.com/images/themes/theme1/bg.png", "screen_name": "micko_mame", "lang": "en", "profile_background_tile": false, "favourites_count": 1497, "name": "Miodrag Milanovic", "notifications": false, "url": null, "created_at": "Fri Jan 31 18:07:27 +0000 2014", "contributors_enabled": false, "time_zone": "Belgrade", "protected": false, "default_profile": false, "is_translator": false}, "geo": null, "in_reply_to_user_id_str": null, "possibly_sensitive": false, "lang": "en", "created_at": "Sat Feb 17 09:22:06 +0000 2018", "in_reply_to_status_id_str": null, "place": null, "metadata": {"iso_language_code": "en", "result_type": "recent"}}, "user": {"follow_request_sent": false, "has_extended_profile": false, "profile_use_background_image": true, "default_profile_image": false, "id": 402404438, "profile_background_image_url_https": "https://abs.twimg.com/images/themes/theme1/bg.png", "verified": false, "translator_type": "none", "profile_text_color": "333333", "profile_image_url_https": "https://pbs.twimg.com/profile_images/534943658940694528/TZnhVURF_normal.jpeg", "profile_sidebar_fill_color": "DDEEF6", "entities": {"description": {"urls": []}}, "followers_count": 67, "profile_sidebar_border_color": "C0DEED", "id_str": "402404438", "profile_background_color": "C0DEED", "listed_count": 0, "is_translation_enabled": false, "utc_offset": 39600, "statuses_count": 385, "description": "Engineer, Dad, Surfer.", "friends_count": 140, "location": "Lennox Head, New South Wales", "profile_link_color": "1DA1F2", "profile_image_url": "http://pbs.twimg.com/profile_images/534943658940694528/TZnhVURF_normal.jpeg", "following": false, "geo_enabled": false, "profile_banner_url": "https://pbs.twimg.com/profile_banners/402404438/1444641920", "profile_background_image_url": "http://abs.twimg.com/images/themes/theme1/bg.png", "screen_name": "luked80", "lang": "en", "profile_background_tile": false, "favourites_count": 229, "name": "Luke Darnell", "notifications": false, "url": null, "created_at": "Tue Nov 01 01:00:07 +0000 2011", "contributors_enabled": false, "time_zone": "Sydney", "protected": false, "default_profile": true, "is_translator": false}, "geo": null, "in_reply_to_user_id_str": null, "lang": "en", "created_at": "Sun Feb 18 11:29:49 +0000 2018", "in_reply_to_status_id_str": null, "place": null, "metadata": {"iso_language_code": "en", "result_type": "recent"}}, {"contributors": null, "truncated": false, "text": "RT @micko_mame: Got micropython running on picorv32 core on upduino board.\nThis is just minimal version, but still it is run quite nice :)\u2026", "is_quote_status": false, "in_reply_to_status_id": null, "id": 965164227186094080, "favorite_count": 0, "retweeted": false, "coordinates": null, "source": "<a href=\"http://twitter.com/download/android\" rel=\"nofollow\">Twitter for Android</a>", "in_reply_to_screen_name": null, "in_reply_to_user_id": null, "retweet_count": 22, "id_str": "965164227186094080", "favorited": false, "retweeted_status": {"contributors": null, "truncated": true, "text": "Got micropython running on picorv32 core on upduino board.\nThis is just minimal version, but still it is run quite\u2026 https://t.co/yjCgAChmLi", "is_quote_status": false, "in_reply_to_status_id": null, "id": 964792057637298176, "favorite_count": 61, "retweeted": false, "coordinates": null, "source": "<a href=\"http://twitter.com\" rel=\"nofollow\">Twitter Web Client</a>", "in_reply_to_screen_name": null, "in_reply_to_user_id": null, "retweet_count": 22, "id_str": "964792057637298176", "favorited": false, "user": {"follow_request_sent": false, "has_extended_profile": true, "profile_use_background_image": false, "default_profile_image": false, "id": 2321177005, "profile_background_image_url_https": "https://abs.twimg.com/images/themes/theme1/bg.png", "verified": false, "translator_type": "none", "profile_text_color": "000000", "profile_image_url_https": "https://pbs.twimg.com/profile_images/802054622089199616/oO3P7kq6_normal.jpg", "profile_sidebar_fill_color": "000000", "entities": {"description": {"urls": []}}, "followers_count": 521, "profile_sidebar_border_color": "000000", "id_str": "2321177005", "profile_background_color": "000000", "listed_count": 13, "is_translation_enabled": false, "utc_offset": 3600, "statuses_count": 913, "description": "Software developer,MAME project developer and emulation enthusiast, interested in FPGA and hardware in general", "friends_count": 345, "location": "Novi Sad , Serbia", "profile_link_color": "3B94D9", "profile_image_url": "http://pbs.twimg.com/profile_images/802054622089199616/oO3P7kq6_normal.jpg", "following": false, "geo_enabled": false, "profile_banner_url": "https://pbs.twimg.com/profile_banners/2321177005/1421306770", "profile_background_image_url": "http://abs.twimg.com/images/themes/theme1/bg.png", "screen_name": "micko_mame", "lang": "en", "profile_background_tile": false, "favourites_count": 1497, "name": "Miodrag Milanovic", "notifications": false, "url": null, "created_at": "Fri Jan 31 18:07:27 +0000 2014", "contributors_enabled": false, "time_zone": "Belgrade", "protected": false, "default_profile": false, "is_translator": false}, "geo": null, "in_reply_to_user_id_str": null, "possibly_sensitive": false, "lang": "en", "created_at": "Sat Feb 17 09:22:06 +0000 2018", "in_reply_to_status_id_str": null, "place": null, "metadata": {"iso_language_code": "en", "result_type": "recent"}}, "user": {"follow_request_sent": false, "has_extended_profile": false, "profile_use_background_image": true, "default_profile_image": false, "id": 2918350304, "profile_background_image_url_https": "https://pbs.twimg.com/profile_background_images/541170566854500352/KcjnxSbx.jpeg", "verified": false, "translator_type": "none", "profile_text_color": "000000", "profile_image_url_https": "https://pbs.twimg.com/profile_images/540421100836892672/vPn1tR8j_normal.jpeg", "profile_sidebar_fill_color": "000000", "entities": {"url": {"urls": [{"url": "http://t.co/oZhMGHdUS3", "indices": [0, 22], "expanded_url": "http://kongduino.wordpress.com/", "display_url": "kongduino.wordpress.com"}]}, "description": {"urls": []}}, "followers_count": 100, "profile_sidebar_border_color": "000000", "id_str": "2918350304", "profile_background_color": "000000", "listed_count": 6, "is_translation_enabled": false, "utc_offset": 28800, "statuses_count": 939, "description": "Arduino, ESP, Maple and the likes. All the way from Hong Kong & Shenzhen.", "friends_count": 221, "location": "HONG KONG & SHENZHEN", "profile_link_color": "FFCC4D", "profile_image_url": "http://pbs.twimg.com/profile_images/540421100836892672/vPn1tR8j_normal.jpeg", "following": false, "geo_enabled": false, "profile_background_image_url": "http://pbs.twimg.com/profile_background_images/541170566854500352/KcjnxSbx.jpeg", "screen_name": "Kongduino", "lang": "en", "profile_background_tile": false, "favourites_count": 1493, "name": "Kongduino", "notifications": false, "url": "http://t.co/oZhMGHdUS3", "created_at": "Thu Dec 04 08:20:47 +0000 2014", "contributors_enabled": false, "time_zone": "Hong Kong", "protected": false, "default_profile": false, "is_translator": false}, "geo": null, "in_reply_to_user_id_str": null, "lang": "en", "created_at": "Sun Feb 18 10:00:58 +0000 2018", "in_reply_to_status_id_str": null, "place": null, "metadata": {"iso_language_code": "en", "result_type": "recent"}}, {"contributors": null, "truncated": false, "text": "RT @micko_mame: Got micropython running on picorv32 core on upduino board.\nThis is just minimal version, but still it is run quite nice :)\u2026", "is_quote_status": false, "in_reply_to_status_id": null, "id": 965117108404158465, "favorite_count": 0, "retweeted": false, "coordinates": null, "source": "<a href=\"http://twitter.com/download/android\" rel=\"nofollow\">Twitter for Android</a>", "in_reply_to_screen_name": null, "in_reply_to_user_id": null, "retweet_count": 22, "id_str": "965117108404158465", "favorited": false, "retweeted_status": {"contributors": null, "truncated": true, "text": "Got micropython running on picorv32 core on upduino board.\nThis is just minimal version, but still it is run quite\u2026 https://t.co/yjCgAChmLi", "is_quote_status": false, "in_reply_to_status_id": null, "id": 964792057637298176, "favorite_count": 61, "retweeted": false, "coordinates": null, "source": "<a href=\"http://twitter.com\" rel=\"nofollow\">Twitter Web Client</a>", "in_reply_to_screen_name": null, "in_reply_to_user_id": null, "retweet_count": 22, "id_str": "964792057637298176", "favorited": false, "user": {"follow_request_sent": false, "has_extended_profile": true, "profile_use_background_image": false, "default_profile_image": false, "id": 2321177005, "profile_background_image_url_https": "https://abs.twimg.com/images/themes/theme1/bg.png", "verified": false, "translator_type": "none", "profile_text_color": "000000", "profile_image_url_https": "https://pbs.twimg.com/profile_images/802054622089199616/oO3P7kq6_normal.jpg", "profile_sidebar_fill_color": "000000", "entities": {"description": {"urls": []}}, "followers_count": 521, "profile_sidebar_border_color": "000000", "id_str": "2321177005", "profile_background_color": "000000", "listed_count": 13, "is_translation_enabled": false, "utc_offset": 3600, "statuses_count": 913, "description": "Software developer,MAME project developer and emulation enthusiast, interested in FPGA and hardware in general", "friends_count": 345, "location": "Novi Sad , Serbia", "profile_link_color": "3B94D9", "profile_image_url": "http://pbs.twimg.com/profile_images/802054622089199616/oO3P7kq6_normal.jpg", "following": false, "geo_enabled": false, "profile_banner_url": "https://pbs.twimg.com/profile_banners/2321177005/1421306770", "profile_background_image_url": "http://abs.twimg.com/images/themes/theme1/bg.png", "screen_name": "micko_mame", "lang": "en", "profile_background_tile": false, "favourites_count": 1497, "name": "Miodrag Milanovic", "notifications": false, "url": null, "created_at": "Fri Jan 31 18:07:27 +0000 2014", "contributors_enabled": false, "time_zone": "Belgrade", "protected": false, "default_profile": false, "is_translator": false}, "geo": null, "in_reply_to_user_id_str": null, "possibly_sensitive": false, "lang": "en", "created_at": "Sat Feb 17 09:22:06 +0000 2018", "in_reply_to_status_id_str": null, "place": null, "metadata": {"iso_language_code": "en", "result_type": "recent"}}, "user": {"follow_request_sent": false, "has_extended_profile": true, "profile_use_background_image": true, "default_profile_image": false, "id": 2359274827, "profile_background_image_url_https": "https://abs.twimg.com/images/themes/theme14/bg.gif", "verified": false, "translator_type": "none", "profile_text_color": "000000", "profile_image_url_https": "https://pbs.twimg.com/profile_images/642069220671393792/sY17KHsq_normal.jpg", "profile_sidebar_fill_color": "000000", "entities": {"description": {"urls": []}}, "followers_count": 202, "profile_sidebar_border_color": "000000", "id_str": "2359274827", "profile_background_color": "131517", "listed_count": 28, "is_translation_enabled": false, "utc_offset": 19800, "statuses_count": 4833, "description": "fighter+engineer+writer+lover+workoholic+crazy+maker=ME", "friends_count": 890, "location": "Pune, Maharashtra", "profile_link_color": "ABB8C2", "profile_image_url": "http://pbs.twimg.com/profile_images/642069220671393792/sY17KHsq_normal.jpg", "following": false, "geo_enabled": false, "profile_banner_url": "https://pbs.twimg.com/profile_banners/2359274827/1456314993", "profile_background_image_url": "http://abs.twimg.com/images/themes/theme14/bg.gif", "screen_name": "sanjaydubeydutt", "lang": "en", "profile_background_tile": true, "favourites_count": 3479, "name": "sanjay dubey", "notifications": false, "url": null, "created_at": "Mon Feb 24 10:02:55 +0000 2014", "contributors_enabled": false, "time_zone": "New Delhi", "protected": false, "default_profile": false, "is_translator": false}, "geo": null, "in_reply_to_user_id_str": null, "lang": "en", "created_at": "Sun Feb 18 06:53:44 +0000 2018", "in_reply_to_status_id_str": null, "place": null, "metadata": {"iso_language_code": "en", "result_type": "recent"}}, {"contributors": null, "truncated": false, "text": "RT @micko_mame: Got micropython running on picorv32 core on upduino board.\nThis is just minimal version, but still it is run quite nice :)\u2026", "is_quote_status": false, "in_reply_to_status_id": null, "id": 965104846641577985, "favorite_count": 0, "retweeted": false, "coordinates": null, "source": "<a href=\"http://www.twitter.com\" rel=\"nofollow\">Twitter for Windows</a>", "in_reply_to_screen_name": null, "in_reply_to_user_id": null, "retweet_count": 22, "id_str": "965104846641577985", "favorited": false, "retweeted_status": {"contributors": null, "truncated": true, "text": "Got micropython running on picorv32 core on upduino board.\nThis is just minimal version, but still it is run quite\u2026 https://t.co/yjCgAChmLi", "is_quote_status": false, "in_reply_to_status_id": null, "id": 964792057637298176, "favorite_count": 61, "retweeted": false, "coordinates": null, "source": "<a href=\"http://twitter.com\" rel=\"nofollow\">Twitter Web Client</a>", "in_reply_to_screen_name": null, "in_reply_to_user_id": null, "retweet_count": 22, "id_str": "964792057637298176", "favorited": false, "user": {"follow_request_sent": false, "has_extended_profile": true, "profile_use_background_image": false, "default_profile_image": false, "id": 2321177005, "profile_background_image_url_https": "https://abs.twimg.com/images/themes/theme1/bg.png", "verified": false, "translator_type": "none", "profile_text_color": "000000", "profile_image_url_https": "https://pbs.twimg.com/profile_images/802054622089199616/oO3P7kq6_normal.jpg", "profile_sidebar_fill_color": "000000", "entities": {"description": {"urls": []}}, "followers_count": 521, "profile_sidebar_border_color": "000000", "id_str": "2321177005", "profile_background_color": "000000", "listed_count": 13, "is_translation_enabled": false, "utc_offset": 3600, "statuses_count": 913, "description": "Software developer,MAME project developer and emulation enthusiast, interested in FPGA and hardware in general", "friends_count": 345, "location": "Novi Sad , Serbia", "profile_link_color": "3B94D9", "profile_image_url": "http://pbs.twimg.com/profile_images/802054622089199616/oO3P7kq6_normal.jpg", "following": false, "geo_enabled": false, "profile_banner_url": "https://pbs.twimg.com/profile_banners/2321177005/1421306770", "profile_background_image_url": "http://abs.twimg.com/images/themes/theme1/bg.png", "screen_name": "micko_mame", "lang": "en", "profile_background_tile": false, "favourites_count": 1497, "name": "Miodrag Milanovic", "notifications": false, "url": null, "created_at": "Fri Jan 31 18:07:27 +0000 2014", "contributors_enabled": false, "time_zone": "Belgrade", "protected": false, "default_profile": false, "is_translator": false}, "geo": null, "in_reply_to_user_id_str": null, "possibly_sensitive": false, "lang": "en", "created_at": "Sat Feb 17 09:22:06 +0000 2018", "in_reply_to_status_id_str": null, "place": null, "metadata": {"iso_language_code": "en", "result_type": "recent"}}, "user": {"follow_request_sent": false, "has_extended_profile": true, "profile_use_background_image": true, "default_profile_image": false, "id": 36310188, "profile_background_image_url_https": "https://abs.twimg.com/images/themes/theme5/bg.gif", "verified": false, "translator_type": "none", "profile_text_color": "3E4415", "profile_image_url_https": "https://pbs.twimg.com/profile_images/806796493982081024/nJuHxO8i_normal.jpg", "profile_sidebar_fill_color": "99CC33", "entities": {"url": {"urls": [{"url": "https://t.co/HXViHily7u", "indices": [0, 23], "expanded_url": "https://github.com/scshepard", "display_url": "github.com/scshepard"}]}, "description": {"urls": []}}, "followers_count": 709, "profile_sidebar_border_color": "829D5E", "id_str": "36310188", "profile_background_color": "352726", "listed_count": 200, "is_translation_enabled": false, "utc_offset": -28800, "statuses_count": 15026, "description": "", "friends_count": 1686, "location": "Yuba City, CA, U.S.A.", "profile_link_color": "D02B55", "profile_image_url": "http://pbs.twimg.com/profile_images/806796493982081024/nJuHxO8i_normal.jpg", "following": false, "geo_enabled": true, "profile_background_image_url": "http://abs.twimg.com/images/themes/theme5/bg.gif", "screen_name": "scshepard", "lang": "en", "profile_background_tile": false, "favourites_count": 1668, "name": "steven c shepard", "notifications": false, "url": "https://t.co/HXViHily7u", "created_at": "Wed Apr 29 07:17:48 +0000 2009", "contributors_enabled": false, "time_zone": "Pacific Time (US & Canada)", "protected": false, "default_profile": false, "is_translator": false}, "geo": null, "in_reply_to_user_id_str": null, "lang": "en", "created_at": "Sun Feb 18 06:05:00 +0000 2018", "in_reply_to_status_id_str": null, "place": null, "metadata": {"iso_language_code": "en", "result_type": "recent"}}, {"contributors": null, "truncated": false, "text": "RT @micko_mame: Got micropython running on picorv32 core on upduino board.\nThis is just minimal version, but still it is run quite nice :)\u2026", "is_quote_status": false, "in_reply_to_status_id": null, "id": 965098719833096192, "favorite_count": 0, "retweeted": false, "coordinates": null, "source": "<a href=\"http://twitter.com/#!/download/ipad\" rel=\"nofollow\">Twitter for iPad</a>", "in_reply_to_screen_name": null, "in_reply_to_user_id": null, "retweet_count": 22, "id_str": "965098719833096192", "favorited": false, "retweeted_status": {"contributors": null, "truncated": true, "text": "Got micropython running on picorv32 core on upduino board.\nThis is just minimal version, but still it is run quite\u2026 https://t.co/yjCgAChmLi", "is_quote_status": false, "in_reply_to_status_id": null, "id": 964792057637298176, "favorite_count": 61, "retweeted": false, "coordinates": null, "source": "<a href=\"http://twitter.com\" rel=\"nofollow\">Twitter Web Client</a>", "in_reply_to_screen_name": null, "in_reply_to_user_id": null, "retweet_count": 22, "id_str": "964792057637298176", "favorited": false, "user": {"follow_request_sent": false, "has_extended_profile": true, "profile_use_background_image": false, "default_profile_image": false, "id": 2321177005, "profile_background_image_url_https": "https://abs.twimg.com/images/themes/theme1/bg.png", "verified": false, "translator_type": "none", "profile_text_color": "000000", "profile_image_url_https": "https://pbs.twimg.com/profile_images/802054622089199616/oO3P7kq6_normal.jpg", "profile_sidebar_fill_color": "000000", "entities": {"description": {"urls": []}}, "followers_count": 521, "profile_sidebar_border_color": "000000", "id_str": "2321177005", "profile_background_color": "000000", "listed_count": 13, "is_translation_enabled": false, "utc_offset": 3600, "statuses_count": 913, "description": "Software developer,MAME project developer and emulation enthusiast, interested in FPGA and hardware in general", "friends_count": 345, "location": "Novi Sad , Serbia", "profile_link_color": "3B94D9", "profile_image_url": "http://pbs.twimg.com/profile_images/802054622089199616/oO3P7kq6_normal.jpg", "following": false, "geo_enabled": false, "profile_banner_url": "https://pbs.twimg.com/profile_banners/2321177005/1421306770", "profile_background_image_url": "http://abs.twimg.com/images/themes/theme1/bg.png", "screen_name": "micko_mame", "lang": "en", "profile_background_tile": false, "favourites_count": 1497, "name": "Miodrag Milanovic", "notifications": false, "url": null, "created_at": "Fri Jan 31 18:07:27 +0000 2014", "contributors_enabled": false, "time_zone": "Belgrade", "protected": false, "default_profile": false, "is_translator": false}, "geo": null, "in_reply_to_user_id_str": null, "possibly_sensitive": false, "lang": "en", "created_at": "Sat Feb 17 09:22:06 +0000 2018", "in_reply_to_status_id_str": null, "place": null, "metadata": {"iso_language_code": "en", "result_type": "recent"}}, "user": {"follow_request_sent": false, "has_extended_profile": false, "profile_use_background_image": true, "default_profile_image": false, "id": 20731304, "profile_background_image_url_https": "https://pbs.twimg.com/profile_background_images/549550498072625152/rAWkSOs4.png", "verified": true, "translator_type": "none", "profile_text_color": "333333", "profile_image_url_https": "https://pbs.twimg.com/profile_images/459501419813302272/SCEy7D19_normal.png", "profile_sidebar_fill_color": "EFEFEF", "entities": {"url": {"urls": [{"url": "http://t.co/SZx5AMX0gq", "indices": [0, 22], "expanded_url": "http://www.adafruit.com/about/", "display_url": "adafruit.com/about/"}]}, "description": {"urls": []}}, "followers_count": 142836, "profile_sidebar_border_color": "FFFFFF", "id_str": "20731304", "profile_background_color": "131516", "listed_count": 4366, "is_translation_enabled": false, "utc_offset": -18000, "statuses_count": 83282, "description": "Limor Ladyada Fried - Teaching, sharing, engineering, DIY electronic kits, open source hardware, arduino, raspberry pi, art, hacking...", "friends_count": 590, "location": "New York, NY - USA", "profile_link_color": "009999", "profile_image_url": "http://pbs.twimg.com/profile_images/459501419813302272/SCEy7D19_normal.png", "following": false, "geo_enabled": true, "profile_banner_url": "https://pbs.twimg.com/profile_banners/20731304/1519056785", "profile_background_image_url": "http://pbs.twimg.com/profile_background_images/549550498072625152/rAWkSOs4.png", "screen_name": "adafruit", "lang": "en", "profile_background_tile": true, "favourites_count": 1158, "name": "adafruit industries", "notifications": false, "url": "http://t.co/SZx5AMX0gq", "created_at": "Thu Feb 12 23:26:36 +0000 2009", "contributors_enabled": false, "time_zone": "Eastern Time (US & Canada)", "protected": false, "default_profile": false, "is_translator": false}, "geo": null, "in_reply_to_user_id_str": null, "lang": "en", "created_at": "Sun Feb 18 05:40:40 +0000 2018", "in_reply_to_status_id_str": null, "place": null, "metadata": {"iso_language_code": "en", "result_type": "recent"}}, {"contributors": null, "truncated": false, "text": "RT @micko_mame: Got micropython running on picorv32 core on upduino board.\nThis is just minimal version, but still it is run quite nice :)\u2026", "is_quote_status": false, "in_reply_to_status_id": null, "id": 965096084249788418, "favorite_count": 0, "retweeted": false, "coordinates": null, "source": "<a href=\"http://twitter.com\" rel=\"nofollow\">Twitter Web Client</a>", "in_reply_to_screen_name": null, "in_reply_to_user_id": null, "retweet_count": 22, "id_str": "965096084249788418", "favorited": false, "retweeted_status": {"contributors": null, "truncated": true, "text": "Got micropython running on picorv32 core on upduino board.\nThis is just minimal version, but still it is run quite\u2026 https://t.co/yjCgAChmLi", "is_quote_status": false, "in_reply_to_status_id": null, "id": 964792057637298176, "favorite_count": 61, "retweeted": false, "coordinates": null, "source": "<a href=\"http://twitter.com\" rel=\"nofollow\">Twitter Web Client</a>", "in_reply_to_screen_name": null, "in_reply_to_user_id": null, "retweet_count": 22, "id_str": "964792057637298176", "favorited": false, "user": {"follow_request_sent": false, "has_extended_profile": true, "profile_use_background_image": false, "default_profile_image": false, "id": 2321177005, "profile_background_image_url_https": "https://abs.twimg.com/images/themes/theme1/bg.png", "verified": false, "translator_type": "none", "profile_text_color": "000000", "profile_image_url_https": "https://pbs.twimg.com/profile_images/802054622089199616/oO3P7kq6_normal.jpg", "profile_sidebar_fill_color": "000000", "entities": {"description": {"urls": []}}, "followers_count": 521, "profile_sidebar_border_color": "000000", "id_str": "2321177005", "profile_background_color": "000000", "listed_count": 13, "is_translation_enabled": false, "utc_offset": 3600, "statuses_count": 913, "description": "Software developer,MAME project developer and emulation enthusiast, interested in FPGA and hardware in general", "friends_count": 345, "location": "Novi Sad , Serbia", "profile_link_color": "3B94D9", "profile_image_url": "http://pbs.twimg.com/profile_images/802054622089199616/oO3P7kq6_normal.jpg", "following": false, "geo_enabled": false, "profile_banner_url": "https://pbs.twimg.com/profile_banners/2321177005/1421306770", "profile_background_image_url": "http://abs.twimg.com/images/themes/theme1/bg.png", "screen_name": "micko_mame", "lang": "en", "profile_background_tile": false, "favourites_count": 1497, "name": "Miodrag Milanovic", "notifications": false, "url": null, "created_at": "Fri Jan 31 18:07:27 +0000 2014", "contributors_enabled": false, "time_zone": "Belgrade", "protected": false, "default_profile": false, "is_translator": false}, "geo": null, "in_reply_to_user_id_str": null, "possibly_sensitive": false, "lang": "en", "created_at": "Sat Feb 17 09:22:06 +0000 2018", "in_reply_to_status_id_str": null, "place": null, "metadata": {"iso_language_code": "en", "result_type": "recent"}}, "user": {"follow_request_sent": false, "has_extended_profile": false, "profile_use_background_image": true, "default_profile_image": false, "id": 469174063, "profile_background_image_url_https": "https://abs.twimg.com/images/themes/theme1/bg.png", "verified": false, "translator_type": "none", "profile_text_color": "333333", "profile_image_url_https": "https://pbs.twimg.com/profile_images/378800000718725377/318d5815c80448e56687e59e54370f6c_normal.jpeg", "profile_sidebar_fill_color": "DDEEF6", "entities": {"url": {"urls": [{"url": "http://t.co/SZ2zIi0WZN", "indices": [0, 22], "expanded_url": "http://hamsterworks.co.nz", "display_url": "hamsterworks.co.nz"}]}, "description": {"urls": []}}, "followers_count": 860, "profile_sidebar_border_color": "C0DEED", "id_str": "469174063", "profile_background_color": "C0DEED", "listed_count": 47, "is_translation_enabled": false, "utc_offset": null, "statuses_count": 2715, "description": "I occasionally do FPGA stuff...", "friends_count": 795, "location": "Christchurch, NZ", "profile_link_color": "1DA1F2", "profile_image_url": "http://pbs.twimg.com/profile_images/378800000718725377/318d5815c80448e56687e59e54370f6c_normal.jpeg", "following": false, "geo_enabled": false, "profile_banner_url": "https://pbs.twimg.com/profile_banners/469174063/1384048774", "profile_background_image_url": "http://abs.twimg.com/images/themes/theme1/bg.png", "screen_name": "field_hamster", "lang": "en", "profile_background_tile": false, "favourites_count": 6442, "name": "Michael Field", "notifications": false, "url": "http://t.co/SZ2zIi0WZN", "created_at": "Fri Jan 20 09:41:08 +0000 2012", "contributors_enabled": false, "time_zone": null, "protected": false, "default_profile": true, "is_translator": false}, "geo": null, "in_reply_to_user_id_str": null, "lang": "en", "created_at": "Sun Feb 18 05:30:11 +0000 2018", "in_reply_to_status_id_str": null, "place": null, "metadata": {"iso_language_code": "en", "result_type": "recent"}}, {"contributors": null, "truncated": false, "text": "RT @micko_mame: Got micropython running on picorv32 core on upduino board.\nThis is just minimal version, but still it is run quite nice :)\u2026", "is_quote_status": false, "in_reply_to_status_id": null, "id": 964988975583698945, "favorite_count": 0, "retweeted": false, "coordinates": null, "source": "<a href=\"http://twitter.com/download/android\" rel=\"nofollow\">Twitter for Android</a>", "in_reply_to_screen_name": null, "in_reply_to_user_id": null, "retweet_count": 22, "id_str": "964988975583698945", "favorited": false, "retweeted_status": {"contributors": null, "truncated": true, "text": "Got micropython running on picorv32 core on upduino board.\nThis is just minimal version, but still it is run quite\u2026 https://t.co/yjCgAChmLi", "is_quote_status": false, "in_reply_to_status_id": null, "id": 964792057637298176, "favorite_count": 61, "retweeted": false, "coordinates": null, "source": "<a href=\"http://twitter.com\" rel=\"nofollow\">Twitter Web Client</a>", "in_reply_to_screen_name": null, "in_reply_to_user_id": null, "retweet_count": 22, "id_str": "964792057637298176", "favorited": false, "user": {"follow_request_sent": false, "has_extended_profile": true, "profile_use_background_image": false, "default_profile_image": false, "id": 2321177005, "profile_background_image_url_https": "https://abs.twimg.com/images/themes/theme1/bg.png", "verified": false, "translator_type": "none", "profile_text_color": "000000", "profile_image_url_https": "https://pbs.twimg.com/profile_images/802054622089199616/oO3P7kq6_normal.jpg", "profile_sidebar_fill_color": "000000", "entities": {"description": {"urls": []}}, "followers_count": 521, "profile_sidebar_border_color": "000000", "id_str": "2321177005", "profile_background_color": "000000", "listed_count": 13, "is_translation_enabled": false, "utc_offset": 3600, "statuses_count": 913, "description": "Software developer,MAME project developer and emulation enthusiast, interested in FPGA and hardware in general", "friends_count": 345, "location": "Novi Sad , Serbia", "profile_link_color": "3B94D9", "profile_image_url": "http://pbs.twimg.com/profile_images/802054622089199616/oO3P7kq6_normal.jpg", "following": false, "geo_enabled": false, "profile_banner_url": "https://pbs.twimg.com/profile_banners/2321177005/1421306770", "profile_background_image_url": "http://abs.twimg.com/images/themes/theme1/bg.png", "screen_name": "micko_mame", "lang": "en", "profile_background_tile": false, "favourites_count": 1497, "name": "Miodrag Milanovic", "notifications": false, "url": null, "created_at": "Fri Jan 31 18:07:27 +0000 2014", "contributors_enabled": false, "time_zone": "Belgrade", "protected": false, "default_profile": false, "is_translator": false}, "geo": null, "in_reply_to_user_id_str": null, "possibly_sensitive": false, "lang": "en", "created_at": "Sat Feb 17 09:22:06 +0000 2018", "in_reply_to_status_id_str": null, "place": null, "metadata": {"iso_language_code": "en", "result_type": "recent"}}, "user": {"follow_request_sent": false, "has_extended_profile": true, "profile_use_background_image": true, "default_profile_image": false, "id": 44628933, "profile_background_image_url_https": "https://abs.twimg.com/images/themes/theme1/bg.png", "verified": false, "translator_type": "none", "profile_text_color": "333333", "profile_image_url_https": "https://pbs.twimg.com/profile_images/931742368864264193/nTpVVBMV_normal.jpg", "profile_sidebar_fill_color": "DDEEF6", "entities": {"url": {"urls": [{"url": "https://t.co/cddpuzHb3Q", "indices": [0, 23], "expanded_url": "http://abhishekntu.github.io/", "display_url": "abhishekntu.github.io"}]}, "description": {"urls": []}}, "followers_count": 187, "profile_sidebar_border_color": "C0DEED", "id_str": "44628933", "profile_background_color": "C0DEED", "listed_count": 16, "is_translation_enabled": false, "utc_offset": null, "statuses_count": 908, "description": "Postdoctoral Research Staff Member, Lawrence Livermore National Lab", "friends_count": 328, "location": "Livermore, CA", "profile_link_color": "1DA1F2", "profile_image_url": "http://pbs.twimg.com/profile_images/931742368864264193/nTpVVBMV_normal.jpg", "following": false, "geo_enabled": true, "profile_background_image_url": "http://abs.twimg.com/images/themes/theme1/bg.png", "screen_name": "jainabhishek123", "lang": "en", "profile_background_tile": false, "favourites_count": 2044, "name": "Abhishek Jain", "notifications": false, "url": "https://t.co/cddpuzHb3Q", "created_at": "Thu Jun 04 14:36:37 +0000 2009", "contributors_enabled": false, "time_zone": null, "protected": false, "default_profile": true, "is_translator": false}, "geo": null, "in_reply_to_user_id_str": null, "lang": "en", "created_at": "Sat Feb 17 22:24:35 +0000 2018", "in_reply_to_status_id_str": null, "place": null, "metadata": {"iso_language_code": "en", "result_type": "recent"}}]}