{"search_metadata": {"count": 100, "completed_in": 0.056, "max_id_str": "968492183761268737", "since_id_str": "0", "refresh_url": "?since_id=968492183761268737&q=icoBoard", "since_id": 0, "query": "icoBoard", "max_id": 968492183761268737}, "statuses": [{"contributors": null, "truncated": false, "text": "IcoBoard https://t.co/QMHFBa4fWN", "is_quote_status": false, "in_reply_to_status_id": null, "id": 968492183761268737, "favorite_count": 0, "retweeted": false, "coordinates": null, "source": "<a href=\"http://publicize.wp.com/\" rel=\"nofollow\">WordPress.com</a>", "in_reply_to_screen_name": null, "in_reply_to_user_id": null, "retweet_count": 0, "id_str": "968492183761268737", "favorited": false, "user": {"follow_request_sent": false, "has_extended_profile": false, "profile_use_background_image": true, "default_profile_image": false, "id": 234495687, "profile_background_image_url_https": "https://abs.twimg.com/images/themes/theme17/bg.gif", "verified": false, "translator_type": "none", "profile_text_color": "333333", "profile_image_url_https": "https://pbs.twimg.com/profile_images/3110897390/7f0bc9a1c13d28a7c20233d4a9b4dfae_normal.jpeg", "profile_sidebar_fill_color": "E6F6F9", "entities": {"url": {"urls": [{"url": "http://t.co/Y5FFUXfAcu", "indices": [0, 22], "expanded_url": "http://kimmcel.com", "display_url": "kimmcel.com"}]}, "description": {"urls": []}}, "followers_count": 299, "profile_sidebar_border_color": "DBE9ED", "id_str": "234495687", "profile_background_color": "DBE9ED", "listed_count": 14, "is_translation_enabled": false, "utc_offset": -28800, "statuses_count": 156524, "description": "Professional Hospitality Consultant by day and a Fun loving, music driven, adrenaline junky by night.  Disco naps and live shows are my simple necessities.", "friends_count": 151, "location": "LAS VEGAS", "profile_link_color": "CC3366", "profile_image_url": "http://pbs.twimg.com/profile_images/3110897390/7f0bc9a1c13d28a7c20233d4a9b4dfae_normal.jpeg", "following": false, "geo_enabled": false, "profile_banner_url": "https://pbs.twimg.com/profile_banners/234495687/1403486381", "profile_background_image_url": "http://abs.twimg.com/images/themes/theme17/bg.gif", "screen_name": "1234goplay", "lang": "en", "profile_background_tile": false, "favourites_count": 16, "name": "Kimmcel Keno", "notifications": false, "url": "http://t.co/Y5FFUXfAcu", "created_at": "Wed Jan 05 20:13:23 +0000 2011", "contributors_enabled": false, "time_zone": "Pacific Time (US & Canada)", "protected": false, "default_profile": false, "is_translator": false}, "geo": null, "in_reply_to_user_id_str": null, "possibly_sensitive": false, "lang": "en", "created_at": "Tue Feb 27 14:25:04 +0000 2018", "in_reply_to_status_id_str": null, "place": null, "metadata": {"iso_language_code": "en", "result_type": "recent"}}, {"contributors": null, "truncated": false, "text": "Sorry, I should be more precise; I'm referring specifically to the icoBoard Gamma board with 1MB of RAM.", "is_quote_status": false, "in_reply_to_status_id": 968373142250053633, "id": 968373280213274624, "favorite_count": 1, "retweeted": false, "coordinates": null, "source": "<a href=\"http://twitter.com\" rel=\"nofollow\">Twitter Web Client</a>", "in_reply_to_screen_name": "SamuelAFalvoII", "in_reply_to_user_id": 1668692647, "retweet_count": 0, "id_str": "968373280213274624", "favorited": false, "user": {"follow_request_sent": false, "has_extended_profile": false, "profile_use_background_image": false, "default_profile_image": false, "id": 1668692647, "profile_background_image_url_https": "https://abs.twimg.com/images/themes/theme1/bg.png", "verified": false, "translator_type": "none", "profile_text_color": "333333", "profile_image_url_https": "https://pbs.twimg.com/profile_images/821042062015361025/elR_qMt7_normal.jpg", "profile_sidebar_fill_color": "DDEEF6", "entities": {"url": {"urls": [{"url": "https://t.co/cMNmiEFeED", "indices": [0, 23], "expanded_url": "https://kestrelcomputer.github.io/kestrel", "display_url": "kestrelcomputer.github.io/kestrel"}]}, "description": {"urls": []}}, "followers_count": 522, "profile_sidebar_border_color": "000000", "id_str": "1668692647", "profile_background_color": "000000", "listed_count": 79, "is_translation_enabled": false, "utc_offset": -28800, "statuses_count": 38195, "description": "KC5TJA/6 | Martial Arts | Married @StormyKittyhawk | AD @reinforcedtoe | pol: Independent | Furry dragon: Vertigo", "friends_count": 157, "location": "San Lorenzo, CA", "profile_link_color": "777777", "profile_image_url": "http://pbs.twimg.com/profile_images/821042062015361025/elR_qMt7_normal.jpg", "following": false, "geo_enabled": false, "profile_banner_url": "https://pbs.twimg.com/profile_banners/1668692647/1483033786", "profile_background_image_url": "http://abs.twimg.com/images/themes/theme1/bg.png", "screen_name": "SamuelAFalvoII", "lang": "en", "profile_background_tile": false, "favourites_count": 28710, "name": "Vertigo", "notifications": false, "url": "https://t.co/cMNmiEFeED", "created_at": "Tue Aug 13 20:16:34 +0000 2013", "contributors_enabled": false, "time_zone": "Pacific Time (US & Canada)", "protected": false, "default_profile": false, "is_translator": false}, "geo": null, "in_reply_to_user_id_str": "1668692647", "lang": "en", "created_at": "Tue Feb 27 06:32:36 +0000 2018", "in_reply_to_status_id_str": "968373142250053633", "place": null, "metadata": {"iso_language_code": "en", "result_type": "recent"}}, {"contributors": null, "truncated": true, "text": "Also, how does one program the flash image?  I'm guessing you generate a bit-stream file first, then your firmware\u2026 https://t.co/36HrvTFw1h", "is_quote_status": false, "in_reply_to_status_id": 968373142250053633, "id": 968373144162590721, "favorite_count": 1, "retweeted": false, "coordinates": null, "source": "<a href=\"http://twitter.com\" rel=\"nofollow\">Twitter Web Client</a>", "in_reply_to_screen_name": "SamuelAFalvoII", "in_reply_to_user_id": 1668692647, "retweet_count": 0, "id_str": "968373144162590721", "favorited": false, "user": {"follow_request_sent": false, "has_extended_profile": false, "profile_use_background_image": false, "default_profile_image": false, "id": 1668692647, "profile_background_image_url_https": "https://abs.twimg.com/images/themes/theme1/bg.png", "verified": false, "translator_type": "none", "profile_text_color": "333333", "profile_image_url_https": "https://pbs.twimg.com/profile_images/821042062015361025/elR_qMt7_normal.jpg", "profile_sidebar_fill_color": "DDEEF6", "entities": {"url": {"urls": [{"url": "https://t.co/cMNmiEFeED", "indices": [0, 23], "expanded_url": "https://kestrelcomputer.github.io/kestrel", "display_url": "kestrelcomputer.github.io/kestrel"}]}, "description": {"urls": []}}, "followers_count": 522, "profile_sidebar_border_color": "000000", "id_str": "1668692647", "profile_background_color": "000000", "listed_count": 79, "is_translation_enabled": false, "utc_offset": -28800, "statuses_count": 38195, "description": "KC5TJA/6 | Martial Arts | Married @StormyKittyhawk | AD @reinforcedtoe | pol: Independent | Furry dragon: Vertigo", "friends_count": 157, "location": "San Lorenzo, CA", "profile_link_color": "777777", "profile_image_url": "http://pbs.twimg.com/profile_images/821042062015361025/elR_qMt7_normal.jpg", "following": false, "geo_enabled": false, "profile_banner_url": "https://pbs.twimg.com/profile_banners/1668692647/1483033786", "profile_background_image_url": "http://abs.twimg.com/images/themes/theme1/bg.png", "screen_name": "SamuelAFalvoII", "lang": "en", "profile_background_tile": false, "favourites_count": 28710, "name": "Vertigo", "notifications": false, "url": "https://t.co/cMNmiEFeED", "created_at": "Tue Aug 13 20:16:34 +0000 2013", "contributors_enabled": false, "time_zone": "Pacific Time (US & Canada)", "protected": false, "default_profile": false, "is_translator": false}, "geo": null, "in_reply_to_user_id_str": "1668692647", "lang": "en", "created_at": "Tue Feb 27 06:32:03 +0000 2018", "in_reply_to_status_id_str": "968373142250053633", "place": null, "metadata": {"iso_language_code": "en", "result_type": "recent"}}, {"contributors": null, "truncated": false, "text": "I liked a @YouTube video https://t.co/gdTJ790CKs [014] IcoBoard Software Defined Radio Project - Hardware", "is_quote_status": false, "in_reply_to_status_id": null, "id": 968170957549469696, "favorite_count": 0, "retweeted": false, "coordinates": null, "source": "<a href=\"http://www.google.com/\" rel=\"nofollow\">Google</a>", "in_reply_to_screen_name": null, "in_reply_to_user_id": null, "retweet_count": 0, "id_str": "968170957549469696", "favorited": false, "user": {"follow_request_sent": false, "has_extended_profile": true, "profile_use_background_image": true, "default_profile_image": true, "id": 765979070567968768, "profile_background_image_url_https": null, "verified": false, "translator_type": "none", "profile_text_color": "333333", "profile_image_url_https": "https://abs.twimg.com/sticky/default_profile_images/default_profile_normal.png", "profile_sidebar_fill_color": "DDEEF6", "entities": {"description": {"urls": []}}, "followers_count": 14, "profile_sidebar_border_color": "C0DEED", "id_str": "765979070567968768", "profile_background_color": "F5F8FA", "listed_count": 0, "is_translation_enabled": false, "utc_offset": -21600, "statuses_count": 1556, "description": "", "friends_count": 56, "location": "Nebraska, USA", "profile_link_color": "1DA1F2", "profile_image_url": "http://abs.twimg.com/sticky/default_profile_images/default_profile_normal.png", "following": false, "geo_enabled": false, "profile_background_image_url": null, "screen_name": "PacoOtaktay", "lang": "en", "profile_background_tile": false, "favourites_count": 784, "name": "Paco Otaktay", "notifications": false, "url": null, "created_at": "Wed Aug 17 18:30:16 +0000 2016", "contributors_enabled": false, "time_zone": "Central Time (US & Canada)", "protected": false, "default_profile": true, "is_translator": false}, "geo": null, "in_reply_to_user_id_str": null, "possibly_sensitive": false, "lang": "en", "created_at": "Mon Feb 26 17:08:38 +0000 2018", "in_reply_to_status_id_str": null, "place": null, "metadata": {"iso_language_code": "en", "result_type": "recent"}}, {"contributors": null, "truncated": false, "text": "[014] IcoBoard Software Defined Radio Project \u2013\u00a0Hardware https://t.co/XA76qAGeRl", "is_quote_status": false, "in_reply_to_status_id": null, "id": 968138968096223232, "favorite_count": 0, "retweeted": false, "coordinates": null, "source": "<a href=\"http://publicize.wp.com/\" rel=\"nofollow\">WordPress.com</a>", "in_reply_to_screen_name": null, "in_reply_to_user_id": null, "retweet_count": 0, "id_str": "968138968096223232", "favorited": false, "user": {"follow_request_sent": false, "has_extended_profile": false, "profile_use_background_image": true, "default_profile_image": false, "id": 192288057, "profile_background_image_url_https": "https://abs.twimg.com/images/themes/theme9/bg.gif", "verified": false, "translator_type": "none", "profile_text_color": "666666", "profile_image_url_https": "https://pbs.twimg.com/profile_images/1147692143/logo_bigger_normal.png", "profile_sidebar_fill_color": "252429", "entities": {"url": {"urls": [{"url": "http://t.co/BpZliptsLZ", "indices": [0, 22], "expanded_url": "http://ghtube.com", "display_url": "ghtube.com"}]}, "description": {"urls": []}}, "followers_count": 2569, "profile_sidebar_border_color": "181A1E", "id_str": "192288057", "profile_background_color": "1A1B1F", "listed_count": 28, "is_translation_enabled": false, "utc_offset": -18000, "statuses_count": 192226, "description": "GhanaTube is an African video sharing site! Upload and share videos with your family and friends, or sit back and enjoy what we already have there.", "friends_count": 1188, "location": "Ghana", "profile_link_color": "2FC2EF", "profile_image_url": "http://pbs.twimg.com/profile_images/1147692143/logo_bigger_normal.png", "following": false, "geo_enabled": false, "profile_banner_url": "https://pbs.twimg.com/profile_banners/192288057/1354431700", "profile_background_image_url": "http://abs.twimg.com/images/themes/theme9/bg.gif", "screen_name": "ghanaTube", "lang": "en", "profile_background_tile": false, "favourites_count": 114, "name": "ghtube.com", "notifications": false, "url": "http://t.co/BpZliptsLZ", "created_at": "Sat Sep 18 18:17:01 +0000 2010", "contributors_enabled": false, "time_zone": "Quito", "protected": false, "default_profile": false, "is_translator": false}, "geo": null, "in_reply_to_user_id_str": null, "possibly_sensitive": false, "lang": "en", "created_at": "Mon Feb 26 15:01:31 +0000 2018", "in_reply_to_status_id_str": null, "place": null, "metadata": {"iso_language_code": "en", "result_type": "recent"}}, {"contributors": null, "truncated": false, "text": "I liked a @YouTube video https://t.co/aciXsxE4sm [014] IcoBoard Software Defined Radio Project - Hardware", "is_quote_status": false, "in_reply_to_status_id": null, "id": 967891964090834946, "favorite_count": 0, "retweeted": false, "coordinates": null, "source": "<a href=\"http://www.google.com/\" rel=\"nofollow\">Google</a>", "in_reply_to_screen_name": null, "in_reply_to_user_id": null, "retweet_count": 0, "id_str": "967891964090834946", "favorited": false, "user": {"follow_request_sent": false, "has_extended_profile": false, "profile_use_background_image": true, "default_profile_image": false, "id": 186897673, "profile_background_image_url_https": "https://pbs.twimg.com/profile_background_images/726536318/99166e886f2064d8674d1955efa3b660.png", "verified": false, "translator_type": "none", "profile_text_color": "333333", "profile_image_url_https": "https://pbs.twimg.com/profile_images/2919764966/cceb3dada01c0194378e62c0c955f86e_normal.png", "profile_sidebar_fill_color": "DDEEF6", "entities": {"url": {"urls": [{"url": "https://t.co/UmcpKrxrzl", "indices": [0, 23], "expanded_url": "https://sites.google.com/site/awertyb/", "display_url": "sites.google.com/site/awertyb/"}]}, "description": {"urls": []}}, "followers_count": 35, "profile_sidebar_border_color": "FFFFFF", "id_str": "186897673", "profile_background_color": "C0DEED", "listed_count": 0, "is_translation_enabled": false, "utc_offset": -21600, "statuses_count": 4603, "description": "I like programming and video games. If you are following a very large amount of people, I will block you.", "friends_count": 74, "location": "USA", "profile_link_color": "FF9A03", "profile_image_url": "http://pbs.twimg.com/profile_images/2919764966/cceb3dada01c0194378e62c0c955f86e_normal.png", "following": false, "geo_enabled": true, "profile_background_image_url": "http://pbs.twimg.com/profile_background_images/726536318/99166e886f2064d8674d1955efa3b660.png", "screen_name": "uyjulian", "lang": "en", "profile_background_tile": true, "favourites_count": 5, "name": "Julian Uy", "notifications": false, "url": "https://t.co/UmcpKrxrzl", "created_at": "Sat Sep 04 18:11:55 +0000 2010", "contributors_enabled": false, "time_zone": "Central Time (US & Canada)", "protected": false, "default_profile": false, "is_translator": false}, "geo": null, "in_reply_to_user_id_str": null, "possibly_sensitive": false, "lang": "en", "created_at": "Sun Feb 25 22:40:01 +0000 2018", "in_reply_to_status_id_str": null, "place": null, "metadata": {"iso_language_code": "en", "result_type": "recent"}}, {"contributors": null, "truncated": false, "text": "IcoBoard https://t.co/DfZqua6mgh https://t.co/158JYE0n2L", "is_quote_status": false, "in_reply_to_status_id": null, "id": 967344897484312576, "favorite_count": 0, "retweeted": false, "coordinates": null, "source": "<a href=\"http://publicize.wp.com/\" rel=\"nofollow\">WordPress.com</a>", "in_reply_to_screen_name": null, "in_reply_to_user_id": null, "retweet_count": 0, "id_str": "967344897484312576", "favorited": false, "user": {"follow_request_sent": false, "has_extended_profile": false, "profile_use_background_image": true, "default_profile_image": false, "id": 234495687, "profile_background_image_url_https": "https://abs.twimg.com/images/themes/theme17/bg.gif", "verified": false, "translator_type": "none", "profile_text_color": "333333", "profile_image_url_https": "https://pbs.twimg.com/profile_images/3110897390/7f0bc9a1c13d28a7c20233d4a9b4dfae_normal.jpeg", "profile_sidebar_fill_color": "E6F6F9", "entities": {"url": {"urls": [{"url": "http://t.co/Y5FFUXfAcu", "indices": [0, 22], "expanded_url": "http://kimmcel.com", "display_url": "kimmcel.com"}]}, "description": {"urls": []}}, "followers_count": 299, "profile_sidebar_border_color": "DBE9ED", "id_str": "234495687", "profile_background_color": "DBE9ED", "listed_count": 14, "is_translation_enabled": false, "utc_offset": -28800, "statuses_count": 156524, "description": "Professional Hospitality Consultant by day and a Fun loving, music driven, adrenaline junky by night.  Disco naps and live shows are my simple necessities.", "friends_count": 151, "location": "LAS VEGAS", "profile_link_color": "CC3366", "profile_image_url": "http://pbs.twimg.com/profile_images/3110897390/7f0bc9a1c13d28a7c20233d4a9b4dfae_normal.jpeg", "following": false, "geo_enabled": false, "profile_banner_url": "https://pbs.twimg.com/profile_banners/234495687/1403486381", "profile_background_image_url": "http://abs.twimg.com/images/themes/theme17/bg.gif", "screen_name": "1234goplay", "lang": "en", "profile_background_tile": false, "favourites_count": 16, "name": "Kimmcel Keno", "notifications": false, "url": "http://t.co/Y5FFUXfAcu", "created_at": "Wed Jan 05 20:13:23 +0000 2011", "contributors_enabled": false, "time_zone": "Pacific Time (US & Canada)", "protected": false, "default_profile": false, "is_translator": false}, "geo": null, "in_reply_to_user_id_str": null, "possibly_sensitive": false, "lang": "en", "created_at": "Sat Feb 24 10:26:10 +0000 2018", "in_reply_to_status_id_str": null, "place": null, "metadata": {"iso_language_code": "en", "result_type": "recent"}}, {"contributors": null, "truncated": false, "text": "IcoBoard https://t.co/zv1zsLjUMD", "is_quote_status": false, "in_reply_to_status_id": null, "id": 967341280706654209, "favorite_count": 0, "retweeted": false, "coordinates": null, "source": "<a href=\"http://publicize.wp.com/\" rel=\"nofollow\">WordPress.com</a>", "in_reply_to_screen_name": null, "in_reply_to_user_id": null, "retweet_count": 0, "id_str": "967341280706654209", "favorited": false, "user": {"follow_request_sent": false, "has_extended_profile": false, "profile_use_background_image": true, "default_profile_image": false, "id": 234495687, "profile_background_image_url_https": "https://abs.twimg.com/images/themes/theme17/bg.gif", "verified": false, "translator_type": "none", "profile_text_color": "333333", "profile_image_url_https": "https://pbs.twimg.com/profile_images/3110897390/7f0bc9a1c13d28a7c20233d4a9b4dfae_normal.jpeg", "profile_sidebar_fill_color": "E6F6F9", "entities": {"url": {"urls": [{"url": "http://t.co/Y5FFUXfAcu", "indices": [0, 22], "expanded_url": "http://kimmcel.com", "display_url": "kimmcel.com"}]}, "description": {"urls": []}}, "followers_count": 299, "profile_sidebar_border_color": "DBE9ED", "id_str": "234495687", "profile_background_color": "DBE9ED", "listed_count": 14, "is_translation_enabled": false, "utc_offset": -28800, "statuses_count": 156524, "description": "Professional Hospitality Consultant by day and a Fun loving, music driven, adrenaline junky by night.  Disco naps and live shows are my simple necessities.", "friends_count": 151, "location": "LAS VEGAS", "profile_link_color": "CC3366", "profile_image_url": "http://pbs.twimg.com/profile_images/3110897390/7f0bc9a1c13d28a7c20233d4a9b4dfae_normal.jpeg", "following": false, "geo_enabled": false, "profile_banner_url": "https://pbs.twimg.com/profile_banners/234495687/1403486381", "profile_background_image_url": "http://abs.twimg.com/images/themes/theme17/bg.gif", "screen_name": "1234goplay", "lang": "en", "profile_background_tile": false, "favourites_count": 16, "name": "Kimmcel Keno", "notifications": false, "url": "http://t.co/Y5FFUXfAcu", "created_at": "Wed Jan 05 20:13:23 +0000 2011", "contributors_enabled": false, "time_zone": "Pacific Time (US & Canada)", "protected": false, "default_profile": false, "is_translator": false}, "geo": null, "in_reply_to_user_id_str": null, "possibly_sensitive": false, "lang": "en", "created_at": "Sat Feb 24 10:11:48 +0000 2018", "in_reply_to_status_id_str": null, "place": null, "metadata": {"iso_language_code": "en", "result_type": "recent"}}, {"contributors": null, "truncated": false, "text": "I liked a @YouTube video https://t.co/EAvgxghVA5 [014] IcoBoard Software Defined Radio Project - Hardware", "is_quote_status": false, "in_reply_to_status_id": null, "id": 967295326892756992, "favorite_count": 0, "retweeted": false, "coordinates": null, "source": "<a href=\"http://www.google.com/\" rel=\"nofollow\">Google</a>", "in_reply_to_screen_name": null, "in_reply_to_user_id": null, "retweet_count": 0, "id_str": "967295326892756992", "favorited": false, "user": {"follow_request_sent": false, "has_extended_profile": false, "profile_use_background_image": true, "default_profile_image": true, "id": 742442245, "profile_background_image_url_https": "https://abs.twimg.com/images/themes/theme1/bg.png", "verified": false, "translator_type": "none", "profile_text_color": "333333", "profile_image_url_https": "https://abs.twimg.com/sticky/default_profile_images/default_profile_normal.png", "profile_sidebar_fill_color": "DDEEF6", "entities": {"description": {"urls": []}}, "followers_count": 0, "profile_sidebar_border_color": "C0DEED", "id_str": "742442245", "profile_background_color": "C0DEED", "listed_count": 0, "is_translation_enabled": false, "utc_offset": null, "statuses_count": 45, "description": "", "friends_count": 10, "location": "", "profile_link_color": "1DA1F2", "profile_image_url": "http://abs.twimg.com/sticky/default_profile_images/default_profile_normal.png", "following": false, "geo_enabled": false, "profile_background_image_url": "http://abs.twimg.com/images/themes/theme1/bg.png", "screen_name": "Fearless621", "lang": "en", "profile_background_tile": false, "favourites_count": 0, "name": "Fearless62", "notifications": false, "url": null, "created_at": "Tue Aug 07 08:12:11 +0000 2012", "contributors_enabled": false, "time_zone": null, "protected": false, "default_profile": true, "is_translator": false}, "geo": null, "in_reply_to_user_id_str": null, "possibly_sensitive": false, "lang": "en", "created_at": "Sat Feb 24 07:09:12 +0000 2018", "in_reply_to_status_id_str": null, "place": null, "metadata": {"iso_language_code": "en", "result_type": "recent"}}, {"contributors": null, "truncated": false, "text": "[014] IcoBoard Software Defined Radio Project \u2013\u00a0Hardware https://t.co/C1zirLJhly", "is_quote_status": false, "in_reply_to_status_id": null, "id": 966799923143462912, "favorite_count": 0, "retweeted": false, "coordinates": null, "source": "<a href=\"http://publicize.wp.com/\" rel=\"nofollow\">WordPress.com</a>", "in_reply_to_screen_name": null, "in_reply_to_user_id": null, "retweet_count": 0, "id_str": "966799923143462912", "favorited": false, "user": {"follow_request_sent": false, "has_extended_profile": false, "profile_use_background_image": true, "default_profile_image": false, "id": 98435078, "profile_background_image_url_https": "https://abs.twimg.com/images/themes/theme4/bg.gif", "verified": false, "translator_type": "none", "profile_text_color": "3C3940", "profile_image_url_https": "https://pbs.twimg.com/profile_images/706090010/gwd5_normal.jpg", "profile_sidebar_fill_color": "95E8EC", "entities": {"url": {"urls": [{"url": "http://t.co/dMW8sozIjj", "indices": [0, 22], "expanded_url": "http://gordenwebdesign.com", "display_url": "gordenwebdesign.com"}]}, "description": {"urls": []}}, "followers_count": 1377, "profile_sidebar_border_color": "5ED4DC", "id_str": "98435078", "profile_background_color": "0099B9", "listed_count": 44, "is_translation_enabled": false, "utc_offset": -25200, "statuses_count": 81900, "description": "At Gorden Web Design, we help you with an online presence you always wanted.", "friends_count": 2048, "location": "World Wide Web", "profile_link_color": "0099B9", "profile_image_url": "http://pbs.twimg.com/profile_images/706090010/gwd5_normal.jpg", "following": false, "geo_enabled": false, "profile_background_image_url": "http://abs.twimg.com/images/themes/theme4/bg.gif", "screen_name": "gordenwebdesign", "lang": "en", "profile_background_tile": false, "favourites_count": 17, "name": "Douglas Gorden, Jr.", "notifications": false, "url": "http://t.co/dMW8sozIjj", "created_at": "Mon Dec 21 18:02:36 +0000 2009", "contributors_enabled": false, "time_zone": "Arizona", "protected": false, "default_profile": false, "is_translator": false}, "geo": null, "in_reply_to_user_id_str": null, "possibly_sensitive": true, "lang": "en", "created_at": "Thu Feb 22 22:20:38 +0000 2018", "in_reply_to_status_id_str": null, "place": null, "metadata": {"iso_language_code": "en", "result_type": "recent"}}, {"contributors": null, "truncated": false, "text": "IcoBoard https://t.co/cjkLfpnmVn", "is_quote_status": false, "in_reply_to_status_id": null, "id": 966668969678647296, "favorite_count": 0, "retweeted": false, "coordinates": null, "source": "<a href=\"http://publicize.wp.com/\" rel=\"nofollow\">WordPress.com</a>", "in_reply_to_screen_name": null, "in_reply_to_user_id": null, "retweet_count": 0, "id_str": "966668969678647296", "favorited": false, "user": {"follow_request_sent": false, "has_extended_profile": false, "profile_use_background_image": true, "default_profile_image": false, "id": 234495687, "profile_background_image_url_https": "https://abs.twimg.com/images/themes/theme17/bg.gif", "verified": false, "translator_type": "none", "profile_text_color": "333333", "profile_image_url_https": "https://pbs.twimg.com/profile_images/3110897390/7f0bc9a1c13d28a7c20233d4a9b4dfae_normal.jpeg", "profile_sidebar_fill_color": "E6F6F9", "entities": {"url": {"urls": [{"url": "http://t.co/Y5FFUXfAcu", "indices": [0, 22], "expanded_url": "http://kimmcel.com", "display_url": "kimmcel.com"}]}, "description": {"urls": []}}, "followers_count": 299, "profile_sidebar_border_color": "DBE9ED", "id_str": "234495687", "profile_background_color": "DBE9ED", "listed_count": 14, "is_translation_enabled": false, "utc_offset": -28800, "statuses_count": 156524, "description": "Professional Hospitality Consultant by day and a Fun loving, music driven, adrenaline junky by night.  Disco naps and live shows are my simple necessities.", "friends_count": 151, "location": "LAS VEGAS", "profile_link_color": "CC3366", "profile_image_url": "http://pbs.twimg.com/profile_images/3110897390/7f0bc9a1c13d28a7c20233d4a9b4dfae_normal.jpeg", "following": false, "geo_enabled": false, "profile_banner_url": "https://pbs.twimg.com/profile_banners/234495687/1403486381", "profile_background_image_url": "http://abs.twimg.com/images/themes/theme17/bg.gif", "screen_name": "1234goplay", "lang": "en", "profile_background_tile": false, "favourites_count": 16, "name": "Kimmcel Keno", "notifications": false, "url": "http://t.co/Y5FFUXfAcu", "created_at": "Wed Jan 05 20:13:23 +0000 2011", "contributors_enabled": false, "time_zone": "Pacific Time (US & Canada)", "protected": false, "default_profile": false, "is_translator": false}, "geo": null, "in_reply_to_user_id_str": null, "possibly_sensitive": false, "lang": "en", "created_at": "Thu Feb 22 13:40:16 +0000 2018", "in_reply_to_status_id_str": null, "place": null, "metadata": {"iso_language_code": "en", "result_type": "recent"}}, {"contributors": null, "truncated": false, "text": "RT @OpenTechLabChan: New video is out: All about the hardware build for an SDR powered by the @ico_TC IcoBoard. https://t.co/EgaJpGTge0", "is_quote_status": false, "in_reply_to_status_id": null, "id": 966445468258578435, "favorite_count": 0, "retweeted": false, "coordinates": null, "source": "<a href=\"http://twitter.com\" rel=\"nofollow\">Twitter Web Client</a>", "in_reply_to_screen_name": null, "in_reply_to_user_id": null, "retweet_count": 1, "id_str": "966445468258578435", "favorited": false, "retweeted_status": {"contributors": null, "truncated": false, "text": "New video is out: All about the hardware build for an SDR powered by the @ico_TC IcoBoard. https://t.co/EgaJpGTge0", "is_quote_status": false, "in_reply_to_status_id": null, "id": 966442196667744257, "favorite_count": 5, "retweeted": false, "coordinates": null, "source": "<a href=\"http://twitter.com\" rel=\"nofollow\">Twitter Web Client</a>", "in_reply_to_screen_name": null, "in_reply_to_user_id": null, "retweet_count": 1, "id_str": "966442196667744257", "favorited": false, "user": {"follow_request_sent": false, "has_extended_profile": false, "profile_use_background_image": false, "default_profile_image": false, "id": 775778723517739009, "profile_background_image_url_https": "https://abs.twimg.com/images/themes/theme1/bg.png", "verified": false, "translator_type": "none", "profile_text_color": "000000", "profile_image_url_https": "https://pbs.twimg.com/profile_images/777286470033747968/RQJhTCRt_normal.jpg", "profile_sidebar_fill_color": "000000", "entities": {"url": {"urls": [{"url": "https://t.co/pDPKoTISTv", "indices": [0, 23], "expanded_url": "http://opentechlab.org.uk", "display_url": "opentechlab.org.uk"}]}, "description": {"urls": []}}, "followers_count": 254, "profile_sidebar_border_color": "000000", "id_str": "775778723517739009", "profile_background_color": "000000", "listed_count": 3, "is_translation_enabled": false, "utc_offset": null, "statuses_count": 443, "description": "A channel doing clever things with free/open source software, and low-cost hardware.", "friends_count": 184, "location": "", "profile_link_color": "00AA03", "profile_image_url": "http://pbs.twimg.com/profile_images/777286470033747968/RQJhTCRt_normal.jpg", "following": false, "geo_enabled": false, "profile_banner_url": "https://pbs.twimg.com/profile_banners/775778723517739009/1474154522", "profile_background_image_url": "http://abs.twimg.com/images/themes/theme1/bg.png", "screen_name": "OpenTechLabChan", "lang": "en", "profile_background_tile": false, "favourites_count": 257, "name": "OpenTechLab", "notifications": false, "url": "https://t.co/pDPKoTISTv", "created_at": "Tue Sep 13 19:30:35 +0000 2016", "contributors_enabled": false, "time_zone": null, "protected": false, "default_profile": false, "is_translator": false}, "geo": null, "in_reply_to_user_id_str": null, "possibly_sensitive": false, "lang": "en", "created_at": "Wed Feb 21 22:39:09 +0000 2018", "in_reply_to_status_id_str": null, "place": null, "metadata": {"iso_language_code": "en", "result_type": "recent"}}, "user": {"follow_request_sent": false, "has_extended_profile": false, "profile_use_background_image": true, "default_profile_image": false, "id": 4784087996, "profile_background_image_url_https": "https://pbs.twimg.com/profile_background_images/689465172780408834/Uc1lwU-E.png", "verified": false, "translator_type": "none", "profile_text_color": "000000", "profile_image_url_https": "https://pbs.twimg.com/profile_images/689460000461221892/2qwdiB1o_normal.png", "profile_sidebar_fill_color": "000000", "entities": {"url": {"urls": [{"url": "https://t.co/maMK0lZDrN", "indices": [0, 23], "expanded_url": "http://www.icoboard.org", "display_url": "icoboard.org"}]}, "description": {"urls": []}}, "followers_count": 1502, "profile_sidebar_border_color": "000000", "id_str": "4784087996", "profile_background_color": "000000", "listed_count": 59, "is_translation_enabled": false, "utc_offset": 3600, "statuses_count": 5948, "description": "News about Yosys, ArachnePnR, icetools, SymbiFlow, SymbiYosys. Open Source FPGA tools for Lattice-ice40 and Xilinx-Series7 FPGAs  and boards.", "friends_count": 386, "location": "", "profile_link_color": "DD2E44", "profile_image_url": "http://pbs.twimg.com/profile_images/689460000461221892/2qwdiB1o_normal.png", "following": true, "geo_enabled": false, "profile_banner_url": "https://pbs.twimg.com/profile_banners/4784087996/1453216123", "profile_background_image_url": "http://pbs.twimg.com/profile_background_images/689465172780408834/Uc1lwU-E.png", "screen_name": "ico_TC", "lang": "de", "profile_background_tile": true, "favourites_count": 412, "name": "icoTC @EmbeddedWorld", "notifications": false, "url": "https://t.co/maMK0lZDrN", "created_at": "Tue Jan 19 14:42:43 +0000 2016", "contributors_enabled": false, "time_zone": "Vienna", "protected": false, "default_profile": false, "is_translator": false}, "geo": null, "in_reply_to_user_id_str": null, "possibly_sensitive": false, "lang": "en", "created_at": "Wed Feb 21 22:52:09 +0000 2018", "in_reply_to_status_id_str": null, "place": null, "metadata": {"iso_language_code": "en", "result_type": "recent"}}, {"contributors": null, "truncated": false, "text": "New video is out: All about the hardware build for an SDR powered by the @ico_TC IcoBoard. https://t.co/EgaJpGTge0", "is_quote_status": false, "in_reply_to_status_id": null, "id": 966442196667744257, "favorite_count": 5, "retweeted": false, "coordinates": null, "source": "<a href=\"http://twitter.com\" rel=\"nofollow\">Twitter Web Client</a>", "in_reply_to_screen_name": null, "in_reply_to_user_id": null, "retweet_count": 1, "id_str": "966442196667744257", "favorited": false, "user": {"follow_request_sent": false, "has_extended_profile": false, "profile_use_background_image": false, "default_profile_image": false, "id": 775778723517739009, "profile_background_image_url_https": "https://abs.twimg.com/images/themes/theme1/bg.png", "verified": false, "translator_type": "none", "profile_text_color": "000000", "profile_image_url_https": "https://pbs.twimg.com/profile_images/777286470033747968/RQJhTCRt_normal.jpg", "profile_sidebar_fill_color": "000000", "entities": {"url": {"urls": [{"url": "https://t.co/pDPKoTISTv", "indices": [0, 23], "expanded_url": "http://opentechlab.org.uk", "display_url": "opentechlab.org.uk"}]}, "description": {"urls": []}}, "followers_count": 254, "profile_sidebar_border_color": "000000", "id_str": "775778723517739009", "profile_background_color": "000000", "listed_count": 3, "is_translation_enabled": false, "utc_offset": null, "statuses_count": 443, "description": "A channel doing clever things with free/open source software, and low-cost hardware.", "friends_count": 184, "location": "", "profile_link_color": "00AA03", "profile_image_url": "http://pbs.twimg.com/profile_images/777286470033747968/RQJhTCRt_normal.jpg", "following": false, "geo_enabled": false, "profile_banner_url": "https://pbs.twimg.com/profile_banners/775778723517739009/1474154522", "profile_background_image_url": "http://abs.twimg.com/images/themes/theme1/bg.png", "screen_name": "OpenTechLabChan", "lang": "en", "profile_background_tile": false, "favourites_count": 257, "name": "OpenTechLab", "notifications": false, "url": "https://t.co/pDPKoTISTv", "created_at": "Tue Sep 13 19:30:35 +0000 2016", "contributors_enabled": false, "time_zone": null, "protected": false, "default_profile": false, "is_translator": false}, "geo": null, "in_reply_to_user_id_str": null, "possibly_sensitive": false, "lang": "en", "created_at": "Wed Feb 21 22:39:09 +0000 2018", "in_reply_to_status_id_str": null, "place": null, "metadata": {"iso_language_code": "en", "result_type": "recent"}}, {"contributors": null, "truncated": true, "text": "@bikerglen @oshpark Yes. Holding off on installing Vivado @ BML until 7S6 and 7S15 are supported ( later this month\u2026 https://t.co/2L5PMjOArk", "is_quote_status": false, "in_reply_to_status_id": 965628769246392320, "id": 965632123221585921, "favorite_count": 0, "retweeted": false, "coordinates": null, "source": "<a href=\"http://twitter.com\" rel=\"nofollow\">Twitter Web Client</a>", "in_reply_to_screen_name": "bikerglen", "in_reply_to_user_id": 30744160, "retweet_count": 0, "id_str": "965632123221585921", "favorited": false, "user": {"follow_request_sent": false, "has_extended_profile": false, "profile_use_background_image": true, "default_profile_image": false, "id": 812829868895309824, "profile_background_image_url_https": null, "verified": false, "translator_type": "none", "profile_text_color": "333333", "profile_image_url_https": "https://pbs.twimg.com/profile_images/813023610273079296/nz_TeZqD_normal.jpg", "profile_sidebar_fill_color": "DDEEF6", "entities": {"url": {"urls": [{"url": "https://t.co/YBVVD9s7WL", "indices": [0, 23], "expanded_url": "http://blackmesalabs.wordpress.com", "display_url": "blackmesalabs.wordpress.com"}]}, "description": {"urls": []}}, "followers_count": 555, "profile_sidebar_border_color": "C0DEED", "id_str": "812829868895309824", "profile_background_color": "F5F8FA", "listed_count": 7, "is_translation_enabled": false, "utc_offset": null, "statuses_count": 528, "description": "EE | FOSS, OSH | Verilog, VHDL, Python, Perl, C | ASICs, FPGAs | PCBs |  RaspberryPi, Arduino | True Democracy, Free Speech, Equal Rights", "friends_count": 159, "location": "Seattle,Washington,USA,Earth", "profile_link_color": "1DA1F2", "profile_image_url": "http://pbs.twimg.com/profile_images/813023610273079296/nz_TeZqD_normal.jpg", "following": false, "geo_enabled": false, "profile_banner_url": "https://pbs.twimg.com/profile_banners/812829868895309824/1483137228", "profile_background_image_url": null, "screen_name": "bml_khubbard", "lang": "en", "profile_background_tile": false, "favourites_count": 637, "name": "Kevin Hubbard", "notifications": false, "url": "https://t.co/YBVVD9s7WL", "created_at": "Sun Dec 25 01:18:37 +0000 2016", "contributors_enabled": false, "time_zone": null, "protected": false, "default_profile": true, "is_translator": false}, "geo": null, "in_reply_to_user_id_str": "30744160", "lang": "en", "created_at": "Mon Feb 19 17:00:13 +0000 2018", "in_reply_to_status_id_str": "965628769246392320", "place": null, "metadata": {"iso_language_code": "en", "result_type": "recent"}}]}