{"search_metadata": {"count": 100, "completed_in": 0.1, "max_id_str": "968254352338112513", "since_id_str": "0", "refresh_url": "?since_id=968254352338112513&q=%22lattice%20ultra%20plus%22", "since_id": 0, "query": "%22lattice+ultra+plus%22", "max_id": 968254352338112513}, "statuses": [{"contributors": null, "truncated": false, "text": "RT @ebrombaugh: Update on my iceRadio project: It's now running in a Lattice Ultra Plus FPGA that provides more resources for the additiona\u2026", "is_quote_status": false, "in_reply_to_status_id": null, "id": 968254352338112513, "favorite_count": 0, "retweeted": false, "coordinates": null, "source": "<a href=\"http://twitter.com/download/android\" rel=\"nofollow\">Twitter for Android</a>", "in_reply_to_screen_name": null, "in_reply_to_user_id": null, "retweet_count": 10, "id_str": "968254352338112513", "favorited": false, "retweeted_status": {"contributors": null, "truncated": true, "text": "Update on my iceRadio project: It's now running in a Lattice Ultra Plus FPGA that provides more resources for the a\u2026 https://t.co/0qc7Zrt9zL", "is_quote_status": false, "in_reply_to_status_id": null, "id": 967951185247219712, "favorite_count": 49, "retweeted": false, "coordinates": null, "source": "<a href=\"http://twitter.com\" rel=\"nofollow\">Twitter Web Client</a>", "in_reply_to_screen_name": null, "in_reply_to_user_id": null, "retweet_count": 10, "id_str": "967951185247219712", "favorited": false, "user": {"follow_request_sent": false, "has_extended_profile": false, "profile_use_background_image": true, "default_profile_image": false, "id": 282858147, "profile_background_image_url_https": "https://abs.twimg.com/images/themes/theme1/bg.png", "verified": false, "translator_type": "none", "profile_text_color": "333333", "profile_image_url_https": "https://pbs.twimg.com/profile_images/1320634338/spiral_normal.JPG", "profile_sidebar_fill_color": "DDEEF6", "entities": {"url": {"urls": [{"url": "https://t.co/qmW4UFilpM", "indices": [0, 23], "expanded_url": "http://ebrombaugh.studionebula.com/", "display_url": "ebrombaugh.studionebula.com"}]}, "description": {"urls": []}}, "followers_count": 239, "profile_sidebar_border_color": "C0DEED", "id_str": "282858147", "profile_background_color": "C0DEED", "listed_count": 12, "is_translation_enabled": false, "utc_offset": -28800, "statuses_count": 2182, "description": "Wireless & Audio DSP designer", "friends_count": 87, "location": "", "profile_link_color": "1DA1F2", "profile_image_url": "http://pbs.twimg.com/profile_images/1320634338/spiral_normal.JPG", "following": false, "geo_enabled": false, "profile_banner_url": "https://pbs.twimg.com/profile_banners/282858147/1358479106", "profile_background_image_url": "http://abs.twimg.com/images/themes/theme1/bg.png", "screen_name": "ebrombaugh", "lang": "en", "profile_background_tile": false, "favourites_count": 406, "name": "Eric Brombaugh", "notifications": false, "url": "https://t.co/qmW4UFilpM", "created_at": "Sat Apr 16 02:39:21 +0000 2011", "contributors_enabled": false, "time_zone": "Pacific Time (US & Canada)", "protected": false, "default_profile": true, "is_translator": false}, "geo": null, "in_reply_to_user_id_str": null, "possibly_sensitive": false, "lang": "en", "created_at": "Mon Feb 26 02:35:20 +0000 2018", "in_reply_to_status_id_str": null, "place": null, "metadata": {"iso_language_code": "en", "result_type": "recent"}}, "user": {"follow_request_sent": false, "has_extended_profile": true, "profile_use_background_image": true, "default_profile_image": false, "id": 85472693, "profile_background_image_url_https": "https://pbs.twimg.com/profile_background_images/623270493928316930/8S4mf5qV.jpg", "verified": false, "translator_type": "none", "profile_text_color": "333333", "profile_image_url_https": "https://pbs.twimg.com/profile_images/476004125872640001/AOFJIq0P_normal.jpeg", "profile_sidebar_fill_color": "DDFFCC", "entities": {"url": {"urls": [{"url": "https://t.co/AMhZHn4rnM", "indices": [0, 23], "expanded_url": "https://tinycircuits.com/", "display_url": "tinycircuits.com"}]}, "description": {"urls": []}}, "followers_count": 1774, "profile_sidebar_border_color": "000000", "id_str": "85472693", "profile_background_color": "9AE4E8", "listed_count": 176, "is_translation_enabled": false, "utc_offset": -18000, "statuses_count": 10844, "description": "Tiny Circuit Board Manufacturing Supervisor in the Rust Belt, @TinyCircuits. Likes: #Makers #Arduino #Sensors #Lean 80s game arcades. Dislikes: Feeder Jams.", "friends_count": 2799, "location": "Akron, OH", "profile_link_color": "0084B4", "profile_image_url": "http://pbs.twimg.com/profile_images/476004125872640001/AOFJIq0P_normal.jpeg", "following": false, "geo_enabled": true, "profile_banner_url": "https://pbs.twimg.com/profile_banners/85472693/1507071270", "profile_background_image_url": "http://pbs.twimg.com/profile_background_images/623270493928316930/8S4mf5qV.jpg", "screen_name": "DaveK0101", "lang": "en", "profile_background_tile": false, "favourites_count": 4004, "name": "Dave Kearns", "notifications": false, "url": "https://t.co/AMhZHn4rnM", "created_at": "Tue Oct 27 01:48:48 +0000 2009", "contributors_enabled": false, "time_zone": "Eastern Time (US & Canada)", "protected": false, "default_profile": false, "is_translator": false}, "geo": null, "in_reply_to_user_id_str": null, "lang": "en", "created_at": "Mon Feb 26 22:40:01 +0000 2018", "in_reply_to_status_id_str": null, "place": null, "metadata": {"iso_language_code": "en", "result_type": "recent"}}, {"contributors": null, "truncated": false, "text": "RT @ebrombaugh: Update on my iceRadio project: It's now running in a Lattice Ultra Plus FPGA that provides more resources for the additiona\u2026", "is_quote_status": false, "in_reply_to_status_id": null, "id": 968219571785265154, "favorite_count": 0, "retweeted": false, "coordinates": null, "source": "<a href=\"http://twitter.com/download/android\" rel=\"nofollow\">Twitter for Android</a>", "in_reply_to_screen_name": null, "in_reply_to_user_id": null, "retweet_count": 10, "id_str": "968219571785265154", "favorited": false, "retweeted_status": {"contributors": null, "truncated": true, "text": "Update on my iceRadio project: It's now running in a Lattice Ultra Plus FPGA that provides more resources for the a\u2026 https://t.co/0qc7Zrt9zL", "is_quote_status": false, "in_reply_to_status_id": null, "id": 967951185247219712, "favorite_count": 49, "retweeted": false, "coordinates": null, "source": "<a href=\"http://twitter.com\" rel=\"nofollow\">Twitter Web Client</a>", "in_reply_to_screen_name": null, "in_reply_to_user_id": null, "retweet_count": 10, "id_str": "967951185247219712", "favorited": false, "user": {"follow_request_sent": false, "has_extended_profile": false, "profile_use_background_image": true, "default_profile_image": false, "id": 282858147, "profile_background_image_url_https": "https://abs.twimg.com/images/themes/theme1/bg.png", "verified": false, "translator_type": "none", "profile_text_color": "333333", "profile_image_url_https": "https://pbs.twimg.com/profile_images/1320634338/spiral_normal.JPG", "profile_sidebar_fill_color": "DDEEF6", "entities": {"url": {"urls": [{"url": "https://t.co/qmW4UFilpM", "indices": [0, 23], "expanded_url": "http://ebrombaugh.studionebula.com/", "display_url": "ebrombaugh.studionebula.com"}]}, "description": {"urls": []}}, "followers_count": 239, "profile_sidebar_border_color": "C0DEED", "id_str": "282858147", "profile_background_color": "C0DEED", "listed_count": 12, "is_translation_enabled": false, "utc_offset": -28800, "statuses_count": 2182, "description": "Wireless & Audio DSP designer", "friends_count": 87, "location": "", "profile_link_color": "1DA1F2", "profile_image_url": "http://pbs.twimg.com/profile_images/1320634338/spiral_normal.JPG", "following": false, "geo_enabled": false, "profile_banner_url": "https://pbs.twimg.com/profile_banners/282858147/1358479106", "profile_background_image_url": "http://abs.twimg.com/images/themes/theme1/bg.png", "screen_name": "ebrombaugh", "lang": "en", "profile_background_tile": false, "favourites_count": 406, "name": "Eric Brombaugh", "notifications": false, "url": "https://t.co/qmW4UFilpM", "created_at": "Sat Apr 16 02:39:21 +0000 2011", "contributors_enabled": false, "time_zone": "Pacific Time (US & Canada)", "protected": false, "default_profile": true, "is_translator": false}, "geo": null, "in_reply_to_user_id_str": null, "possibly_sensitive": false, "lang": "en", "created_at": "Mon Feb 26 02:35:20 +0000 2018", "in_reply_to_status_id_str": null, "place": null, "metadata": {"iso_language_code": "en", "result_type": "recent"}}, "user": {"follow_request_sent": false, "has_extended_profile": false, "profile_use_background_image": true, "default_profile_image": false, "id": 1365482233, "profile_background_image_url_https": "https://abs.twimg.com/images/themes/theme1/bg.png", "verified": false, "translator_type": "none", "profile_text_color": "333333", "profile_image_url_https": "https://pbs.twimg.com/profile_images/523563496903278592/W-fyS8F1_normal.jpeg", "profile_sidebar_fill_color": "DDEEF6", "entities": {"description": {"urls": []}}, "followers_count": 678, "profile_sidebar_border_color": "C0DEED", "id_str": "1365482233", "profile_background_color": "C0DEED", "listed_count": 144, "is_translation_enabled": false, "utc_offset": 3600, "statuses_count": 15781, "description": "", "friends_count": 3447, "location": "Gij\u00f3n", "profile_link_color": "1DA1F2", "profile_image_url": "http://pbs.twimg.com/profile_images/523563496903278592/W-fyS8F1_normal.jpeg", "following": false, "geo_enabled": true, "profile_banner_url": "https://pbs.twimg.com/profile_banners/1365482233/1389047950", "profile_background_image_url": "http://abs.twimg.com/images/themes/theme1/bg.png", "screen_name": "tonicobi", "lang": "es", "profile_background_tile": false, "favourites_count": 981, "name": "Toni Canal", "notifications": false, "url": null, "created_at": "Fri Apr 19 21:48:18 +0000 2013", "contributors_enabled": false, "time_zone": "Madrid", "protected": false, "default_profile": true, "is_translator": false}, "geo": null, "in_reply_to_user_id_str": null, "lang": "en", "created_at": "Mon Feb 26 20:21:49 +0000 2018", "in_reply_to_status_id_str": null, "place": null, "metadata": {"iso_language_code": "en", "result_type": "recent"}}, {"contributors": null, "truncated": false, "text": "RT @ebrombaugh: Update on my iceRadio project: It's now running in a Lattice Ultra Plus FPGA that provides more resources for the additiona\u2026", "is_quote_status": false, "in_reply_to_status_id": null, "id": 968084126543867905, "favorite_count": 0, "retweeted": false, "coordinates": null, "source": "<a href=\"http://twitter.com\" rel=\"nofollow\">Twitter Web Client</a>", "in_reply_to_screen_name": null, "in_reply_to_user_id": null, "retweet_count": 10, "id_str": "968084126543867905", "favorited": false, "retweeted_status": {"contributors": null, "truncated": true, "text": "Update on my iceRadio project: It's now running in a Lattice Ultra Plus FPGA that provides more resources for the a\u2026 https://t.co/0qc7Zrt9zL", "is_quote_status": false, "in_reply_to_status_id": null, "id": 967951185247219712, "favorite_count": 49, "retweeted": false, "coordinates": null, "source": "<a href=\"http://twitter.com\" rel=\"nofollow\">Twitter Web Client</a>", "in_reply_to_screen_name": null, "in_reply_to_user_id": null, "retweet_count": 10, "id_str": "967951185247219712", "favorited": false, "user": {"follow_request_sent": false, "has_extended_profile": false, "profile_use_background_image": true, "default_profile_image": false, "id": 282858147, "profile_background_image_url_https": "https://abs.twimg.com/images/themes/theme1/bg.png", "verified": false, "translator_type": "none", "profile_text_color": "333333", "profile_image_url_https": "https://pbs.twimg.com/profile_images/1320634338/spiral_normal.JPG", "profile_sidebar_fill_color": "DDEEF6", "entities": {"url": {"urls": [{"url": "https://t.co/qmW4UFilpM", "indices": [0, 23], "expanded_url": "http://ebrombaugh.studionebula.com/", "display_url": "ebrombaugh.studionebula.com"}]}, "description": {"urls": []}}, "followers_count": 239, "profile_sidebar_border_color": "C0DEED", "id_str": "282858147", "profile_background_color": "C0DEED", "listed_count": 12, "is_translation_enabled": false, "utc_offset": -28800, "statuses_count": 2182, "description": "Wireless & Audio DSP designer", "friends_count": 87, "location": "", "profile_link_color": "1DA1F2", "profile_image_url": "http://pbs.twimg.com/profile_images/1320634338/spiral_normal.JPG", "following": false, "geo_enabled": false, "profile_banner_url": "https://pbs.twimg.com/profile_banners/282858147/1358479106", "profile_background_image_url": "http://abs.twimg.com/images/themes/theme1/bg.png", "screen_name": "ebrombaugh", "lang": "en", "profile_background_tile": false, "favourites_count": 406, "name": "Eric Brombaugh", "notifications": false, "url": "https://t.co/qmW4UFilpM", "created_at": "Sat Apr 16 02:39:21 +0000 2011", "contributors_enabled": false, "time_zone": "Pacific Time (US & Canada)", "protected": false, "default_profile": true, "is_translator": false}, "geo": null, "in_reply_to_user_id_str": null, "possibly_sensitive": false, "lang": "en", "created_at": "Mon Feb 26 02:35:20 +0000 2018", "in_reply_to_status_id_str": null, "place": null, "metadata": {"iso_language_code": "en", "result_type": "recent"}}, "user": {"follow_request_sent": false, "has_extended_profile": true, "profile_use_background_image": false, "default_profile_image": false, "id": 1524449868, "profile_background_image_url_https": "https://abs.twimg.com/images/themes/theme1/bg.png", "verified": false, "translator_type": "none", "profile_text_color": "000000", "profile_image_url_https": "https://pbs.twimg.com/profile_images/843172913738121216/Cz8Ca4-f_normal.jpg", "profile_sidebar_fill_color": "000000", "entities": {"description": {"urls": []}}, "followers_count": 726, "profile_sidebar_border_color": "000000", "id_str": "1524449868", "profile_background_color": "000000", "listed_count": 12, "is_translation_enabled": false, "utc_offset": -28800, "statuses_count": 2729, "description": "Electrical engineering @ KIT.\nIrgendwas mit hardware hacken und flausch. Sitzt gerade in M\u00fcnchen fest, sonst am liebsten in M\u00fcnster. Otterkeeper von @JanHenrikH", "friends_count": 408, "location": "Karlsruhe, Baden-W\u00fcrttemberg", "profile_link_color": "9266CC", "profile_image_url": "http://pbs.twimg.com/profile_images/843172913738121216/Cz8Ca4-f_normal.jpg", "following": false, "geo_enabled": false, "profile_background_image_url": "http://abs.twimg.com/images/themes/theme1/bg.png", "screen_name": "FauthNiklas", "lang": "de", "profile_background_tile": false, "favourites_count": 3238, "name": "Niklas Fauth", "notifications": false, "url": null, "created_at": "Mon Jun 17 10:12:28 +0000 2013", "contributors_enabled": false, "time_zone": "Pacific Time (US & Canada)", "protected": false, "default_profile": false, "is_translator": false}, "geo": null, "in_reply_to_user_id_str": null, "lang": "en", "created_at": "Mon Feb 26 11:23:36 +0000 2018", "in_reply_to_status_id_str": null, "place": null, "metadata": {"iso_language_code": "en", "result_type": "recent"}}, {"contributors": null, "truncated": false, "text": "RT @ebrombaugh: Update on my iceRadio project: It's now running in a Lattice Ultra Plus FPGA that provides more resources for the additiona\u2026", "is_quote_status": false, "in_reply_to_status_id": null, "id": 968075203673821184, "favorite_count": 0, "retweeted": false, "coordinates": null, "source": "<a href=\"http://twitter.com/download/android\" rel=\"nofollow\">Twitter for Android</a>", "in_reply_to_screen_name": null, "in_reply_to_user_id": null, "retweet_count": 10, "id_str": "968075203673821184", "favorited": false, "retweeted_status": {"contributors": null, "truncated": true, "text": "Update on my iceRadio project: It's now running in a Lattice Ultra Plus FPGA that provides more resources for the a\u2026 https://t.co/0qc7Zrt9zL", "is_quote_status": false, "in_reply_to_status_id": null, "id": 967951185247219712, "favorite_count": 49, "retweeted": false, "coordinates": null, "source": "<a href=\"http://twitter.com\" rel=\"nofollow\">Twitter Web Client</a>", "in_reply_to_screen_name": null, "in_reply_to_user_id": null, "retweet_count": 10, "id_str": "967951185247219712", "favorited": false, "user": {"follow_request_sent": false, "has_extended_profile": false, "profile_use_background_image": true, "default_profile_image": false, "id": 282858147, "profile_background_image_url_https": "https://abs.twimg.com/images/themes/theme1/bg.png", "verified": false, "translator_type": "none", "profile_text_color": "333333", "profile_image_url_https": "https://pbs.twimg.com/profile_images/1320634338/spiral_normal.JPG", "profile_sidebar_fill_color": "DDEEF6", "entities": {"url": {"urls": [{"url": "https://t.co/qmW4UFilpM", "indices": [0, 23], "expanded_url": "http://ebrombaugh.studionebula.com/", "display_url": "ebrombaugh.studionebula.com"}]}, "description": {"urls": []}}, "followers_count": 239, "profile_sidebar_border_color": "C0DEED", "id_str": "282858147", "profile_background_color": "C0DEED", "listed_count": 12, "is_translation_enabled": false, "utc_offset": -28800, "statuses_count": 2182, "description": "Wireless & Audio DSP designer", "friends_count": 87, "location": "", "profile_link_color": "1DA1F2", "profile_image_url": "http://pbs.twimg.com/profile_images/1320634338/spiral_normal.JPG", "following": false, "geo_enabled": false, "profile_banner_url": "https://pbs.twimg.com/profile_banners/282858147/1358479106", "profile_background_image_url": "http://abs.twimg.com/images/themes/theme1/bg.png", "screen_name": "ebrombaugh", "lang": "en", "profile_background_tile": false, "favourites_count": 406, "name": "Eric Brombaugh", "notifications": false, "url": "https://t.co/qmW4UFilpM", "created_at": "Sat Apr 16 02:39:21 +0000 2011", "contributors_enabled": false, "time_zone": "Pacific Time (US & Canada)", "protected": false, "default_profile": true, "is_translator": false}, "geo": null, "in_reply_to_user_id_str": null, "possibly_sensitive": false, "lang": "en", "created_at": "Mon Feb 26 02:35:20 +0000 2018", "in_reply_to_status_id_str": null, "place": null, "metadata": {"iso_language_code": "en", "result_type": "recent"}}, "user": {"follow_request_sent": false, "has_extended_profile": false, "profile_use_background_image": false, "default_profile_image": false, "id": 243342953, "profile_background_image_url_https": "https://pbs.twimg.com/profile_background_images/560736879/background-44af75a9a6070019797f6db875462d01.png", "verified": false, "translator_type": "none", "profile_text_color": "333333", "profile_image_url_https": "https://pbs.twimg.com/profile_images/2392894818/mm3mheojls2zb0zx622n_normal.png", "profile_sidebar_fill_color": "DDEEF6", "entities": {"url": {"urls": [{"url": "http://t.co/pkRbRi0PNV", "indices": [0, 22], "expanded_url": "http://oshpark.com", "display_url": "oshpark.com"}]}, "description": {"urls": []}}, "followers_count": 11625, "profile_sidebar_border_color": "C0DEED", "id_str": "243342953", "profile_background_color": "330055", "listed_count": 325, "is_translation_enabled": false, "utc_offset": null, "statuses_count": 14080, "description": "Tweets from the OSH Park Purple PCB Order.  We make your PCBs in the USA for $5 per square inch with free shipping worldwide.", "friends_count": 7671, "location": "Portland, Oregon", "profile_link_color": "2B0A41", "profile_image_url": "http://pbs.twimg.com/profile_images/2392894818/mm3mheojls2zb0zx622n_normal.png", "following": true, "geo_enabled": true, "profile_banner_url": "https://pbs.twimg.com/profile_banners/243342953/1412702872", "profile_background_image_url": "http://pbs.twimg.com/profile_background_images/560736879/background-44af75a9a6070019797f6db875462d01.png", "screen_name": "oshpark", "lang": "en", "profile_background_tile": true, "favourites_count": 18685, "name": "OSH Park", "notifications": false, "url": "http://t.co/pkRbRi0PNV", "created_at": "Wed Jan 26 21:02:33 +0000 2011", "contributors_enabled": false, "time_zone": null, "protected": false, "default_profile": false, "is_translator": false}, "geo": null, "in_reply_to_user_id_str": null, "lang": "en", "created_at": "Mon Feb 26 10:48:09 +0000 2018", "in_reply_to_status_id_str": null, "place": null, "metadata": {"iso_language_code": "en", "result_type": "recent"}}, {"contributors": null, "truncated": false, "text": "RT @ebrombaugh: Update on my iceRadio project: It's now running in a Lattice Ultra Plus FPGA that provides more resources for the additiona\u2026", "is_quote_status": false, "in_reply_to_status_id": null, "id": 968075060018864128, "favorite_count": 0, "retweeted": false, "coordinates": null, "source": "<a href=\"http://twitter.com/download/android\" rel=\"nofollow\">Twitter for Android</a>", "in_reply_to_screen_name": null, "in_reply_to_user_id": null, "retweet_count": 10, "id_str": "968075060018864128", "favorited": false, "retweeted_status": {"contributors": null, "truncated": true, "text": "Update on my iceRadio project: It's now running in a Lattice Ultra Plus FPGA that provides more resources for the a\u2026 https://t.co/0qc7Zrt9zL", "is_quote_status": false, "in_reply_to_status_id": null, "id": 967951185247219712, "favorite_count": 49, "retweeted": false, "coordinates": null, "source": "<a href=\"http://twitter.com\" rel=\"nofollow\">Twitter Web Client</a>", "in_reply_to_screen_name": null, "in_reply_to_user_id": null, "retweet_count": 10, "id_str": "967951185247219712", "favorited": false, "user": {"follow_request_sent": false, "has_extended_profile": false, "profile_use_background_image": true, "default_profile_image": false, "id": 282858147, "profile_background_image_url_https": "https://abs.twimg.com/images/themes/theme1/bg.png", "verified": false, "translator_type": "none", "profile_text_color": "333333", "profile_image_url_https": "https://pbs.twimg.com/profile_images/1320634338/spiral_normal.JPG", "profile_sidebar_fill_color": "DDEEF6", "entities": {"url": {"urls": [{"url": "https://t.co/qmW4UFilpM", "indices": [0, 23], "expanded_url": "http://ebrombaugh.studionebula.com/", "display_url": "ebrombaugh.studionebula.com"}]}, "description": {"urls": []}}, "followers_count": 239, "profile_sidebar_border_color": "C0DEED", "id_str": "282858147", "profile_background_color": "C0DEED", "listed_count": 12, "is_translation_enabled": false, "utc_offset": -28800, "statuses_count": 2182, "description": "Wireless & Audio DSP designer", "friends_count": 87, "location": "", "profile_link_color": "1DA1F2", "profile_image_url": "http://pbs.twimg.com/profile_images/1320634338/spiral_normal.JPG", "following": false, "geo_enabled": false, "profile_banner_url": "https://pbs.twimg.com/profile_banners/282858147/1358479106", "profile_background_image_url": "http://abs.twimg.com/images/themes/theme1/bg.png", "screen_name": "ebrombaugh", "lang": "en", "profile_background_tile": false, "favourites_count": 406, "name": "Eric Brombaugh", "notifications": false, "url": "https://t.co/qmW4UFilpM", "created_at": "Sat Apr 16 02:39:21 +0000 2011", "contributors_enabled": false, "time_zone": "Pacific Time (US & Canada)", "protected": false, "default_profile": true, "is_translator": false}, "geo": null, "in_reply_to_user_id_str": null, "possibly_sensitive": false, "lang": "en", "created_at": "Mon Feb 26 02:35:20 +0000 2018", "in_reply_to_status_id_str": null, "place": null, "metadata": {"iso_language_code": "en", "result_type": "recent"}}, "user": {"follow_request_sent": false, "has_extended_profile": false, "profile_use_background_image": true, "default_profile_image": false, "id": 20347305, "profile_background_image_url_https": "https://abs.twimg.com/images/themes/theme1/bg.png", "verified": false, "translator_type": "none", "profile_text_color": "333333", "profile_image_url_https": "https://pbs.twimg.com/profile_images/931354079481253888/JoiTwDN__normal.jpg", "profile_sidebar_fill_color": "DDEEF6", "entities": {"url": {"urls": [{"url": "https://t.co/UOFyRJ3nkn", "indices": [0, 23], "expanded_url": "http://plus.google.com/+DrewFustini/", "display_url": "plus.google.com/+DrewFustini/"}]}, "description": {"urls": []}}, "followers_count": 5289, "profile_sidebar_border_color": "FFFFFF", "id_str": "20347305", "profile_background_color": "C0DEED", "listed_count": 392, "is_translation_enabled": false, "utc_offset": -21600, "statuses_count": 33804, "description": "Open Source Hardware designer at @OSHPark. Board member @BeagleBoardOrg Foundation. Maintainer of @Adafruit BeagleBone Python library. \ud83d\udc9c\u00a0@EFF @OHSummit @LWNnet", "friends_count": 5352, "location": "Chicago, IL", "profile_link_color": "0084B4", "profile_image_url": "http://pbs.twimg.com/profile_images/931354079481253888/JoiTwDN__normal.jpg", "following": true, "geo_enabled": true, "profile_banner_url": "https://pbs.twimg.com/profile_banners/20347305/1510889883", "profile_background_image_url": "http://abs.twimg.com/images/themes/theme1/bg.png", "screen_name": "pdp7", "lang": "en", "profile_background_tile": false, "favourites_count": 37047, "name": "Drew Fustini", "notifications": false, "url": "https://t.co/UOFyRJ3nkn", "created_at": "Sun Feb 08 02:25:53 +0000 2009", "contributors_enabled": false, "time_zone": "Central Time (US & Canada)", "protected": false, "default_profile": false, "is_translator": false}, "geo": null, "in_reply_to_user_id_str": null, "lang": "en", "created_at": "Mon Feb 26 10:47:34 +0000 2018", "in_reply_to_status_id_str": null, "place": null, "metadata": {"iso_language_code": "en", "result_type": "recent"}}, {"contributors": null, "truncated": false, "text": "RT @ebrombaugh: Update on my iceRadio project: It's now running in a Lattice Ultra Plus FPGA that provides more resources for the additiona\u2026", "is_quote_status": false, "in_reply_to_status_id": null, "id": 968039139244359680, "favorite_count": 0, "retweeted": false, "coordinates": null, "source": "<a href=\"http://twitter.com\" rel=\"nofollow\">Twitter Web Client</a>", "in_reply_to_screen_name": null, "in_reply_to_user_id": null, "retweet_count": 10, "id_str": "968039139244359680", "favorited": false, "retweeted_status": {"contributors": null, "truncated": true, "text": "Update on my iceRadio project: It's now running in a Lattice Ultra Plus FPGA that provides more resources for the a\u2026 https://t.co/0qc7Zrt9zL", "is_quote_status": false, "in_reply_to_status_id": null, "id": 967951185247219712, "favorite_count": 49, "retweeted": false, "coordinates": null, "source": "<a href=\"http://twitter.com\" rel=\"nofollow\">Twitter Web Client</a>", "in_reply_to_screen_name": null, "in_reply_to_user_id": null, "retweet_count": 10, "id_str": "967951185247219712", "favorited": false, "user": {"follow_request_sent": false, "has_extended_profile": false, "profile_use_background_image": true, "default_profile_image": false, "id": 282858147, "profile_background_image_url_https": "https://abs.twimg.com/images/themes/theme1/bg.png", "verified": false, "translator_type": "none", "profile_text_color": "333333", "profile_image_url_https": "https://pbs.twimg.com/profile_images/1320634338/spiral_normal.JPG", "profile_sidebar_fill_color": "DDEEF6", "entities": {"url": {"urls": [{"url": "https://t.co/qmW4UFilpM", "indices": [0, 23], "expanded_url": "http://ebrombaugh.studionebula.com/", "display_url": "ebrombaugh.studionebula.com"}]}, "description": {"urls": []}}, "followers_count": 239, "profile_sidebar_border_color": "C0DEED", "id_str": "282858147", "profile_background_color": "C0DEED", "listed_count": 12, "is_translation_enabled": false, "utc_offset": -28800, "statuses_count": 2182, "description": "Wireless & Audio DSP designer", "friends_count": 87, "location": "", "profile_link_color": "1DA1F2", "profile_image_url": "http://pbs.twimg.com/profile_images/1320634338/spiral_normal.JPG", "following": false, "geo_enabled": false, "profile_banner_url": "https://pbs.twimg.com/profile_banners/282858147/1358479106", "profile_background_image_url": "http://abs.twimg.com/images/themes/theme1/bg.png", "screen_name": "ebrombaugh", "lang": "en", "profile_background_tile": false, "favourites_count": 406, "name": "Eric Brombaugh", "notifications": false, "url": "https://t.co/qmW4UFilpM", "created_at": "Sat Apr 16 02:39:21 +0000 2011", "contributors_enabled": false, "time_zone": "Pacific Time (US & Canada)", "protected": false, "default_profile": true, "is_translator": false}, "geo": null, "in_reply_to_user_id_str": null, "possibly_sensitive": false, "lang": "en", "created_at": "Mon Feb 26 02:35:20 +0000 2018", "in_reply_to_status_id_str": null, "place": null, "metadata": {"iso_language_code": "en", "result_type": "recent"}}, "user": {"follow_request_sent": false, "has_extended_profile": false, "profile_use_background_image": false, "default_profile_image": false, "id": 14159640, "profile_background_image_url_https": "https://abs.twimg.com/images/themes/theme1/bg.png", "verified": false, "translator_type": "none", "profile_text_color": "000000", "profile_image_url_https": "https://pbs.twimg.com/profile_images/875591045077114880/uaReijkQ_normal.jpg", "profile_sidebar_fill_color": "000000", "entities": {"url": {"urls": [{"url": "https://t.co/b6l6V7QMkv", "indices": [0, 23], "expanded_url": "http://1bitsquared.com", "display_url": "1bitsquared.com"}]}, "description": {"urls": [{"url": "https://t.co/slOfKQQY6T", "indices": [24, 47], "expanded_url": "http://1bit2.com", "display_url": "1bit2.com"}, {"url": "https://t.co/2K5qN5Sri0", "indices": [70, 93], "expanded_url": "http://black-magic.org", "display_url": "black-magic.org"}, {"url": "https://t.co/L3OIVmx8mN", "indices": [94, 117], "expanded_url": "http://1bitsy.org", "display_url": "1bitsy.org"}, {"url": "https://t.co/tClWvATImR", "indices": [136, 159], "expanded_url": "http://youtube.com/user/esdentem", "display_url": "youtube.com/user/esdentem"}]}}, "followers_count": 2047, "profile_sidebar_border_color": "000000", "id_str": "14159640", "profile_background_color": "000000", "listed_count": 87, "is_translation_enabled": false, "utc_offset": -28800, "statuses_count": 7799, "description": "Founder of @1BitSquared https://t.co/slOfKQQY6T Embedded Systems Eng. https://t.co/2K5qN5Sri0 https://t.co/L3OIVmx8mN @paparazziuav YT: https://t.co/tClWvATImR", "friends_count": 1180, "location": "Eugene, OR; Ingolstadt, DE; Warszawa, PL", "profile_link_color": "262B2F", "profile_image_url": "http://pbs.twimg.com/profile_images/875591045077114880/uaReijkQ_normal.jpg", "following": false, "geo_enabled": false, "profile_background_image_url": "http://abs.twimg.com/images/themes/theme1/bg.png", "screen_name": "esden", "lang": "en", "profile_background_tile": false, "favourites_count": 13488, "name": "Piotr Esden-Tempski", "notifications": false, "url": "https://t.co/b6l6V7QMkv", "created_at": "Sun Mar 16 21:55:24 +0000 2008", "contributors_enabled": false, "time_zone": "Pacific Time (US & Canada)", "protected": false, "default_profile": false, "is_translator": false}, "geo": null, "in_reply_to_user_id_str": null, "lang": "en", "created_at": "Mon Feb 26 08:24:50 +0000 2018", "in_reply_to_status_id_str": null, "place": null, "metadata": {"iso_language_code": "en", "result_type": "recent"}}, {"contributors": null, "truncated": false, "text": "RT @ebrombaugh: Update on my iceRadio project: It's now running in a Lattice Ultra Plus FPGA that provides more resources for the additiona\u2026", "is_quote_status": false, "in_reply_to_status_id": null, "id": 968035638879629313, "favorite_count": 0, "retweeted": false, "coordinates": null, "source": "<a href=\"http://twitter.com\" rel=\"nofollow\">Twitter Web Client</a>", "in_reply_to_screen_name": null, "in_reply_to_user_id": null, "retweet_count": 10, "id_str": "968035638879629313", "favorited": false, "retweeted_status": {"contributors": null, "truncated": true, "text": "Update on my iceRadio project: It's now running in a Lattice Ultra Plus FPGA that provides more resources for the a\u2026 https://t.co/0qc7Zrt9zL", "is_quote_status": false, "in_reply_to_status_id": null, "id": 967951185247219712, "favorite_count": 49, "retweeted": false, "coordinates": null, "source": "<a href=\"http://twitter.com\" rel=\"nofollow\">Twitter Web Client</a>", "in_reply_to_screen_name": null, "in_reply_to_user_id": null, "retweet_count": 10, "id_str": "967951185247219712", "favorited": false, "user": {"follow_request_sent": false, "has_extended_profile": false, "profile_use_background_image": true, "default_profile_image": false, "id": 282858147, "profile_background_image_url_https": "https://abs.twimg.com/images/themes/theme1/bg.png", "verified": false, "translator_type": "none", "profile_text_color": "333333", "profile_image_url_https": "https://pbs.twimg.com/profile_images/1320634338/spiral_normal.JPG", "profile_sidebar_fill_color": "DDEEF6", "entities": {"url": {"urls": [{"url": "https://t.co/qmW4UFilpM", "indices": [0, 23], "expanded_url": "http://ebrombaugh.studionebula.com/", "display_url": "ebrombaugh.studionebula.com"}]}, "description": {"urls": []}}, "followers_count": 239, "profile_sidebar_border_color": "C0DEED", "id_str": "282858147", "profile_background_color": "C0DEED", "listed_count": 12, "is_translation_enabled": false, "utc_offset": -28800, "statuses_count": 2182, "description": "Wireless & Audio DSP designer", "friends_count": 87, "location": "", "profile_link_color": "1DA1F2", "profile_image_url": "http://pbs.twimg.com/profile_images/1320634338/spiral_normal.JPG", "following": false, "geo_enabled": false, "profile_banner_url": "https://pbs.twimg.com/profile_banners/282858147/1358479106", "profile_background_image_url": "http://abs.twimg.com/images/themes/theme1/bg.png", "screen_name": "ebrombaugh", "lang": "en", "profile_background_tile": false, "favourites_count": 406, "name": "Eric Brombaugh", "notifications": false, "url": "https://t.co/qmW4UFilpM", "created_at": "Sat Apr 16 02:39:21 +0000 2011", "contributors_enabled": false, "time_zone": "Pacific Time (US & Canada)", "protected": false, "default_profile": true, "is_translator": false}, "geo": null, "in_reply_to_user_id_str": null, "possibly_sensitive": false, "lang": "en", "created_at": "Mon Feb 26 02:35:20 +0000 2018", "in_reply_to_status_id_str": null, "place": null, "metadata": {"iso_language_code": "en", "result_type": "recent"}}, "user": {"follow_request_sent": false, "has_extended_profile": false, "profile_use_background_image": true, "default_profile_image": false, "id": 805758, "profile_background_image_url_https": "https://abs.twimg.com/images/themes/theme14/bg.gif", "verified": false, "translator_type": "none", "profile_text_color": "333333", "profile_image_url_https": "https://pbs.twimg.com/profile_images/718343925/me-17-4-09_normal.jpg", "profile_sidebar_fill_color": "EFEFEF", "entities": {"url": {"urls": [{"url": "http://t.co/gLJFyuxXL4", "indices": [0, 22], "expanded_url": "http://folknologylabs.wordpress.com/", "display_url": "folknologylabs.wordpress.com"}]}, "description": {"urls": []}}, "followers_count": 1371, "profile_sidebar_border_color": "EEEEEE", "id_str": "805758", "profile_background_color": "131516", "listed_count": 80, "is_translation_enabled": false, "utc_offset": 0, "statuses_count": 9272, "description": "Engineer of opensource hardware & software, practitioner of robotics, ML & embedded electronics, speaker of technologies & bit wrangler XC,C,Verilog, Python...", "friends_count": 937, "location": "UK", "profile_link_color": "009999", "profile_image_url": "http://pbs.twimg.com/profile_images/718343925/me-17-4-09_normal.jpg", "following": false, "geo_enabled": true, "profile_banner_url": "https://pbs.twimg.com/profile_banners/805758/1399036064", "profile_background_image_url": "http://abs.twimg.com/images/themes/theme14/bg.gif", "screen_name": "folknology", "lang": "en-gb", "profile_background_tile": true, "favourites_count": 672, "name": "Al", "notifications": false, "url": "http://t.co/gLJFyuxXL4", "created_at": "Fri Mar 02 09:11:32 +0000 2007", "contributors_enabled": false, "time_zone": "London", "protected": false, "default_profile": false, "is_translator": false}, "geo": null, "in_reply_to_user_id_str": null, "lang": "en", "created_at": "Mon Feb 26 08:10:56 +0000 2018", "in_reply_to_status_id_str": null, "place": null, "metadata": {"iso_language_code": "en", "result_type": "recent"}}, {"contributors": null, "truncated": false, "text": "RT @ebrombaugh: Update on my iceRadio project: It's now running in a Lattice Ultra Plus FPGA that provides more resources for the additiona\u2026", "is_quote_status": false, "in_reply_to_status_id": null, "id": 968026500980146176, "favorite_count": 0, "retweeted": false, "coordinates": null, "source": "<a href=\"https://mobile.twitter.com\" rel=\"nofollow\">Twitter Lite</a>", "in_reply_to_screen_name": null, "in_reply_to_user_id": null, "retweet_count": 10, "id_str": "968026500980146176", "favorited": false, "retweeted_status": {"contributors": null, "truncated": true, "text": "Update on my iceRadio project: It's now running in a Lattice Ultra Plus FPGA that provides more resources for the a\u2026 https://t.co/0qc7Zrt9zL", "is_quote_status": false, "in_reply_to_status_id": null, "id": 967951185247219712, "favorite_count": 49, "retweeted": false, "coordinates": null, "source": "<a href=\"http://twitter.com\" rel=\"nofollow\">Twitter Web Client</a>", "in_reply_to_screen_name": null, "in_reply_to_user_id": null, "retweet_count": 10, "id_str": "967951185247219712", "favorited": false, "user": {"follow_request_sent": false, "has_extended_profile": false, "profile_use_background_image": true, "default_profile_image": false, "id": 282858147, "profile_background_image_url_https": "https://abs.twimg.com/images/themes/theme1/bg.png", "verified": false, "translator_type": "none", "profile_text_color": "333333", "profile_image_url_https": "https://pbs.twimg.com/profile_images/1320634338/spiral_normal.JPG", "profile_sidebar_fill_color": "DDEEF6", "entities": {"url": {"urls": [{"url": "https://t.co/qmW4UFilpM", "indices": [0, 23], "expanded_url": "http://ebrombaugh.studionebula.com/", "display_url": "ebrombaugh.studionebula.com"}]}, "description": {"urls": []}}, "followers_count": 239, "profile_sidebar_border_color": "C0DEED", "id_str": "282858147", "profile_background_color": "C0DEED", "listed_count": 12, "is_translation_enabled": false, "utc_offset": -28800, "statuses_count": 2182, "description": "Wireless & Audio DSP designer", "friends_count": 87, "location": "", "profile_link_color": "1DA1F2", "profile_image_url": "http://pbs.twimg.com/profile_images/1320634338/spiral_normal.JPG", "following": false, "geo_enabled": false, "profile_banner_url": "https://pbs.twimg.com/profile_banners/282858147/1358479106", "profile_background_image_url": "http://abs.twimg.com/images/themes/theme1/bg.png", "screen_name": "ebrombaugh", "lang": "en", "profile_background_tile": false, "favourites_count": 406, "name": "Eric Brombaugh", "notifications": false, "url": "https://t.co/qmW4UFilpM", "created_at": "Sat Apr 16 02:39:21 +0000 2011", "contributors_enabled": false, "time_zone": "Pacific Time (US & Canada)", "protected": false, "default_profile": true, "is_translator": false}, "geo": null, "in_reply_to_user_id_str": null, "possibly_sensitive": false, "lang": "en", "created_at": "Mon Feb 26 02:35:20 +0000 2018", "in_reply_to_status_id_str": null, "place": null, "metadata": {"iso_language_code": "en", "result_type": "recent"}}, "user": {"follow_request_sent": false, "has_extended_profile": false, "profile_use_background_image": true, "default_profile_image": false, "id": 19602951, "profile_background_image_url_https": "https://abs.twimg.com/images/themes/theme6/bg.gif", "verified": false, "translator_type": "none", "profile_text_color": "333333", "profile_image_url_https": "https://pbs.twimg.com/profile_images/540239013/profilepic_normal.jpg", "profile_sidebar_fill_color": "A0C5C7", "entities": {"url": {"urls": [{"url": "http://t.co/Hn1WLmMr1j", "indices": [0, 22], "expanded_url": "http://www.mattvenn.net", "display_url": "mattvenn.net"}]}, "description": {"urls": []}}, "followers_count": 735, "profile_sidebar_border_color": "86A4A6", "id_str": "19602951", "profile_background_color": "709397", "listed_count": 35, "is_translation_enabled": false, "utc_offset": null, "statuses_count": 3337, "description": "engineer and educator.", "friends_count": 573, "location": "Valencia, Spain", "profile_link_color": "FF3300", "profile_image_url": "http://pbs.twimg.com/profile_images/540239013/profilepic_normal.jpg", "following": false, "geo_enabled": false, "profile_background_image_url": "http://abs.twimg.com/images/themes/theme6/bg.gif", "screen_name": "matthewvenn", "lang": "en", "profile_background_tile": false, "favourites_count": 252, "name": "matthew venn", "notifications": false, "url": "http://t.co/Hn1WLmMr1j", "created_at": "Tue Jan 27 17:24:22 +0000 2009", "contributors_enabled": false, "time_zone": null, "protected": false, "default_profile": false, "is_translator": false}, "geo": null, "in_reply_to_user_id_str": null, "lang": "en", "created_at": "Mon Feb 26 07:34:37 +0000 2018", "in_reply_to_status_id_str": null, "place": null, "metadata": {"iso_language_code": "en", "result_type": "recent"}}, {"contributors": null, "truncated": false, "text": "RT @ebrombaugh: Update on my iceRadio project: It's now running in a Lattice Ultra Plus FPGA that provides more resources for the additiona\u2026", "is_quote_status": false, "in_reply_to_status_id": null, "id": 968012582899634177, "favorite_count": 0, "retweeted": false, "coordinates": null, "source": "<a href=\"http://twitter.com\" rel=\"nofollow\">Twitter Web Client</a>", "in_reply_to_screen_name": null, "in_reply_to_user_id": null, "retweet_count": 10, "id_str": "968012582899634177", "favorited": false, "retweeted_status": {"contributors": null, "truncated": true, "text": "Update on my iceRadio project: It's now running in a Lattice Ultra Plus FPGA that provides more resources for the a\u2026 https://t.co/0qc7Zrt9zL", "is_quote_status": false, "in_reply_to_status_id": null, "id": 967951185247219712, "favorite_count": 49, "retweeted": false, "coordinates": null, "source": "<a href=\"http://twitter.com\" rel=\"nofollow\">Twitter Web Client</a>", "in_reply_to_screen_name": null, "in_reply_to_user_id": null, "retweet_count": 10, "id_str": "967951185247219712", "favorited": false, "user": {"follow_request_sent": false, "has_extended_profile": false, "profile_use_background_image": true, "default_profile_image": false, "id": 282858147, "profile_background_image_url_https": "https://abs.twimg.com/images/themes/theme1/bg.png", "verified": false, "translator_type": "none", "profile_text_color": "333333", "profile_image_url_https": "https://pbs.twimg.com/profile_images/1320634338/spiral_normal.JPG", "profile_sidebar_fill_color": "DDEEF6", "entities": {"url": {"urls": [{"url": "https://t.co/qmW4UFilpM", "indices": [0, 23], "expanded_url": "http://ebrombaugh.studionebula.com/", "display_url": "ebrombaugh.studionebula.com"}]}, "description": {"urls": []}}, "followers_count": 239, "profile_sidebar_border_color": "C0DEED", "id_str": "282858147", "profile_background_color": "C0DEED", "listed_count": 12, "is_translation_enabled": false, "utc_offset": -28800, "statuses_count": 2182, "description": "Wireless & Audio DSP designer", "friends_count": 87, "location": "", "profile_link_color": "1DA1F2", "profile_image_url": "http://pbs.twimg.com/profile_images/1320634338/spiral_normal.JPG", "following": false, "geo_enabled": false, "profile_banner_url": "https://pbs.twimg.com/profile_banners/282858147/1358479106", "profile_background_image_url": "http://abs.twimg.com/images/themes/theme1/bg.png", "screen_name": "ebrombaugh", "lang": "en", "profile_background_tile": false, "favourites_count": 406, "name": "Eric Brombaugh", "notifications": false, "url": "https://t.co/qmW4UFilpM", "created_at": "Sat Apr 16 02:39:21 +0000 2011", "contributors_enabled": false, "time_zone": "Pacific Time (US & Canada)", "protected": false, "default_profile": true, "is_translator": false}, "geo": null, "in_reply_to_user_id_str": null, "possibly_sensitive": false, "lang": "en", "created_at": "Mon Feb 26 02:35:20 +0000 2018", "in_reply_to_status_id_str": null, "place": null, "metadata": {"iso_language_code": "en", "result_type": "recent"}}, "user": {"follow_request_sent": false, "has_extended_profile": false, "profile_use_background_image": true, "default_profile_image": false, "id": 4784087996, "profile_background_image_url_https": "https://pbs.twimg.com/profile_background_images/689465172780408834/Uc1lwU-E.png", "verified": false, "translator_type": "none", "profile_text_color": "000000", "profile_image_url_https": "https://pbs.twimg.com/profile_images/689460000461221892/2qwdiB1o_normal.png", "profile_sidebar_fill_color": "000000", "entities": {"url": {"urls": [{"url": "https://t.co/maMK0lZDrN", "indices": [0, 23], "expanded_url": "http://www.icoboard.org", "display_url": "icoboard.org"}]}, "description": {"urls": []}}, "followers_count": 1502, "profile_sidebar_border_color": "000000", "id_str": "4784087996", "profile_background_color": "000000", "listed_count": 59, "is_translation_enabled": false, "utc_offset": 3600, "statuses_count": 5948, "description": "News about Yosys, ArachnePnR, icetools, SymbiFlow, SymbiYosys. Open Source FPGA tools for Lattice-ice40 and Xilinx-Series7 FPGAs  and boards.", "friends_count": 386, "location": "", "profile_link_color": "DD2E44", "profile_image_url": "http://pbs.twimg.com/profile_images/689460000461221892/2qwdiB1o_normal.png", "following": true, "geo_enabled": false, "profile_banner_url": "https://pbs.twimg.com/profile_banners/4784087996/1453216123", "profile_background_image_url": "http://pbs.twimg.com/profile_background_images/689465172780408834/Uc1lwU-E.png", "screen_name": "ico_TC", "lang": "de", "profile_background_tile": true, "favourites_count": 412, "name": "icoTC @EmbeddedWorld", "notifications": false, "url": "https://t.co/maMK0lZDrN", "created_at": "Tue Jan 19 14:42:43 +0000 2016", "contributors_enabled": false, "time_zone": "Vienna", "protected": false, "default_profile": false, "is_translator": false}, "geo": null, "in_reply_to_user_id_str": null, "lang": "en", "created_at": "Mon Feb 26 06:39:19 +0000 2018", "in_reply_to_status_id_str": null, "place": null, "metadata": {"iso_language_code": "en", "result_type": "recent"}}, {"contributors": null, "truncated": true, "text": "Update on my iceRadio project: It's now running in a Lattice Ultra Plus FPGA that provides more resources for the a\u2026 https://t.co/0qc7Zrt9zL", "is_quote_status": false, "in_reply_to_status_id": null, "id": 967951185247219712, "favorite_count": 49, "retweeted": false, "coordinates": null, "source": "<a href=\"http://twitter.com\" rel=\"nofollow\">Twitter Web Client</a>", "in_reply_to_screen_name": null, "in_reply_to_user_id": null, "retweet_count": 10, "id_str": "967951185247219712", "favorited": false, "user": {"follow_request_sent": false, "has_extended_profile": false, "profile_use_background_image": true, "default_profile_image": false, "id": 282858147, "profile_background_image_url_https": "https://abs.twimg.com/images/themes/theme1/bg.png", "verified": false, "translator_type": "none", "profile_text_color": "333333", "profile_image_url_https": "https://pbs.twimg.com/profile_images/1320634338/spiral_normal.JPG", "profile_sidebar_fill_color": "DDEEF6", "entities": {"url": {"urls": [{"url": "https://t.co/qmW4UFilpM", "indices": [0, 23], "expanded_url": "http://ebrombaugh.studionebula.com/", "display_url": "ebrombaugh.studionebula.com"}]}, "description": {"urls": []}}, "followers_count": 239, "profile_sidebar_border_color": "C0DEED", "id_str": "282858147", "profile_background_color": "C0DEED", "listed_count": 12, "is_translation_enabled": false, "utc_offset": -28800, "statuses_count": 2182, "description": "Wireless & Audio DSP designer", "friends_count": 87, "location": "", "profile_link_color": "1DA1F2", "profile_image_url": "http://pbs.twimg.com/profile_images/1320634338/spiral_normal.JPG", "following": false, "geo_enabled": false, "profile_banner_url": "https://pbs.twimg.com/profile_banners/282858147/1358479106", "profile_background_image_url": "http://abs.twimg.com/images/themes/theme1/bg.png", "screen_name": "ebrombaugh", "lang": "en", "profile_background_tile": false, "favourites_count": 406, "name": "Eric Brombaugh", "notifications": false, "url": "https://t.co/qmW4UFilpM", "created_at": "Sat Apr 16 02:39:21 +0000 2011", "contributors_enabled": false, "time_zone": "Pacific Time (US & Canada)", "protected": false, "default_profile": true, "is_translator": false}, "geo": null, "in_reply_to_user_id_str": null, "possibly_sensitive": false, "lang": "en", "created_at": "Mon Feb 26 02:35:20 +0000 2018", "in_reply_to_status_id_str": null, "place": null, "metadata": {"iso_language_code": "en", "result_type": "recent"}}]}